-0.196590163335436,-0.196199134936756,-0.195449160912801,-0.195251122392538,-0.19466762824468,-0.194039321396512,-0.192818783423485,-0.192495323500311,-0.191335299111154,-0.190321862127524,-0.188715789323618,-0.187126274479168,-0.185467521380142,-0.182999734718714,-0.180352188970901,-0.178062800181109,-0.174122375869527,-0.170793368422946,-0.166469779316129,-0.161554300841289,-0.155843854668957,-0.149426367187255,-0.142516381485454,-0.135033223423422,-0.126037265731513,-0.116866346458627,-0.106684181419368,-0.0955766005316103,-0.0840350654248201,-0.0721517445835087,-0.0595580723518511,-0.0475945574187819,-0.0356999788593062,-0.0247891154003881,-0.0141913518846874,-0.00554523142014197,0.00192289201042634,0.00784498584755561,0.0122686152728724,0.0147589185506333,0.0166747473206156,0.017560423699991,0.0184445761186466,0.0184506180867198,0.0185038557382452,0.0179250853579717,0.0184288344652015,0.0183615854887884,0.0184435166526477,0.0183697051126191,0.018338245722636,0.0182673335095145,0.0181373466729558,0.0179589729505891,0.0178789197277655,0.0181679377207499,0.0178296961119309,0.0174987031936979,0.0172375898859976,0.0176544258690731,0.0172647681526312,0.0171682493056375,0.0169752286409868,0.016602586876778,0.0157709503419702,0.015818801782068,0.0155902765647528,0.0149401470316031,0.0145175750778379,0.0134965322957058,0.0128848843106182,0.0117302363409139,0.0108412107955356,0.00981108540109339,0.00872959311845128,0.00708896372587814,0.00518132392018069,0.00371195743262796,0.00170920261226742,-0.000603874799730046,-0.00253442870204563,-0.00492602926705828,-0.00747193470345108,-0.00979900899246623,-0.0121606607911268,-0.0146065134865663,-0.0163673443036128,-0.0176789810780273,-0.0190565142941782,-0.0201482772560979,-0.0202605450367422,-0.0193461725537696,-0.01854331255995,-0.0173582049810996,-0.0157237101393664,-0.0136906179696224,-0.0114330471985153,-0.00913422779762081,-0.00773357489669848,-0.00573274803519888,-0.00437930716642539,-0.00323319619311231,-0.00216661616793088,-0.00129690687800449,-0.000721811836954208,-0.000322656897117158,-0.000160779879042115,-0.00012017925529742,-0.000171689450426977,2.19244571307344e-05,7.96019322085221e-05,0.000235268077930197,-0.00018549291817238,2.78873797160505e-06,-0.000124346556625482,-7.54451649061717e-05,-3.56987629894696e-05,0.000219534475638818,-0.000111856569000695,-0.000204235628784085,-0.000103269732887935
-0.20358965282009,-0.203125588402648,-0.202820691834782,-0.202420661341642,-0.201441336253227,-0.201076587528419,-0.199836725377828,-0.198923095375048,-0.198063687708557,-0.196618693031896,-0.195095621045408,-0.193299054478288,-0.191808020180407,-0.18923214478012,-0.186806445627196,-0.18370512184975,-0.180227567039428,-0.176727533605678,-0.171877198266474,-0.166706974762854,-0.160961476022852,-0.154536205240209,-0.147067820337855,-0.139232460273874,-0.130081098019934,-0.120161557313446,-0.109643592550378,-0.098183390944692,-0.0863423604195378,-0.0733368840727119,-0.0607199469411605,-0.0483714184403578,-0.0354591626234511,-0.024058383306464,-0.0133827625349694,-0.00397377716899937,0.00337967416621824,0.00936408686810155,0.0138420089164907,0.0171106048333612,0.0188570972983287,0.0201529738643798,0.0207941047427692,0.0208762310346224,0.0206050671571483,0.021001944037236,0.0209710369963784,0.0204611520859292,0.0208780600982984,0.021009450133003,0.0205690760186416,0.0203473552545228,0.0205201930279148,0.0206034077429227,0.0202137463100899,0.0200447346130523,0.020161341298635,0.0200701326948833,0.0199770100384584,0.0195502635575533,0.0195760482234121,0.0191390640757535,0.0191214875959685,0.0185589004171916,0.0183928031784825,0.0179088713674993,0.0170988672600093,0.0170339136508132,0.0162279325886075,0.0154335609933742,0.0143852960730037,0.0132392377988928,0.012628906975567,0.0111768799930073,0.00959829568822994,0.0084181039184506,0.00651936617791926,0.0046102988419378,0.00222445798502667,4.47238949702757e-05,-0.00271689576097633,-0.0049364927856332,-0.00758458708707864,-0.0101025059913715,-0.0125452728410876,-0.0154143989576825,-0.0172234787410262,-0.0189498704409737,-0.0201085484021558,-0.020813612267771,-0.0214857899700935,-0.0206174638751779,-0.019752871735261,-0.0189086023763232,-0.0166121845477627,-0.014876324566519,-0.0125591392064867,-0.0105627249211035,-0.00824824269473659,-0.00648614025820252,-0.00443691517673167,-0.00320914325245896,-0.00224679551120063,-0.00129893401287906,-0.00057800307134995,-0.000209453629404344,-0.000376346622392506,-2.69859764317499e-05,-0.000286609688529988,0.000130794484665462,0.000193156006852783,0.000104225350783108,0.000121129219466726,-0.00013196420616727,-3.87262335153837e-05,-2.75277902693754e-05,-5.81692431550461e-05,-0.000177630479330768,-1.65671057574496e-06,-6.77798514208635e-05,-0.000222192039848877
-0.207611518785573,-0.207317778828024,-0.206646335365488,-0.206410113949227,-0.205657465012628,-0.20532141485247,-0.204158483799564,-0.203235697312026,-0.201894572394381,-0.20071469337847,-0.19904213373699,-0.197624627399036,-0.195378961084054,-0.193459087845725,-0.190419104093917,-0.187573366922268,-0.183884124473897,-0.179848441525121,-0.175270199074816,-0.169765064931263,-0.16405590545337,-0.157450499218069,-0.149953740429283,-0.14145794611611,-0.131966743727899,-0.121953004085631,-0.110978238127729,-0.0993001529808369,-0.086795747895929,-0.0742089564200649,-0.0607929086631916,-0.0478000541613949,-0.0350629800011689,-0.0228004417193043,-0.0115929912433747,-0.00238971140683083,0.00506591383736522,0.0117495907992403,0.0166471616392708,0.0192428930485702,0.0214744102922977,0.0226880126796647,0.0228518315209778,0.0235596878081825,0.0230705724038751,0.0234316333174838,0.0234103122349281,0.0231113055529855,0.0232442533570818,0.0232533447619524,0.0230366145407641,0.0230111039023323,0.0230304118454744,0.0228205595175358,0.0227584289993095,0.0227759108225264,0.0224243434549531,0.0224668722200831,0.0223307265443879,0.021798467707299,0.0216715704536684,0.0215275326926574,0.0214593577885868,0.0211868573756558,0.0204054607661703,0.0201396130499621,0.0197940314207085,0.0187565621856093,0.018010607312398,0.0177016432421582,0.0161904675068403,0.0156820994062305,0.0142638667534604,0.0129886822186048,0.0111732610455798,0.00932620596944842,0.00751620254813398,0.00556347237818991,0.0033477816605188,0.000774410551792245,-0.00192907565499761,-0.0047344690502684,-0.00742139248223851,-0.0104037352437525,-0.0130892846631249,-0.0161228318411926,-0.018185950137238,-0.0202881538390311,-0.0215252932407558,-0.0225295682915122,-0.0226747426746627,-0.0224472344431324,-0.020998971161208,-0.0199076896321517,-0.0177471305470735,-0.0160247263509481,-0.0134092761511713,-0.0108059832933718,-0.00898782476854704,-0.00676244912219084,-0.00497490229064965,-0.00359314020035879,-0.00210808678571417,-0.00118768729824689,-0.000697687571183389,-0.0004274706824596,-0.000424893736730734,-0.000175352596375796,-0.000273301408846801,7.92799209118312e-05,0.000113476010960931,-0.000241084972588259,-8.20424301109285e-05,4.95320815685082e-05,-0.00017180427844787,9.49247043678971e-05,-0.000184826586439749,3.59263108699654e-05,-0.000350392533979285,-9.60861386092431e-05,-5.77033182233386e-06
-0.209080349684414,-0.208513610330895,-0.208135276816871,-0.207653006942254,-0.206748289491917,-0.206234217685503,-0.205472864120541,-0.204244089181439,-0.203247782698114,-0.202049439244707,-0.200625280928521,-0.198629219214724,-0.196710546113126,-0.194315481843319,-0.191544572013785,-0.188107901671821,-0.184505804050563,-0.180467682876101,-0.176054941598123,-0.170572194140455,-0.164207372769113,-0.157794105847177,-0.150096525723316,-0.141497316350762,-0.131995230805058,-0.121803577661263,-0.110718787250151,-0.0982748142365639,-0.0860999475160794,-0.0732208151819271,-0.0595780724842946,-0.0462725731601987,-0.0331375143597626,-0.0214510952508234,-0.00974949283859051,-4.35988838714403e-05,0.00756690844879183,0.0140512424745701,0.0189705253753809,0.0219717388325775,0.0235201019185912,0.0248376300449647,0.0255887240329748,0.0254796659390606,0.0260027778289395,0.0257138419570825,0.0257109436747667,0.0256622263217019,0.0260915075067662,0.0255926815477837,0.0254325974883279,0.0255182695459393,0.0253028976266231,0.0254502289793115,0.0254230542497785,0.0252324798976758,0.0250996999799483,0.0250412369253899,0.0249013912884571,0.0245179693890762,0.0241232887451751,0.0239892053065069,0.0236853393052657,0.023182815120089,0.0229965941908799,0.0225587304637675,0.0216628911750477,0.0212534222935629,0.0206604748408746,0.0194183379164501,0.0187698883738943,0.0178037749381684,0.0159458034724066,0.0144600301069021,0.012779807775022,0.0107082970061232,0.00915883857313372,0.00642919165677618,0.00438109726548128,0.00160179353963013,-0.0013502164498138,-0.00441778841182246,-0.00767727370918861,-0.0106567046306,-0.0137747673782201,-0.0167475013841216,-0.018947729834403,-0.0209295171970287,-0.022645095573129,-0.0236909282840488,-0.0237662567400019,-0.0235607979145836,-0.0224304317491178,-0.0209734507771926,-0.0191147176081998,-0.0165685041381728,-0.0141845906780892,-0.0115443771069646,-0.00926667730238153,-0.00705056594422655,-0.00528125687515252,-0.00368451826593859,-0.00225989030176635,-0.00120936827956263,-0.000631342035828479,-0.00016407447644558,-0.000481484510784463,0.000275382986402257,0.000247329552894837,-0.000117271673479216,-2.22369969899843e-05,5.81116814888745e-05,0.000401794238119687,-0.000289996443696432,-0.000109447042742596,8.77762858734202e-05,3.52788753104863e-05,0.000177502970242643,-2.85984832421375e-05,2.48490512572358e-05,-0.000181564296428565
-0.20699856301488,-0.206835800390014,-0.206596509115647,-0.205669801342587,-0.205112522005053,-0.204570036514007,-0.203643508839001,-0.202837880737289,-0.201520484344887,-0.200233677292862,-0.198557655973654,-0.196770706914747,-0.194963046840775,-0.192304824618021,-0.189683782991555,-0.186437246274531,-0.182679333612535,-0.178939338466622,-0.174329112601596,-0.168777717386297,-0.162731224306873,-0.155751606683187,-0.147967518978952,-0.139427715252808,-0.130052877307373,-0.11974248328692,-0.108658294236743,-0.0966963801417941,-0.0841192979625097,-0.0705802449582983,-0.0571855773744706,-0.0437997484863103,-0.0306320084986744,-0.0186908700385337,-0.00763255599996498,0.00271660283223476,0.0100855910561051,0.0165649364754369,0.0209774276790287,0.0246328788842153,0.0262358862429326,0.0276141484453558,0.0284987472918952,0.0284324566346643,0.0284854210546272,0.0284441016674334,0.0283992992161069,0.0285479696400424,0.0287564887764128,0.0286378767561452,0.028705173508865,0.0284522427026596,0.0282644672283152,0.0279947127729349,0.0280702784081512,0.0279990423184037,0.0276446987206575,0.0277837024923172,0.0279329413516846,0.0273633049637732,0.0269015902528283,0.0265439870136441,0.0263502898700633,0.0259636517097252,0.025279779972928,0.025016426295328,0.0243658528752799,0.0237225617875462,0.0227053357010286,0.0217283204367801,0.0207741416355766,0.0195291446957723,0.0179612512391373,0.0167039312224857,0.0147481446467607,0.0128901434755807,0.0104210161394992,0.0080885973813863,0.00549373315061971,0.00257726151093746,-0.000889675553454383,-0.00358320477333622,-0.00700328664087875,-0.0103893083897439,-0.0136282746795366,-0.0165394565316866,-0.0196260307896179,-0.0218898491634864,-0.0233440102312157,-0.0245348863526813,-0.0249344616008089,-0.0245606075771739,-0.0232524136208171,-0.0218401837908021,-0.0198998104942842,-0.0172155847388293,-0.0146055804892388,-0.0121812493358492,-0.00953530356394789,-0.00751595180472193,-0.00556440941629291,-0.00405213383292541,-0.00270200319425949,-0.00133106314915781,-0.000824226112434398,-0.000410849113963948,-0.000191372658893394,0.000256150880937686,7.99018300751244e-06,-0.000153846871071559,-4.01089991715773e-05,1.652225142616e-06,-1.61906504704518e-05,-8.27424521604179e-05,-0.000162192166342023,-0.000260783890432156,0.000163057285284431,-6.63510229782702e-05,-0.000107276311329735,-0.000268618898866869,6.58703556317511e-05
-0.202557018234626,-0.202029615748733,-0.202031684380928,-0.200947257545667,-0.200676896522157,-0.199870922286068,-0.199237370128784,-0.198127014821425,-0.196930979679601,-0.195569735385491,-0.193907291714995,-0.19202038778945,-0.190188867270294,-0.187910114535452,-0.185062911402188,-0.181914755338609,-0.178592147161705,-0.174680468470176,-0.169633111530529,-0.164218711866256,-0.15832197494814,-0.151598374162889,-0.144364815554779,-0.135292396832022,-0.126086530423934,-0.115878945976704,-0.10443115140641,-0.092545754227737,-0.0799332127957251,-0.0672714132375004,-0.0540557246624023,-0.0407065865839944,-0.0278761835254708,-0.0153021498279927,-0.00422293736903475,0.0052053440755549,0.0133157745229686,0.0196011351729527,0.0243276450543036,0.0274680959266449,0.029363165142527,0.0302686366420467,0.0311915460145126,0.0311466359047135,0.0315957850116044,0.0314447977830595,0.0314086029651321,0.0312709679895823,0.031268950962039,0.031202078567673,0.0311431585536209,0.0310749423720109,0.0307637783854698,0.0308604091209691,0.030816063837456,0.0306667620635734,0.0306657207286512,0.0304724922353385,0.030179700523986,0.0298774740070981,0.0297304870830065,0.029433551434085,0.0291350143251584,0.0286915194613088,0.0282626715808111,0.0274872361587205,0.0268400007554803,0.0257907557264462,0.025308115930556,0.0242043429396269,0.0230468758542356,0.0217823280691583,0.02033204248554,0.0179007034214865,0.0163165769417691,0.0146391598296842,0.0122823513080433,0.00957778677772175,0.00672595589904441,0.00359010637235007,8.56242496135847e-05,-0.00297008139720345,-0.00651749692120736,-0.0101114257640371,-0.0136093983789866,-0.0172485432919516,-0.0199036814451066,-0.0226324566680905,-0.0243845608903173,-0.0253701856079375,-0.0260232570370556,-0.0256591579432769,-0.0242551100617241,-0.0228780101430778,-0.0203740824162641,-0.0179575087036983,-0.0154917138298875,-0.0128140910524635,-0.0103065431623157,-0.00782856297631191,-0.00580642750268785,-0.00416225569645893,-0.00252636208288255,-0.00179173462681398,-0.00102830626615108,-0.000513858728913936,-0.000198182007487182,-0.000401213512112732,-6.83934806668055e-05,-0.000128749437431432,-6.62770373497413e-05,-2.31355895619442e-05,-5.99344225816682e-05,0.000269717945385711,0.000137389668771911,0.000246998954141658,-8.90053989605954e-05,0.000177572188454619,-2.55029553928033e-05,-0.000205866706558218,0.000316638373940665
-0.195012453324914,-0.194602178581303,-0.194209821877554,-0.19364880127693,-0.193062587248385,-0.192207683268831,-0.191191047340997,-0.190553844993997,-0.189653810378659,-0.188069999134814,-0.186472375570515,-0.184889595853633,-0.182734370195679,-0.180545850323085,-0.177947631868758,-0.174952245970538,-0.171481080307862,-0.167256717316058,-0.162924278219191,-0.15733714166235,-0.151683250485486,-0.14474394213995,-0.137392957173944,-0.129173601579917,-0.119863954345698,-0.110056636551657,-0.098542218496701,-0.0877334203384103,-0.0751744332803687,-0.0621235334170566,-0.0495001192991766,-0.0361382413772091,-0.0233186363339002,-0.0115098141136975,-0.000675597557434974,0.00882596807895401,0.0163197763256669,0.0225156260642997,0.0271064186520537,0.0302928827277494,0.0323123505535188,0.0334832862342763,0.0341561213728469,0.0343015067735847,0.0342301318379853,0.0343980832195588,0.0343617575402625,0.0339419490651831,0.0343901600209083,0.033700617223914,0.0338842528246819,0.0340841016491904,0.0339554799839504,0.0338720576463787,0.0332411984171005,0.0333968581279477,0.0334282569844793,0.0332703876565485,0.0330689311040839,0.0325648127101361,0.0324892149239138,0.0320821229780858,0.0318760498009298,0.0313666491478543,0.0304396852820879,0.029906565200445,0.0294544283187362,0.0287452940700826,0.0275938802686934,0.0266971280742472,0.0256030212862698,0.0240835187206486,0.0227849739411656,0.0208116248861137,0.018711249794417,0.0163808249202547,0.0141490888946198,0.010915191415601,0.00825259631662025,0.00467814448428297,0.0011862908765043,-0.00228722788520359,-0.00601840847603155,-0.00990585093866607,-0.0137094891434025,-0.0170253668349708,-0.0201689093297114,-0.0228329252502151,-0.0251971868649484,-0.026151915446283,-0.0265491492388582,-0.0259764262657918,-0.0250823875566477,-0.0232123440536675,-0.0209588457112388,-0.018514628887859,-0.0158142894329933,-0.013101690292419,-0.0103450766905419,-0.00806892751828521,-0.00585622661693423,-0.00401208543031489,-0.00261505333681923,-0.00169096921644433,-0.000849209379057683,-6.3387310864475e-05,7.38058191783518e-05,-0.000322180918325543,0.000307888356575762,1.06877918744631e-05,5.17507635342794e-05,4.95031301884595e-05,-0.000139578810945581,-3.87812836096436e-05,-9.56276247936126e-06,0.000318771092808083,-0.000260149824854415,-6.01129499871228e-05,2.90839415649088e-06,-7.73528621470068e-05,9.87192659379271e-05
-0.184406771506314,-0.183691962021594,-0.183566918409461,-0.182672978489687,-0.18263009865624,-0.18197843441711,-0.181117639106905,-0.179977617893743,-0.178755227603529,-0.177818621269812,-0.176375101821797,-0.174737809971371,-0.172860016248181,-0.170269566479776,-0.168363629580025,-0.164929780596144,-0.16172879590765,-0.157722444057254,-0.153247738866156,-0.148210114119926,-0.14264329094032,-0.13614204050751,-0.129138009279784,-0.120811760549755,-0.112158385438604,-0.102219113347359,-0.0913502673744652,-0.0803252238865517,-0.06865591416004,-0.0561091309508744,-0.0433419850768924,-0.0309785447193748,-0.0186334459600021,-0.00711952340984101,0.00334003959841483,0.0124994501095325,0.0197997333831157,0.0260545557641937,0.0301553340033881,0.0334884670731953,0.0354234386785748,0.0363652716547305,0.0369783624582204,0.0370376758206637,0.0368786341213428,0.0371741537872902,0.0371510465863568,0.0369716653353207,0.0370595264069492,0.0369116326990962,0.0371522690625523,0.0369438566419752,0.0366265157984579,0.0365016238874494,0.0365699433665197,0.036031893258981,0.0360904477219649,0.0359864378513171,0.0357935329127521,0.0356090909155121,0.0352562486042796,0.0349394023569091,0.0343960548628805,0.0337913966546004,0.033568818767701,0.0328557741212088,0.0320921181384937,0.0311451741622955,0.03028011743213,0.0287689778011613,0.0278609859883867,0.0264402777599571,0.0245434071068121,0.0229917119899833,0.0207160810470069,0.0184339730881564,0.0158571643326821,0.0129427885793295,0.00955389013766872,0.00625464110683797,0.00272986016527414,-0.00123209464907493,-0.00530639437610003,-0.00918546257450143,-0.0129991809529099,-0.0169405801052098,-0.0203500148852278,-0.0226417375582448,-0.0250225280228564,-0.026459409466992,-0.0267527833638171,-0.0264986211089546,-0.0256781722919507,-0.0238565183263236,-0.0215405210327881,-0.0185815078176653,-0.0163349838199933,-0.0133500060481482,-0.0106103706737012,-0.00816507011980316,-0.00591052312994673,-0.00450127867057015,-0.0026609210843016,-0.00145906762072988,-0.00114587585372458,-0.00036209693172941,-0.000376146110389459,-9.29158738415906e-05,8.34259303085631e-05,-3.98233588226795e-05,2.55858806574468e-05,-0.000181152266628993,0.000182522153655647,0.00023872256891683,-6.50604716415713e-05,-0.000167298463872319,-0.00027115709744508,2.44582861472522e-05,4.95825262498668e-05,-0.000334176539333855,1.82250293476276e-05
-0.171180497925266,-0.171034596040414,-0.170500015996869,-0.169927846065828,-0.169494110385481,-0.16864070230373,-0.168044040908601,-0.167088086713958,-0.165931735422346,-0.164950864673054,-0.163511219152791,-0.161654361249354,-0.159746072950218,-0.158023716818679,-0.155121875712966,-0.152815123964875,-0.149326120672653,-0.145831274115656,-0.141492237907534,-0.136667725752807,-0.131262426039549,-0.125279669349602,-0.11811240108349,-0.110733981266129,-0.102150112918717,-0.0925268337431098,-0.0826233580371183,-0.0717020260377761,-0.0603018510760092,-0.0487360330915334,-0.0367641609107802,-0.0245683495672651,-0.0132844683478109,-0.00240195192798192,0.00775738343465501,0.0167755084683806,0.0240940997233639,0.0293776341389405,0.0333578213529172,0.036677105416725,0.0383455300869631,0.0391907885251278,0.0398847000484188,0.0398156775274505,0.0403250550623672,0.0401199006023836,0.040259047678029,0.0399597586101322,0.0402445463679925,0.039835579497707,0.0400486619188219,0.0399475862246715,0.0398963104932474,0.0397998748699788,0.0393223113617806,0.0392930381844985,0.0390699001824113,0.0389353789437743,0.038762658979759,0.0384061717019284,0.0379559869475739,0.0377667601084701,0.0376469020835758,0.0367084981842221,0.036317428307019,0.0356215218043701,0.0349330203285661,0.0341879553488521,0.0328279471800285,0.0314964076960774,0.0306614238122127,0.0289072411891445,0.0270826268455202,0.0252554385050272,0.0229294009677248,0.0203798757707992,0.0180097877598914,0.0147357086699831,0.0114873179591272,0.00796998005800566,0.00425754583129776,-0.000224823014095847,-0.00413905835315792,-0.00828060168744808,-0.0123293790919426,-0.0164908248679061,-0.0200290813480143,-0.0229743955589643,-0.0251939669715982,-0.0266867993802042,-0.0270580060634968,-0.0272021338499237,-0.0262512840632429,-0.0239278542832531,-0.0219342709948177,-0.0191050611878693,-0.0166028015928139,-0.0135000325487035,-0.0106354797859773,-0.00822763232447155,-0.00603631378764392,-0.00431803403522523,-0.00281348157829243,-0.00178886433402297,-0.000438235868845268,-0.000392651618668108,-0.000182984036407043,-6.80242495411555e-05,-2.90531190603052e-05,5.23607245435151e-05,0.000125576746592833,5.52864521712266e-06,0.000165704516235482,-0.000346360063541259,7.62894000649929e-05,-5.57026198395954e-06,3.73679466146157e-05,-9.01180873999955e-05,-0.000128871521018012,-0.000148223083929659,-0.00011924380669221
-0.155484356028921,-0.154998558592098,-0.154829540296424,-0.154367543831966,-0.153939919404175,-0.153126021062227,-0.152570871542716,-0.151389457886879,-0.150411741488388,-0.149474516558391,-0.148077624670872,-0.146915820919362,-0.144970093987033,-0.142836845167054,-0.140863146089786,-0.138137408968145,-0.134947397577455,-0.131564126890337,-0.127648172824218,-0.123207925732207,-0.117750322602066,-0.112170259799304,-0.105938599843178,-0.0985012365213819,-0.090533419713465,-0.0820771952926826,-0.0721714054525737,-0.0622370151386172,-0.0515511139312868,-0.0402505893687062,-0.0289118951535147,-0.0182659792112344,-0.00689266013620529,0.00354203653046316,0.0128462712558544,0.0210290984810322,0.0278546280970786,0.0331865428529348,0.037181028797143,0.0396867461418718,0.0417784996849276,0.0424175298531695,0.0430307181266524,0.042801168651609,0.0430719699979461,0.0431472560227495,0.0431539191458815,0.043137560499078,0.0429524348628666,0.0429578109150933,0.0427725573661808,0.0428991905922871,0.0426986371333105,0.0426761983459641,0.0425964044640974,0.0422401945190715,0.0418745154408788,0.0413932248639735,0.0416679906637432,0.0414845673063743,0.0411677112909098,0.0403739587293716,0.0401861419841864,0.0396126422679404,0.0390835565314628,0.0385903731470699,0.0375009314399568,0.036650590441301,0.0355460771806007,0.0346898934659316,0.0332368230612186,0.031416303697717,0.0294996848075192,0.0274519623090807,0.0253645948896738,0.0227179688774216,0.02013006195129,0.0168872895211863,0.0132769419250792,0.00955774608382591,0.00590338674400514,0.00126867788099283,-0.00311463840488583,-0.00737215608703504,-0.0118081388748297,-0.015657134818616,-0.0193730598062498,-0.0225636064139682,-0.024988516081458,-0.0265684738813462,-0.0275065590523062,-0.0270773476074985,-0.0259582620645055,-0.0244216351111883,-0.0218048402629148,-0.0197765152098233,-0.0164506824622806,-0.0135666192883821,-0.0110250327232208,-0.0083521725856466,-0.00620642234369329,-0.00414810772697409,-0.00281824792497241,-0.00184189281632176,-0.000730874821799566,-0.000397420935522009,-0.000141894042848552,-0.000168316308383292,-0.000149173855612055,-1.58235088784859e-06,-0.000178966705354491,3.3743921424923e-05,-0.000135269941737188,-2.12809689514683e-05,-3.13914524955668e-05,1.28098633542797e-05,-0.000180631678499381,4.64807996273419e-06,-0.000323868322783996,-7.20344563198306e-05,-0.000156434998350222
-0.137608470001651,-0.136959101515723,-0.137041160463786,-0.136155597764392,-0.135906801505621,-0.135547642153453,-0.134637713920658,-0.133729145485883,-0.133061624791734,-0.131932285793932,-0.13089659213576,-0.129645121265656,-0.128018841781432,-0.12579627264322,-0.123883575558184,-0.121411358481677,-0.11870882636005,-0.115375477378443,-0.111743948906146,-0.107457403029719,-0.102822025061676,-0.0973125457444741,-0.0914586778513844,-0.0844790445490997,-0.0772812194580889,-0.0695191367170982,-0.0606378765236003,-0.0512749402827038,-0.0414792221635252,-0.0309696390722785,-0.0207569391032434,-0.0102130828887811,6.87039254295894e-05,0.00976282377653943,0.0179824797647611,0.0259468450878705,0.0317164328204259,0.0370144781411188,0.0407455577320377,0.0430701764401134,0.0445547514557637,0.0454835514151045,0.045702937338344,0.0458456474412789,0.0461872664407708,0.0461381707857692,0.0462016999998595,0.0458012081121627,0.0459870449006907,0.045726062655778,0.0457704951861677,0.0457093191508626,0.0457196671103063,0.0451993817224691,0.0452892514288827,0.0452784130643799,0.0451527961222296,0.0449051112095941,0.0447224720884332,0.0441678920740751,0.0438805170238784,0.0434885274917423,0.0431346194497185,0.042599117082221,0.042130242063014,0.0411547023321951,0.0404395949361427,0.039428618124616,0.0382650008921378,0.0370370151541016,0.0354593169020255,0.0339497748680531,0.0319970828196989,0.0300842766147747,0.0275733328698141,0.0249423346577275,0.0221192154260278,0.0186898896055835,0.0152326372520919,0.0114436411265023,0.00735071227411052,0.00276484911723387,-0.00154741423699918,-0.00631345525099568,-0.010505922154845,-0.014612271316651,-0.018727580849509,-0.0217998031280936,-0.0247044486978239,-0.026206387464984,-0.0270579780318715,-0.0267181438565567,-0.0259793240947704,-0.0243106158012791,-0.0222409883533952,-0.0192875707852829,-0.0165627978319692,-0.0138083684899023,-0.0107918345452163,-0.00836904282662731,-0.00604607209116948,-0.0041608471443187,-0.00279282529359931,-0.00161917705947784,-0.000992679945256441,-0.000917352414569486,-0.000231092174870406,-4.17759960785869e-05,-0.000126773549971668,-5.6563176355998e-06,-1.4071342102545e-05,-0.00034042185281163,-0.000103233601829731,-0.000205720181078773,-1.10102343664641e-05,4.10440817670088e-05,-8.00327371098025e-07,2.96790564718905e-05,0.000135102439641041,-0.000217414116360427,0.000293870562987892
-0.117867212172057,-0.117381116370602,-0.117087698788233,-0.11674104638727,-0.116209112535094,-0.115918332090774,-0.115089134214792,-0.11470859801896,-0.113682533302522,-0.112787940553252,-0.111703046063148,-0.11035041389539,-0.108762398528229,-0.107174602635066,-0.105276232126276,-0.102886379443533,-0.100640548305355,-0.0975628101520069,-0.0943515347530557,-0.0905491523633368,-0.0861875118755184,-0.0812166706373522,-0.0759149005566049,-0.0698159368111586,-0.0631764185332827,-0.0560809004092181,-0.0475642198801555,-0.0393014044975991,-0.0303242475023111,-0.0210371898626592,-0.0114095026026304,-0.00195306795095327,0.00715866820612327,0.0158314778912605,0.0235188675964865,0.0306659462203576,0.0363225926777393,0.0410486670384562,0.0440137228881157,0.0461628820444919,0.0476141379909993,0.0486046347633575,0.0487941661550843,0.0490964788946549,0.049082301916485,0.0491470670108602,0.0491469209892107,0.0493154613941264,0.049013041119365,0.0490949758047911,0.0489564039178421,0.0486415581632851,0.0487027337158828,0.0485045120065018,0.0485205275752571,0.0484079601065205,0.0478507391778455,0.048000562359913,0.0478529679228594,0.0470894016249245,0.0470846107135208,0.0465706843530285,0.0462735842684157,0.0455242026271419,0.0449065847998304,0.0440351813392658,0.0434124267396024,0.0424961731818367,0.0412172812937312,0.0400338708208548,0.0383893200423812,0.0367289568185179,0.0349295720274788,0.0323895086403372,0.0298830877168987,0.0273888984706674,0.0240739842440054,0.021070507229392,0.0173538136734262,0.0133629879376646,0.00890924402414286,0.00435982727696364,0.000211422792501625,-0.00484954477557349,-0.00963092962682226,-0.0138694851051954,-0.017721572346526,-0.0211072661329606,-0.0238102609344377,-0.0256262342081144,-0.0264270608544159,-0.0265354673804763,-0.0257157510877094,-0.0239104621691,-0.0219879826420279,-0.0193097250742572,-0.0166777747353929,-0.0136206926424083,-0.0105913958125254,-0.00854927814216732,-0.00586628513107201,-0.00440927725941817,-0.00258710715167107,-0.00164317584151792,-0.00105834631673119,-0.000387365800776558,-0.000114660744952111,-0.000126728554841602,-0.000159464488923611,0.000110109904360037,6.07814620062481e-05,-0.00015617061390084,-9.14637458681549e-05,0.000260903838772609,-9.43241367671344e-05,-0.000202158380109846,2.43957917452964e-05,-0.000107960585202305,0.000161517058851593,1.86080382264657e-05,7.65641116888715e-05
-0.0966757371475953,-0.0960988077515631,-0.0959434531187385,-0.0957490217648467,-0.0951614493447563,-0.0947548466944426,-0.0940436122749278,-0.09366739957066,-0.0925605657641405,-0.0919711247936375,-0.0910071149507069,-0.089849156801112,-0.0884508983285846,-0.0869664610974011,-0.0854090154632588,-0.0832717202994201,-0.0810381786500222,-0.0786361329848991,-0.0758486410694538,-0.0721181839584319,-0.0682969257084873,-0.0639099260081454,-0.0593177011275021,-0.0537577180237497,-0.0476411297147105,-0.0413993528378955,-0.0343040390335672,-0.0268193014643791,-0.0188501949907079,-0.0104014282253561,-0.0018492713654943,0.00674716196204232,0.0148494055573954,0.0225193471851402,0.0292056861668286,0.0355302937996419,0.0408912688744665,0.0447054212763295,0.0476739462001964,0.0497068717451548,0.0505450020750058,0.0517603527022521,0.0520929161272008,0.0520426419128684,0.0523718605250636,0.052354229775549,0.052082400547617,0.0521158456510875,0.0515732958917584,0.0519774584427563,0.0517842812332055,0.0518659440123759,0.0517847276987784,0.0516275963528815,0.0513914543169847,0.0512780564593174,0.0506237336599812,0.0508711856206171,0.0503615171762496,0.0500151402910117,0.0496790304771638,0.0494871378903737,0.0491073085109608,0.0483054093019895,0.0479141517368406,0.0470496630098744,0.0460846620565603,0.0450435638082448,0.0438516822994657,0.0428002658484556,0.0412363724057378,0.0393867305826104,0.0375415027988173,0.0352714422580135,0.0328895168477742,0.0298882225277146,0.0265208532664092,0.0230950338927599,0.0198299903618953,0.0156053206307558,0.0108612278792759,0.00623456772093443,0.0016045800631656,-0.00329106963515673,-0.00829250266323612,-0.0125787292575901,-0.0165958036953068,-0.0202656850052092,-0.0230064971288406,-0.0249992125657252,-0.0261691422911347,-0.0259216323387297,-0.025438572398238,-0.0238612365783592,-0.0215490793711208,-0.0188222973241926,-0.0162926341345482,-0.0134033829067163,-0.0106172659226123,-0.00844327459071864,-0.00617162361695893,-0.00409971666021015,-0.00252264982497405,-0.00171406599890394,-0.000879657158582272,-0.000484237211529775,-0.000123639715249073,-0.000250149237586064,0.000449853714490334,-3.06911902713163e-05,0.000149580408672412,-0.000145603629747455,0.000192703916663803,-0.00017906696665742,-5.05435214963115e-05,-0.000196236071860071,1.03956326552676e-05,-3.93121105375991e-05,-0.000252044972691356,-0.000128166002123467,-0.000102642531486483
-0.0739247360696619,-0.073478532957011,-0.0735231738940555,-0.0731667517160674,-0.0728491646582865,-0.0723695700921531,-0.0720433728589212,-0.0712247859060867,-0.0708330980125725,-0.0699666784211485,-0.0693068893762329,-0.0681924586680064,-0.0672083843475144,-0.0661094413707173,-0.0645189691025534,-0.0624980757435389,-0.061105367696846,-0.0584519954439974,-0.0554527423924809,-0.052830855956494,-0.0495810745238771,-0.0457611143462957,-0.0415431222177227,-0.036820339638993,-0.031937808571125,-0.0262546788322793,-0.0199674672706348,-0.0133921276461519,-0.00618369551678145,0.000941955963790806,0.00854084639054055,0.0157295483454812,0.0228302875564124,0.0290626967338196,0.0354219836542338,0.0406782207569468,0.0450849997764327,0.0486900534146299,0.0510828805787352,0.0530380220079278,0.0541992724741623,0.0547818846865933,0.0552244276461194,0.0548253745860679,0.055111170131104,0.0551202944857693,0.0550535054233137,0.0549070856894837,0.0550292993081692,0.054644778468947,0.0548499381037046,0.054843098650909,0.0546057027680659,0.0544970821579412,0.0540593985321288,0.0539276072955205,0.0540333829350352,0.053717140574997,0.0533935493256618,0.0534320144515711,0.0524921465526375,0.052340460007375,0.0518653616470483,0.051333649151679,0.0508225521601536,0.049731719027762,0.0486054490525321,0.0476302490095736,0.046791216004318,0.0452391247130049,0.0436845833416099,0.0422025298842148,0.0399864423677129,0.0377102556677503,0.0351326515217256,0.0324149576175129,0.0291307725204123,0.0255402364633261,0.0216878017957657,0.0176934124566218,0.013226076498505,0.00818267222893141,0.00347345847224347,-0.00120853153873929,-0.00653747722279598,-0.0109803330073318,-0.0154461611302348,-0.0190693147739146,-0.0222788336222641,-0.0243241644575513,-0.0253133558028188,-0.0249582223444181,-0.0244566965400245,-0.0232174285821301,-0.021079356395058,-0.0184867392575391,-0.0157702847860361,-0.0129402826353243,-0.0104070600367085,-0.00819821749859561,-0.00585266473772896,-0.00392544074484262,-0.00229244930947629,-0.00157133835150076,-0.00104402882069057,-0.000416920762525604,5.89558572175856e-05,-0.000201453833450933,0.000312628095411309,-0.000130495121351388,0.000225575344588267,7.9910744123812e-05,0.000142633011241173,-0.000149022156139896,-0.000156608665402212,-3.85354383391559e-05,-0.000141393072243312,5.11599275559169e-05,-8.25626180171297e-05,-7.25794877534688e-05,0.000265499779368412
-0.0507279584507619,-0.0504359571974057,-0.0502409999594066,-0.0499678599225038,-0.049895666943838,-0.049357739795098,-0.0492707469430479,-0.0484765981957971,-0.0481283975956986,-0.0473511221105225,-0.0468444640257413,-0.0457925588728875,-0.04489548265858,-0.0436976892620621,-0.0424681205242812,-0.0411315515954241,-0.0392024113009506,-0.0376400111947503,-0.0355838987600871,-0.0327805038356568,-0.0299522452166782,-0.0268075040298017,-0.0236075087158266,-0.0191415073576148,-0.0151070437750062,-0.0104217347270076,-0.00510243251374206,0.000578455931333321,0.00626350379641745,0.0123343230847402,0.0186165545071857,0.0247891435130882,0.0307435397106318,0.0363351604441205,0.041575833990912,0.0457968502655145,0.0493525443555177,0.0525114195988481,0.0546034066680807,0.0561976005877337,0.0572131402907858,0.0577679719001103,0.057578642391587,0.0581022100010081,0.0579511797251691,0.0578427734652858,0.0579546090180543,0.058098714814383,0.057954741892167,0.0576824217955636,0.0575172448674185,0.0576249390218233,0.0573545139101834,0.0574489899070505,0.0569192208838422,0.0566081512059828,0.0568552657484644,0.0565646254949055,0.0562544025015535,0.055773355751054,0.0556699967756002,0.055349666191523,0.0547496546534027,0.0541789849620309,0.0534139077074822,0.0527347455561726,0.0517902404105278,0.0506408930369538,0.0497271381263007,0.0483261295903703,0.0465923748805739,0.0445525000225164,0.0427063282109844,0.0403997619828774,0.0376469249291403,0.035227950258909,0.0314397678067307,0.0279231014053,0.0238178853247377,0.0198255399046708,0.0151448115671766,0.0102538365628958,0.00524746874651455,0.000165755710425934,-0.00478561856396523,-0.00952152953524176,-0.0140035473336887,-0.0171797526413608,-0.0204367802717459,-0.023109775208076,-0.0245214191014863,-0.0243217128637874,-0.024079442342174,-0.0226346263017325,-0.0203327709105289,-0.0181107679143607,-0.0151712339136724,-0.0129500364856053,-0.00990876607614073,-0.00805323720415408,-0.0054958825631394,-0.00390188655018487,-0.00248251942442696,-0.00165054950400078,-0.000714295888911819,-0.000293726892120773,-0.000235516750545918,-5.47915480820987e-05,8.88347503219767e-05,8.56476681081807e-05,-0.000164176896881426,-0.000199923866198859,-0.000352289442730867,9.81789843392016e-05,0.000120903873288709,0.000254655895655444,-0.000101952286629394,5.39501014063408e-05,0.000171664025106133,0.000326915456501878,-0.000103258072365976
-0.0268554155055867,-0.0268625972528113,-0.0268318149160018,-0.0260709720497914,-0.0259293952255651,-0.0260078507455774,-0.025485103023465,-0.0253567231641197,-0.0247984957263122,-0.0246579710664465,-0.0239780776517944,-0.0232889779516556,-0.0220537154455113,-0.0215105166179865,-0.0203358243219902,-0.0189633136980009,-0.017972813773579,-0.016629364527442,-0.0146618779343993,-0.0125440525032653,-0.010242803025124,-0.0077116276603723,-0.00506177409878551,-0.00198770575913914,0.00167893668117694,0.00552421815483574,0.0099312308002359,0.014186898162621,0.0192880259212254,0.0239673954886854,0.0288822561115946,0.0340693116832131,0.0387387244482342,0.0435169589310997,0.0474355402002372,0.051034596786138,0.0541427392015157,0.0562378134990293,0.058316668703322,0.059350705050906,0.0603033151480432,0.0604458319631596,0.0604609737084693,0.0608933841815288,0.0608874013473384,0.061249455606781,0.0605311786552044,0.0608866032737405,0.0605670227176798,0.0604480008414185,0.0603567642339127,0.0607234219383456,0.0602611773099102,0.0603190432963771,0.0597832964745081,0.0599586858156476,0.059873330734683,0.0594057802413516,0.05911015102695,0.0586219680028699,0.0584491417386983,0.0579991222306088,0.0574719910309075,0.0569539764244549,0.0561873456731566,0.0557292177369428,0.0543799082750664,0.0535686668731878,0.0519833138949387,0.0505730721253961,0.0493213844268598,0.0473454259944015,0.0450140759329467,0.0429477605441561,0.0402597975051484,0.0374556799160711,0.0341328878410475,0.0303281280660836,0.0265554186373109,0.0220074095711919,0.0173929347167171,0.0126412467172906,0.00716966558020988,0.00224252951583472,-0.00278697792786143,-0.00763523472790347,-0.0125144248734322,-0.0161522450892587,-0.0192613957365121,-0.0215201407158605,-0.0231009652471698,-0.0234481703794484,-0.0229462915251325,-0.0213174005305581,-0.0197313803973833,-0.0172697558745299,-0.0145522268674162,-0.0119535138592892,-0.0100668577206799,-0.00751992892194063,-0.00554963496351654,-0.00378549243543734,-0.00247797608247241,-0.00149860124564055,-0.000889031016686009,-0.000688683266312043,-0.000190959081785249,-2.41044740480181e-05,-0.000173493944231767,-0.000117283210863513,0.000200134398427581,0.000154224892575803,-1.40193145613299e-05,-0.000102762008059574,0.00028832239733564,0.000203301366679203,4.76750135291173e-05,-0.000225125241224883,-0.00010387820930176,8.50497679161561e-05,0.000308415544744173
-0.00320261268225247,-0.00324348782315359,-0.00330188863786495,-0.00313207460878704,-0.00294194782010151,-0.00265844734595059,-0.00278158312908723,-0.00209910548116992,-0.00192782401682003,-0.00167626569478533,-0.00117686267297794,-0.000283118623232085,3.6017626359658e-05,0.00066238971327819,0.00140633770020225,0.002475429746712,0.00372581318889045,0.0045502087905366,0.00600395208679414,0.00751979029812493,0.0094304962813053,0.0109434663068537,0.013571775501888,0.0158200029198575,0.018538644944052,0.0216477695573533,0.0248223494385498,0.0280947328163308,0.031594466689932,0.0354723745254221,0.0393724753774003,0.0430971639193284,0.0469782541528102,0.0503129559789446,0.0534256693547629,0.0565314477286222,0.0584491731001719,0.0602762159782657,0.0617071232990863,0.0623538179638571,0.0632744116607859,0.0634380406634639,0.0635275001869524,0.0636902300901195,0.063595552576176,0.0638087869506485,0.063676887031955,0.0634083051083155,0.0633521667972018,0.0632076302226028,0.0633893620696314,0.0629324033933305,0.0627820290077945,0.0633838292876068,0.0628855997731306,0.0625018133136719,0.0622317944359547,0.0621055903148836,0.0617477154122711,0.0612643390176165,0.0613515447210695,0.0607012481498799,0.0600412227827808,0.0595542234254682,0.0588688656518636,0.0579034861969763,0.0571596686615296,0.0559146264374196,0.0550760521549756,0.0535500882245318,0.0519048759474724,0.0500452700752617,0.0479270949359069,0.0456923696143933,0.0427787512713097,0.0398192129902677,0.0366406926255082,0.0328419406213021,0.0288132582358162,0.0244848633283522,0.019794831525097,0.0146466702168492,0.00956557309541957,0.00439884920587799,-0.000796608185730512,-0.00593814195036387,-0.0104201894476067,-0.0142684705415898,-0.0178044654495976,-0.0202564784646458,-0.0214636057088339,-0.022128864581275,-0.0216232991244775,-0.0205312471466999,-0.0187747037080937,-0.0166043216326046,-0.0142488891738203,-0.0118029218064388,-0.0094506567542262,-0.00712946913406263,-0.00515534381977154,-0.00361521530100205,-0.0024139007238422,-0.00166538239814223,-0.000362656013827521,-0.000568437276537417,-0.000302136657843834,-0.000271573156812356,-3.45889569840709e-05,4.7933381105731e-05,0.000183514494591345,0.000164752624380187,-0.000202274090251783,-5.75999828544273e-05,-9.54912420619365e-05,-0.000279929842562674,-0.000111932423115926,-2.34729143807398e-05,2.06636692298634e-06,8.86800497202067e-05,-0.000121377025935576
0.0196005723261729,0.0198626185689585,0.0200874642423943,0.020258176159113,0.0202349826589684,0.020531616670468,0.0204393626528986,0.0206224029240307,0.0210397756412362,0.0214267222530317,0.0213941861689107,0.0219855095449053,0.0224777276153907,0.0229228474897514,0.0230022128710138,0.0239179365928977,0.0247196406095671,0.0252702023773571,0.0265797752643107,0.0276029687789407,0.0286948688593708,0.0301588906151367,0.0312725897064745,0.033156969521534,0.0349092479914459,0.0368731183700926,0.0393023923821937,0.0415279921600386,0.0440027869987097,0.0467625276384557,0.0494784228908388,0.052099915897465,0.0547040559387287,0.0571803887317619,0.059130698471868,0.0611132828562455,0.0628343992407598,0.064190151578639,0.0649188194031394,0.0658119253721123,0.0657810823508323,0.0660430475878931,0.0662609748759268,0.0660824537251468,0.0660017803559123,0.0661815301340635,0.0662234213272538,0.0662892894679333,0.065653969604793,0.065694557159245,0.0657977700643998,0.0659074082546088,0.0654597305251064,0.065695266372089,0.0654687137432815,0.0650903379093791,0.0646950859750665,0.0647695058309333,0.0642530332443481,0.0638567569386792,0.063372678680604,0.0632365481706239,0.0629676867258656,0.0623986246447586,0.0614034190878732,0.0608226297295791,0.059737104764554,0.0587808955402137,0.0574929927610873,0.0557537222865552,0.0548466821727593,0.0525450246570988,0.0502720909638383,0.0480959679456481,0.04560691458888,0.0421796946661209,0.0390460962742795,0.0349061432384949,0.0313150267151966,0.0269733461970589,0.0222117324447634,0.0169879294513089,0.0116768425155932,0.0065145260518727,0.00133234090102674,-0.00362985700224462,-0.00833683496039576,-0.0124861223497007,-0.0159337858554102,-0.0182381421030811,-0.0199513009271744,-0.0205548406690513,-0.0202520949116305,-0.0193896041764095,-0.0173350479882852,-0.0155023312425153,-0.0133604463182134,-0.0108777394851018,-0.00884702009338715,-0.00684729598325243,-0.0050955901774567,-0.00329621169483673,-0.00239517989234034,-0.00121833843119171,-0.00117657964928615,-0.000353997844596861,-0.000284059308183341,1.75773395606757e-05,-0.00013237889649952,-7.20205181058902e-05,-6.5212780095283e-05,0.000210995969990106,-7.35322767110571e-05,8.80165263569297e-05,-6.3734357100955e-05,-5.95074892904756e-05,-0.000168666659073149,3.70158885093721e-05,6.05098012828746e-05,0.000219283458492094,-6.11692767282699e-05
0.0422874224504327,0.0420695586997885,0.0426286287341537,0.0422786867737906,0.0426176263744549,0.042835166084086,0.0426861918938696,0.0425084987113014,0.0428884075781287,0.043438152130997,0.043456701706375,0.0434094528104632,0.0438084295268531,0.0436372073910614,0.0442350043940497,0.0447854370615284,0.0452685077972007,0.0457796223323418,0.0461784337684175,0.0467408008904608,0.0472578140298836,0.0477665210665167,0.048841549811511,0.0502116249471717,0.0510879878168425,0.0521068133109541,0.0536682351337368,0.054669702582053,0.0559382133225867,0.0576493939548947,0.0590928621315338,0.0606684703635661,0.0618885944953453,0.0635861033392523,0.0647402320183889,0.0662020589364424,0.0668025710157334,0.0674206175585857,0.0679392803612946,0.0683955752184055,0.0685929419354784,0.0685895840675821,0.0684780002612445,0.0684187372199774,0.0686852130602517,0.0685039873240742,0.068602898961175,0.0684385549384369,0.0684457175666771,0.0683745101093749,0.0685726511244336,0.0680765006000981,0.0680986429172364,0.067995401251647,0.0679073197702876,0.0675894989497915,0.0674645167618604,0.0671586567426494,0.0668352244464694,0.0665367393356685,0.0660961848208004,0.0662108044615924,0.0653040615455178,0.0644386807002991,0.064151150685155,0.0630589791121612,0.06196656447686,0.0611541405169969,0.059763093281116,0.0584457424900472,0.0566170419701061,0.0551708757370278,0.0529333246011006,0.0505980739630759,0.0476666175059466,0.0445071607565355,0.0415014073479607,0.0377954139513032,0.0337139747016729,0.0291170542857822,0.0246927672390369,0.019234242583595,0.0142206124586508,0.00876395169938037,0.00373940768048761,-0.0014569515720753,-0.006316765873728,-0.0104210084729392,-0.0138068788260758,-0.0165825880113885,-0.01816205611639,-0.0190634372889987,-0.0183661127735027,-0.0176441420969546,-0.0165193154532688,-0.014670001204646,-0.0123823589331516,-0.0100928960179841,-0.00820669967936861,-0.00620569635477257,-0.00460250842905439,-0.00322646734221723,-0.00218803144401322,-0.00113116101833056,-0.000855559479558634,-0.000241641120879281,-0.000266953930562948,-0.000405091154599265,2.19361183599247e-06,-0.000234593582785942,-2.02377520565936e-06,3.79638207130284e-05,-0.000103408363344486,2.76118262747356e-06,-0.000125210309719037,-0.000145901579020416,-3.64404791575538e-05,-0.000180059186762739,-6.1002010278596e-05,-4.50019104847722e-05,-8.60631423436568e-05
0.0637854010031975,0.0639180221238598,0.0634943674918287,0.0638606825674092,0.0639495497504805,0.0635812207818054,0.0638963414311297,0.063607383517424,0.0642284341652549,0.0641488063915001,0.0640617435413836,0.0638317203444139,0.0639814568461331,0.0642578384239179,0.0645917876446258,0.0643052941234965,0.0646247996765096,0.0646508799550433,0.0648193592875268,0.0649510573638383,0.0650260103276388,0.0657692386841762,0.065593111642821,0.0658013381996404,0.0662449812011363,0.0666056145597949,0.0670723922939235,0.0673330430069729,0.0679369216852778,0.0682052148757764,0.0685778185275693,0.0690029934800007,0.069423913160588,0.0697993052394679,0.0702220573972056,0.0705033510268263,0.0705912520705263,0.0707673071043327,0.0709750332814843,0.0709746952059632,0.0709963187592247,0.0710760296641289,0.0711066647824541,0.0709744267904177,0.0711854318965792,0.0709336244739689,0.0707638893449437,0.0710110021933584,0.0707963085019016,0.0705153386815591,0.0707962275592573,0.0706551253010398,0.0704761812796751,0.070042596647221,0.070218854002724,0.0700128650099796,0.0700498335042659,0.0696277704881408,0.0691715270506903,0.0686437535039472,0.0685540062483861,0.0679810294512231,0.0679450587517668,0.0669524056115366,0.0663986041655226,0.0654678332598864,0.0644389214553815,0.0635415661202371,0.0621980833709415,0.0610236051453382,0.0594857068804392,0.0575025318288605,0.0554282987577967,0.0526071655344836,0.0500361314970766,0.0472250233370589,0.0437659078078617,0.0402578390802024,0.035679303885252,0.0314030752533431,0.0267750762388728,0.0217666993456444,0.0163557575774984,0.011336403041909,0.00623283203439329,0.000581884474935138,-0.00390770399036898,-0.00832051518822166,-0.0117787947849023,-0.0144925434614998,-0.0161801087570247,-0.0170262871885025,-0.0171981905876472,-0.0166537700342867,-0.0149553827069742,-0.013319318135316,-0.0111224775163517,-0.00952776147962581,-0.00753115316951086,-0.00578263645983123,-0.0040351724963932,-0.00272812350122651,-0.00180013619150137,-0.00104867967350297,-0.00034422812436826,2.51488410552892e-05,-8.97375093406559e-05,8.07221450443779e-07,-0.000165597956821934,1.88429248115916e-05,0.000179734599561933,2.3399157905743e-05,0.000286301309516145,4.53907885016206e-05,2.29495329736665e-05,-0.000149275331191329,-0.000137426401499387,0.000300973969729338,-0.000258652684077093,0.000283942899437329,-9.67853908294495e-05
0.083576327838214,0.0836321226741957,0.0835476482516668,0.083317199026734,0.0832573886625028,0.0834513609156746,0.083469435920408,0.0834647812827746,0.0832077294849592,0.0832434236944066,0.0832756926710746,0.0831416357085258,0.0831930387291997,0.0829962049592517,0.0828149310629317,0.0828830064360974,0.0824829225996295,0.0822080853198658,0.0823407283283113,0.0822183644567717,0.081917929916201,0.0813147248635263,0.0809157880408,0.0807429625625913,0.0803614200503252,0.0799074735073583,0.0796846866906734,0.0787739478510382,0.0781680147110269,0.0776946759622195,0.0770180192483246,0.0767363021968767,0.0763176864829637,0.0754316941729703,0.0749740457022181,0.0742870862607788,0.0744203579117938,0.0740178905137559,0.0734728953334196,0.0735148815697961,0.0733480295883455,0.0732807304151742,0.0734135723336624,0.0732814808617325,0.0731728057914462,0.0733158918372199,0.0731248910532415,0.0730902595450733,0.0729498158999769,0.0725881431970936,0.0731409566465107,0.0729776470076697,0.07293513399104,0.0726696336400136,0.0723630330185122,0.0722815325184332,0.0718138753348699,0.071801736233428,0.071293403282295,0.0710323319484077,0.0709499901336318,0.0704363343757124,0.0697651584133026,0.0691575048525928,0.068354030844273,0.0677132667545441,0.0666575818017883,0.0659257226036144,0.0644656303816144,0.0631428666921891,0.0617074471356645,0.0594796840670047,0.0577247266655576,0.0553203111449906,0.0525715275379057,0.0492757541760724,0.0460384528915706,0.0426142635865321,0.0384484868461064,0.0340368826082041,0.0291171280045658,0.0244530398416437,0.0187661205846056,0.0135274432746325,0.0083196608417373,0.00301619870916041,-0.00174735576624372,-0.00579804242443125,-0.00985742880183519,-0.0125050757582659,-0.0142050323202193,-0.015385986971621,-0.0155709829421278,-0.0145667479538639,-0.0136772122666349,-0.012193880451598,-0.0104141061160291,-0.00864881305454439,-0.00658733234718162,-0.00535925511754735,-0.00388734833412788,-0.00281639336197122,-0.00169772543717541,-0.00108525840997321,-0.000428454030544339,-0.000301195047267618,-0.000173310622406677,-4.53392691792931e-05,4.4559282650975e-05,0.000148578341706251,-1.40805251488797e-05,1.63667986762562e-05,0.000297066403165759,-0.000123481946445559,2.26198102223394e-05,0.000496542601642603,-0.00028194590447732,-7.15700118862041e-05,-5.71314341626571e-05,3.00804996533349e-05,-2.1430076667221e-05
0.102229325230775,0.101740420972026,0.101453933547694,0.101567022676965,0.101924632190148,0.10146668998714,0.101560963157247,0.101434909524865,0.101293666034705,0.10106021787221,0.100934822180236,0.100648183110675,0.100690986655044,0.100311290171699,0.100107041992463,0.0998252786024391,0.0992145946850912,0.0986548304380766,0.0979244646086591,0.0973042455181629,0.0969456003552984,0.096226776684013,0.0954739806895349,0.0943251490065228,0.0928863911322159,0.0921929774885279,0.0908365745152968,0.0895990283941571,0.0879453466134867,0.0863426951252617,0.0853280082396771,0.0837985167634451,0.0821715072658898,0.0805730107461143,0.0793975512931872,0.0785431678053074,0.0774604498019294,0.0768783090229466,0.0759422323422062,0.0758087180920395,0.0756534758763709,0.0754781497502785,0.0755109286807308,0.0753728491936361,0.0754950361518604,0.0752595736052598,0.075353100957581,0.0752225309206515,0.0749142853894721,0.0751188505751189,0.0748883594903375,0.0748259037769461,0.0748241198523308,0.0746655976569634,0.0746220643995803,0.0740426554537155,0.0740503625891503,0.0738411707334126,0.0736035446285892,0.0728465849264264,0.0726535560514291,0.0725404128380991,0.0719646546968154,0.0712362664629636,0.0704172300829442,0.0697270249372482,0.0688764839459514,0.068017265798021,0.0664413383406612,0.0653350507055052,0.0633824446397838,0.0616330853416794,0.0597881749440098,0.0572982675501349,0.0549588232878412,0.051823988009504,0.0484157151924901,0.0449188756292817,0.0405930015905365,0.0362067864711397,0.0315603341530151,0.0266502718942888,0.02138106315628,0.0157653345333127,0.0108933953199886,0.00553244848530116,0.0007645394087346,-0.00352787450132315,-0.0072973030440998,-0.0100198668454455,-0.0124598186406353,-0.0135994802053897,-0.0134122633117466,-0.0133936164171248,-0.0122264344491276,-0.011032107785536,-0.00945831752435936,-0.00780642716956287,-0.00635024170540064,-0.0047256201793459,-0.00375304847682078,-0.00257526887298783,-0.00123745089994433,-0.000848946490508534,-0.000581396252398662,-0.00023638822059027,-7.5279203561584e-05,-8.95288435082852e-05,-7.43798079666965e-05,1.93089018041327e-06,-0.000121003027900695,-6.17662739195885e-05,-7.22467453868898e-05,5.69245458752815e-05,0.000111234570376572,-7.98213197654339e-06,-2.88209866847998e-05,0.000238230870440754,1.38837362889365e-05,8.06442534978988e-05,0.000124375089815205
0.118101335993449,0.118562999297718,0.118423980765148,0.118051738792277,0.117946445748383,0.11828012829866,0.117763849771793,0.117618128223424,0.117365896354642,0.117289921806039,0.116424250387638,0.116768413615531,0.116081436183928,0.115576452178364,0.115289865674119,0.114779118771828,0.114249423397904,0.113608550856136,0.112481586220027,0.111506165011736,0.11049045821523,0.109348605170272,0.1080079741641,0.106764384518656,0.104948593683868,0.103377264588522,0.10122412759881,0.0989354128751694,0.0967901101740588,0.0945090609911627,0.0919198185792836,0.0902360208401346,0.0875164610672373,0.0856116304040847,0.0833186888099266,0.0816120715397599,0.0801118530201718,0.0792113760662774,0.0783604930125195,0.0781298591698527,0.0775508527628008,0.0774631009430422,0.0775104780704139,0.0773268936702177,0.0771962436621741,0.0772272815994321,0.0772236936006009,0.0770358578508827,0.0767625262307375,0.0773625631938973,0.0767110240238502,0.0768428159927185,0.076667011392804,0.0763804205438005,0.076385016837443,0.0760111423516371,0.0757864631530016,0.0756084497733728,0.0754419940575164,0.0747985532147552,0.07477111759261,0.0741844988701754,0.0738328243762292,0.0732238947151804,0.0727145419625772,0.0717130987206996,0.070437729168163,0.0700208736414205,0.0687152196036053,0.0670875299887176,0.0654254569938882,0.0638888101300747,0.0617144160765518,0.059578731141925,0.0566878639914098,0.0539923480180963,0.0504042843985667,0.0463887053016561,0.0426642384708814,0.0383187445539085,0.0341431054353205,0.0288800651054768,0.0239165041452293,0.018400474214004,0.0134991745010857,0.00798317542422293,0.00319559609730144,-0.00148056941852483,-0.00498339644885223,-0.00831744336473866,-0.0098798835843639,-0.0114053443759274,-0.0120458323355601,-0.0115377937782491,-0.0106640498555225,-0.0092380384643634,-0.00821087761486988,-0.00678552556740302,-0.00560835099824076,-0.00432033812868481,-0.00306637482337854,-0.00234241651276864,-0.00134768247903562,-0.000947521025875617,-0.000426710766318335,-0.00032231217008313,-6.79347510943762e-05,9.63494079737623e-05,0.000115197479190699,3.27127130310668e-05,-0.000183530851896677,3.65391362510868e-06,0.000328564814471427,7.11962614558792e-05,0.000201795256251312,7.72269102879141e-07,-1.29265679226686e-06,0.000298091926119914,3.69348281958686e-05,3.35539065493678e-05,-3.78579404545806e-05
0.132711259061616,0.132641846196419,0.132486509463196,0.132261576416415,0.132424279458055,0.132144287049046,0.131798904196526,0.131466460985468,0.131383741299044,0.130989541240695,0.130974982687638,0.130002904173771,0.129805585060718,0.129085049629965,0.128719055939518,0.12784220865268,0.127214445955884,0.126397698037253,0.125270703620753,0.124083715419952,0.122014625364551,0.120607880571009,0.119465224756331,0.117148420602266,0.115071252925024,0.112690777161202,0.110152923366972,0.107377311279628,0.104662214935798,0.101386488542959,0.0985956897638117,0.0955677744045628,0.0924914310086829,0.0899830246191153,0.0872116763268612,0.0847759981320018,0.0833414973426146,0.0820802852300328,0.0805938227316576,0.0798805851607936,0.0792723288403441,0.0790708365474013,0.0792042787885985,0.0789175642374211,0.0790122735970945,0.0787464276455632,0.0785594984027018,0.0786857421396985,0.0784722975486313,0.0789125181462671,0.078548294305324,0.0784487836951478,0.0782999279801486,0.0781669163298589,0.0782664606525552,0.077718634736628,0.0776124961751751,0.0774025410388886,0.077341765381555,0.0769146107387379,0.0765382078033942,0.0760212415645682,0.0758142523398735,0.0747403206585985,0.0743486853915131,0.0733520828709744,0.0726607104135424,0.071608176405024,0.0706068258367594,0.0686861536621219,0.0673711014182538,0.0656273471486389,0.0636608088025425,0.0612245945736967,0.0585314579347916,0.055900551222284,0.0526204830593047,0.0490071661847609,0.0449580753923168,0.0407559838316874,0.0359803676901201,0.0312473518790865,0.0259528986584712,0.0207329152540546,0.0153444637189852,0.0103121400902752,0.00549108492708474,0.00123557975352042,-0.00256569735607686,-0.00563578848591919,-0.00754169182064645,-0.00924075933756691,-0.00976752900956964,-0.00959585590921616,-0.00922577366650069,-0.00812234115210955,-0.00723578210174058,-0.00597606508842206,-0.00475033211755978,-0.00392718372508201,-0.00274032238950128,-0.00217225631554895,-0.00137626357188024,-0.00074985499571981,-0.000593068346191858,-2.47084281993588e-05,-4.84556650590175e-05,-0.000106488302335421,0.000151004139546484,-3.01590033765141e-05,5.10847394143623e-05,-0.000157335477524099,1.82098436446435e-05,-2.27315142595235e-05,0.00020596669121256,0.000136219535980229,0.000237785485394122,3.90358874615088e-05,-0.000272943625265562,0.000392632210136371,0.000110157129919653
0.144684715834107,0.144493402424532,0.144715935030299,0.144366515979582,0.144189704692764,0.144107650181159,0.143674180515317,0.1432057966075,0.142936972830969,0.142461211054148,0.142776662675277,0.141767075488328,0.141211643604654,0.140899719324877,0.139855555527791,0.139180839535789,0.137923423449612,0.137229066320705,0.135661990728323,0.134555031848548,0.132641199925025,0.130785833305422,0.128431917462138,0.126553221787958,0.12386573897561,0.120778931623261,0.117943316650103,0.114614576722151,0.111107259339426,0.10742551274196,0.103922179076129,0.100041463973803,0.096578281264366,0.0934771567223145,0.0901255138354991,0.0877798519426257,0.0852733800988814,0.0836918205779877,0.0825269234983447,0.0815014280128208,0.0811255919493439,0.0806325338324453,0.0802019246187828,0.0803817586477714,0.0800918297734836,0.0802820815121988,0.0801067682215231,0.0801471262953962,0.0801960067000427,0.0802818841852985,0.0798708052269318,0.0796952456558422,0.0796228110163649,0.0798878242635915,0.0793707746043648,0.0789756748337455,0.0792710913425077,0.078975458549764,0.07838440652668,0.0782952942221648,0.0781110774869481,0.0776597252511194,0.0769190357047759,0.076378616641862,0.0757506348408419,0.0750861785063382,0.0744308056119859,0.0730604018096748,0.0721622748478198,0.0707609096280699,0.0691074643339464,0.0674860049285403,0.0655278081507938,0.062942146526182,0.0604917645601165,0.05799877722325,0.05482222534222,0.0509680165675124,0.0471645285559928,0.0427410244306041,0.0386502082797668,0.0333769398606764,0.0285592890854691,0.023164316485397,0.0178020019993958,0.0127517826748463,0.00809191764934916,0.00381694749221851,-0.000438212100040286,-0.00328226025757034,-0.00542600528269085,-0.00687606621492927,-0.00780504622449358,-0.00806430011531894,-0.00751414192110661,-0.00684854169818473,-0.00597101113577042,-0.00489218395833899,-0.00402646446389749,-0.00330289107397743,-0.00211990426140486,-0.00155676630915199,-0.000667265061751205,-0.000363939288991409,-0.000161400623081528,-0.000296125451090466,0.000318783184764494,-0.000188879238785959,-0.000215192350224111,-0.00022717202543158,3.28313136771231e-05,-0.000104440157155081,6.90881641609088e-05,-0.000112441666960637,-7.29003997101342e-05,-4.82718811828047e-05,0.000229926975474247,-0.000213671239929238,0.000486272812958423,-8.1285502289509e-05,-7.15813586495719e-05
0.154273355567959,0.154493695999494,0.154025111737384,0.154018911578877,0.153902321209497,0.153508223547196,0.153599086809191,0.152936008362617,0.152738381797278,0.152076863157274,0.151587277790512,0.151099900591672,0.150812865031013,0.149664065870085,0.149147219688217,0.14827668407556,0.146973203150755,0.145675199432476,0.144426434027428,0.142508504814897,0.140745303259372,0.13863342140505,0.136225751096376,0.134001516069381,0.130718773159757,0.127701805425845,0.123892558610794,0.120507215505565,0.116729565306936,0.112407512610196,0.108180562071421,0.104241652499502,0.100263680772288,0.0966406873322942,0.093318914481795,0.0900572711332738,0.0876588231364397,0.0854806298349795,0.0842316186655556,0.083217459529144,0.0821877467881112,0.0820033060467922,0.0819764285697978,0.0814532688090264,0.081765888391483,0.0816958236027462,0.0814904933378022,0.0812012676486867,0.0814493918559595,0.08129411132519,0.0812409103966127,0.0809873626207177,0.0809347390587061,0.0810469980358098,0.0808604585504765,0.0806919156664923,0.0807213759615664,0.0803416760599836,0.0797195013200495,0.0796586415930364,0.0793784094007542,0.0786938312427038,0.0784375599131141,0.0780139420686184,0.0769760894339535,0.0765881766744057,0.0760823545431681,0.0749304622378244,0.0735579812068745,0.0721633731816992,0.0705921956685926,0.0690844201793108,0.0670589149118354,0.0648364632643108,0.0627310591542909,0.0597895691659198,0.056468487841093,0.0530498115981581,0.0490633297108826,0.0447666261448046,0.0402437562058496,0.0356238930870061,0.0305531831327614,0.0254551393650951,0.0198713189282594,0.0152831015108446,0.0105704478658958,0.00580384274006365,0.00247834454849098,-0.000912063192574005,-0.00322604536785051,-0.00480203131685891,-0.00536024650604776,-0.0057621777406592,-0.0060657102969097,-0.00571135955441267,-0.00493234225681944,-0.00357993831423128,-0.00292257914203935,-0.00232621200719469,-0.00184882106536384,-0.00100593804636747,-0.000943985557985683,-0.000278215291105286,-0.000293392101724135,-0.00034858083869651,-0.000100998731741393,-0.00016717946534057,-0.000274078684127722,0.000135467509325888,0.000278962670062745,0.00018215851893371,0.00022778039448079,-7.30244709856479e-05,-0.000272367480080781,0.000177352300857499,0.000215479751844045,-6.10191494886848e-05,0.000151452905668255,2.48178664509364e-05,-0.000211558651871492
0.16229135324,0.161854870004005,0.161675205883079,0.161501089154097,0.160961452847616,0.160913852226145,0.160846129629386,0.160583197603444,0.160029862202472,0.159546549020346,0.159006628320596,0.158561128926769,0.157769182867347,0.156731135992686,0.15587180768937,0.155188772651597,0.153610033529721,0.152531962974853,0.150867858809822,0.148570135719319,0.146928642772187,0.144798119626377,0.142252706723361,0.139327417251867,0.135997596362097,0.132726994790062,0.129013087034821,0.124959390652288,0.120400733289751,0.116094569229906,0.111502329310765,0.10706513740055,0.102691615043482,0.0985907508903006,0.0950181917085786,0.0919754096159567,0.0889528531121775,0.086768913069371,0.0852283412482999,0.0841594402612628,0.0834623600649103,0.0832014008536345,0.0830021682303956,0.083016644507618,0.0827303753989692,0.0823826112079879,0.0826917444245711,0.0828311188659702,0.0822726783361309,0.0824471527097962,0.0821944869731625,0.0823586240288073,0.0822813089891022,0.0821995835397485,0.0819328148541323,0.0818500283311275,0.0815655798133187,0.0815577044731421,0.0809731925820802,0.0809053710215235,0.0806752069412807,0.0801735957986145,0.0795677293235527,0.0789147322760912,0.0783138792047882,0.0775019106516712,0.0769652061367247,0.0761792413674717,0.0748235432442838,0.0734486395105734,0.0719757504626981,0.070532885970983,0.0683205502236398,0.0665242201972078,0.0637908062015608,0.0612495767174669,0.0580374151915402,0.0546279137489812,0.0506139131809892,0.0469102561044283,0.0423961333115379,0.0373614001631558,0.0327636387128108,0.0276749435141304,0.0228630089504016,0.0174811735926653,0.0129607500327916,0.00876143113512476,0.00480398704795632,0.00158900679272408,-0.00108995176987039,-0.00248589377125321,-0.00360914318373217,-0.00415119613406806,-0.00426956950078938,-0.00426184559641433,-0.00342189104071,-0.00295904997014878,-0.00235079014858564,-0.001822544735539,-0.00162323715318959,-0.000627764749876377,-0.000650578018701175,-0.000265443082085811,-0.000166962259690126,7.39384155410459e-05,9.0317637827151e-05,-5.5375868779017e-05,8.59042487261382e-05,2.45867066674522e-05,-0.000132123083985048,5.1625565397402e-05,-5.23171132016416e-06,0.000200540176742953,-0.000154359106952202,0.000178167125869698,8.31772111511043e-05,6.71540426466813e-06,6.97261564852126e-05,0.000119640940218828,-0.000301441527504786
0.167089519031736,0.166512953297488,0.166812750264599,0.166409549231507,0.166430148198134,0.165988890647486,0.165786802039705,0.16547076929699,0.164974190186679,0.164952453507413,0.16405432703621,0.163437046287942,0.162536220141888,0.161823474542023,0.160880003806325,0.159732999090371,0.158408868171767,0.15697047198991,0.155561949730286,0.153688673759018,0.151614989803465,0.148884331986505,0.146067814243331,0.143159773971134,0.139532976234005,0.13616652482331,0.132254866837517,0.128227790348989,0.123287041460267,0.118951690860177,0.114065420179357,0.10959586066098,0.104697341643286,0.100698389945762,0.0964925685420791,0.0931064577795497,0.0903882533953094,0.0880216522012125,0.0862160166561433,0.0853704837722672,0.0843527093433717,0.0836924710098512,0.0836096924476159,0.0833942276807928,0.0837784120491854,0.0836145483686548,0.0834966547690774,0.0834872626427193,0.0834494755227197,0.0833178945584335,0.0832596896925503,0.0832111496136315,0.0832602282164388,0.0832518386305375,0.0827948677125837,0.0831402423320588,0.082525458507821,0.0823526380449281,0.0821597733972883,0.0818244044595805,0.0815789450156356,0.0807627096689289,0.0806893028767235,0.080104686404691,0.0792658646537246,0.0787689930229477,0.0779971822271501,0.0771634912481203,0.0758258046395681,0.0746738060531378,0.0731523315776499,0.0716123861675927,0.069926959630573,0.0678060668066286,0.0653138427557812,0.0627791451587918,0.0595754599034597,0.0562017419864258,0.0523287031051649,0.048779089213562,0.0442730391867432,0.0395215006889403,0.035179859429942,0.0297632506808311,0.0248435009063665,0.0201808513144514,0.0151555959790904,0.0113364052775718,0.00724518516654239,0.00388875203291424,0.00152554182006178,-0.000376068683390905,-0.00157560745303823,-0.00230055084324905,-0.00231273404613295,-0.00233747510383503,-0.00234032599753174,-0.00186224758533146,-0.00154691792283937,-0.00111682927092943,-0.00084110656456652,-0.000816548569998337,-0.000369387374981395,-0.000337373674282925,-8.91633819299288e-05,-0.000170498525443441,-9.49312822779312e-05,-0.000179402800261658,0.000112562657773878,6.87995818582478e-05,2.67688148277136e-05,0.000125307976519843,0.00014288524990128,0.00014711641512225,0.000121238664427511,0.000141657309296236,-0.000107742844729195,5.01078970023557e-05,-5.32031253821358e-05,3.03377364779493e-07,9.19817032421855e-05
0.169829095463415,0.169720198962888,0.169793469708365,0.169359198276119,0.169113138757858,0.168820308148639,0.168488212836893,0.168272903252482,0.168039373419864,0.167269094700822,0.166814232330065,0.165848572437227,0.165490660476156,0.164882869411513,0.16357596495243,0.162336505635086,0.161225762725511,0.15968807980384,0.158039326049407,0.156005385302368,0.153679534788251,0.151307300298448,0.148689460334731,0.145751805529281,0.141975065357162,0.138376882212712,0.13401594552359,0.130276250643036,0.125332623300159,0.12026594096522,0.115463358334565,0.11082405815381,0.106080875014656,0.101643958190613,0.0974242408082581,0.0940952991887062,0.0909798741410533,0.0887509101639339,0.0867575388822528,0.0857834762409313,0.0854081792010524,0.0848863772164089,0.0847552100875857,0.0844509057373723,0.0841878947294337,0.0842629971494042,0.084258883909846,0.0841994362140475,0.0839566769132429,0.0841024503989427,0.0841238158565249,0.0838180038641329,0.0838103715481474,0.0837898398014249,0.0834911973862572,0.0832948580984655,0.0831797538251249,0.0830305495975472,0.0828926087234911,0.0826702773230687,0.0821473705365988,0.0819462310200929,0.0812386609262117,0.0808343915076768,0.0801890823702738,0.0796963811177634,0.0783934314583534,0.0776893284684465,0.0768334714511367,0.0756250897970832,0.0741765663634285,0.0724030167017627,0.0709416935834417,0.0687199248202069,0.0663624832275391,0.0637172840060045,0.0608269412935387,0.0576131018860718,0.0541822827601387,0.0502577094423652,0.0459473404871092,0.0418138569182041,0.0367311164445799,0.0317630120711931,0.027237652094325,0.0221333500714115,0.0176868691648787,0.0131550106560782,0.00979615613496041,0.00611956893425441,0.00388091722582487,0.00176350695408856,0.000571632071356116,-0.000502912773072927,-0.000666614300437021,-0.000891850161492713,-0.00107307524673512,-0.000830392371004284,-0.000608613043862497,-0.000684463756557424,-0.000463896302939109,-0.000421295965625812,-1.21248935219251e-05,-0.000156951742218366,-6.13211747247131e-05,0.000137897625644876,-8.78689768074412e-07,-9.29877733081921e-05,9.14193384725213e-05,0.000217776444075278,-0.000125106631974664,-8.44503384969036e-05,5.11292192414831e-05,-0.000369834134839166,-0.000113817771700929,-3.29569151348579e-05,-1.91534532361506e-05,0.000134206839947196,5.34206475816361e-05,-1.61303410578087e-05,-0.000212322472356924
0.170982340567003,0.170481981250552,0.170456863533473,0.170014180513852,0.169832125318154,0.169650840241886,0.169218753080954,0.16894480503104,0.168236599013716,0.168109461987379,0.167504015492332,0.166920514709736,0.166216114607879,0.165617302125797,0.164169849863741,0.163089997629088,0.161679281743348,0.160135344925779,0.158469697723352,0.156606032887908,0.154511449662296,0.151963140235365,0.149323505467901,0.14599372626447,0.142535237722037,0.13874969490014,0.134669999680214,0.13006252932313,0.125928323022069,0.121158465435801,0.116285640727814,0.111455494380422,0.106506991217763,0.102443016950436,0.0981647567484319,0.0946975711858182,0.0912802942906356,0.0894398044351829,0.0876177382076612,0.0863335122799664,0.0856190857246093,0.0851056086926185,0.0848599239793632,0.0849063160077244,0.0850328807160538,0.0848296458315786,0.0847976771028238,0.0847200274819207,0.0847226607937406,0.0845997003869289,0.0845472916162318,0.0844366948377017,0.0843845624373268,0.0842020167782503,0.0842937591840591,0.0838396749477705,0.0836804673076223,0.0837161346157041,0.083366366766753,0.0830343942021402,0.0828793889620062,0.0824532336197502,0.0819959537352199,0.0813351749914298,0.0808711356732441,0.0802045761249254,0.0795633771668564,0.07852911711567,0.077509598670442,0.0764595352936081,0.0752366417719603,0.0735037201266172,0.0717833180794919,0.0697374391694704,0.0674386585614122,0.0650996637483275,0.0620068145204354,0.0589202889431618,0.0555068071955624,0.0517406767677075,0.0474010050596503,0.0430968592814342,0.0387937384570535,0.0340533046702041,0.0291013889031957,0.0243590051174547,0.0199344767706873,0.0156500764392388,0.0117547982980825,0.00875686449988228,0.00585617530211391,0.0038028997407829,0.0020964538070266,0.00127229837941852,0.000841308123393499,0.000384259348767188,0.000375895220388024,-8.85960993728866e-06,0.000100201665071958,0.000150112211379332,-0.000402940207588093,-0.000254723449340187,-0.000256648931089906,-0.00028977283443701,9.14325721994002e-05,-3.04283071320737e-05,0.000103701866625247,-8.22602002673533e-05,0.00034742403117549,-5.15396108717853e-05,-0.000105876696041601,0.000100512199076678,-0.000224226949462979,-2.92823043850348e-05,-6.07623731958782e-05,0.000247612436624304,0.000200300105225852,0.000239686276255738,0.000114087836397958,0.000110955972198233,1.31597455828015e-05
0.168866462158529,0.168788088438972,0.168679575600165,0.168837364871045,0.168222102904369,0.168413335709337,0.167918259828042,0.167284941383719,0.16701953141142,0.166858020042702,0.166310131532977,0.165248812140682,0.164987983359655,0.16392523089313,0.162949175611321,0.161564235088307,0.160533953639619,0.158822518985733,0.157143595632027,0.155107986238769,0.153340794645966,0.150864137468392,0.147897773600729,0.14540385434692,0.141651184478133,0.138225763627118,0.133947579246066,0.129927027124583,0.125481173831786,0.120787699144145,0.116047838494461,0.110921514658983,0.106395671124959,0.102328891508363,0.098253590036285,0.0946875443555003,0.0918696620165923,0.0896142701296635,0.087877407651476,0.0865760898368361,0.0859702670401247,0.0855532903382897,0.085342622353137,0.0851173392106352,0.0850725603634055,0.0853256903073402,0.0851999030088008,0.0851917507738801,0.0847860622793145,0.085070945804672,0.0848701768622294,0.0846660254953734,0.084901557067369,0.0843787207754513,0.0845368349234713,0.084418690229573,0.084170604482675,0.0839966480350221,0.0838075533578864,0.0835255539585021,0.0830668260372128,0.0828291095941247,0.0824850732658903,0.0819064960072173,0.0815090418686206,0.0808926867070085,0.0800689607270056,0.0791109680596459,0.0780337101187854,0.0773714557579139,0.0757087215129192,0.0742826121793628,0.0726675643893869,0.0705828047956031,0.0680370003469586,0.0657307163256369,0.0631545218251087,0.0602671729480152,0.0569986023766188,0.0530820540220183,0.0491942037145172,0.0449804028784557,0.0406483634694132,0.0359296564766435,0.0311255929231802,0.0264436879578052,0.0220679399615178,0.0179005564572853,0.0137969264468598,0.0108436777985043,0.00803399459188258,0.00564106886262741,0.00415248330374473,0.00354109871514983,0.00214263984146551,0.00188592586842451,0.00145586255505437,0.0010370498203891,0.000674195077929845,0.000722127212789091,0.000419667990004746,0.000372782119677126,0.000173053431221014,0.00019413380934426,0.000120401551239832,0.000163108829582694,0.000272614986768854,-0.000189853646128228,-6.55625920181448e-05,-2.13210350783776e-05,1.6695162007646e-05,-0.00019169504140514,6.60315673163402e-05,-0.000242944845230076,6.1757604089927e-05,-0.000192373499282768,6.87496030601959e-05,-0.000240956834739591,7.07862960357072e-05,-0.000144332182626701,-5.94792327220167e-05
0.165859541937473,0.165600421731776,0.165551792142236,0.165693686236833,0.165162737607423,0.164920038524326,0.16449492430975,0.164355147066289,0.16389383269565,0.163369155188469,0.162847662645059,0.162193480463142,0.161506459822331,0.160798447188548,0.159786039524301,0.158726006443121,0.157430116005766,0.156176161164423,0.154628795888005,0.152565828712392,0.150311569766951,0.148441051058118,0.145461581227894,0.142581235618428,0.139806280040872,0.136039400036649,0.132458329380818,0.128254961973443,0.123959381538272,0.119507581224019,0.114702008617061,0.110417027467317,0.105783821083188,0.101409673628287,0.097522213622433,0.0941490594410513,0.0916486047635507,0.0895102701247409,0.0876680764439931,0.0867786173932914,0.0859098656877318,0.0858650097863347,0.0854524807671654,0.0856202097664912,0.085460073203787,0.0853557567043436,0.0852756932762473,0.0853266271204372,0.0850783591426245,0.0850401330700578,0.0850384670252295,0.0849265490454491,0.0849645370491654,0.0849837755463536,0.0846216567941717,0.0842767592203556,0.084575703060101,0.0840133798131801,0.0841635453052859,0.0837709935770711,0.0834474994246699,0.0830076979299231,0.0824320409035837,0.0819169190326663,0.0815886037941078,0.0807539858649639,0.080512334293738,0.0795145104552866,0.0784439448285146,0.0773994624804473,0.0759874138647483,0.0747439613371647,0.0728998922166386,0.0708003914958577,0.0691731759187887,0.0670108052729047,0.0640553193501969,0.061338397538582,0.0583251255218844,0.0544017496106668,0.0504152499412949,0.0463537039606003,0.0421355839723438,0.0376635849494729,0.0333310404678351,0.0285479606302366,0.0239142169323531,0.0199196933869755,0.0160138477106855,0.0128536059534282,0.00988675446480313,0.00787051698613356,0.00598227737259967,0.00485559715061598,0.00400320612397068,0.0030867485176299,0.00298401248877686,0.00190288834676632,0.00142003981704207,0.00144100437654591,0.00118593332799336,0.000449058829764418,0.000433227894039354,0.000212082923514753,0.000171798152181662,-5.99008536745238e-06,-4.71707015797637e-05,-2.44139913028081e-05,7.32015910760384e-05,-0.0006272631999379,-0.000317932203216236,0.000216546778184409,-0.000295858552189012,0.000140473334799185,0.000118477949840949,-2.22311828096577e-05,0.000163996612192721,0.00015860625862411,0.00026009811105009,-6.72943272729762e-05,-3.86254791434791e-05
0.160446525287792,0.160739712107136,0.160572187528184,0.160677389639893,0.160213151554998,0.159931988785474,0.159606111007765,0.159549229635095,0.159028771643475,0.158453804913461,0.158253780610016,0.157353147528688,0.156625074114391,0.155987810836009,0.155227230890654,0.154238417804608,0.153208910716122,0.152036163457828,0.15028738241805,0.148558996546036,0.146512324077602,0.144433535036056,0.141882401320597,0.139209682932148,0.136500076436969,0.132743797650049,0.129388527318192,0.125720423263115,0.121227542031365,0.117193370617062,0.113041311006192,0.108510374348267,0.104357191495806,0.100466818702515,0.0969598287696548,0.0936843613972973,0.0909353275319081,0.0891122767576566,0.0878056766827999,0.0867559829101554,0.0858366502123983,0.0854895437357137,0.0854296374981491,0.0851295884294564,0.0850059775387197,0.0852538264637219,0.0852248240679349,0.0853567554895337,0.0851473036353232,0.0850837134252377,0.085287493699271,0.0849020001020756,0.0845920355970275,0.0848735412292048,0.0842226226339444,0.0842829933469786,0.0842046101120739,0.0843369159848367,0.0837332363858297,0.0835877288449514,0.0835439652559611,0.0828620099125763,0.082484951827543,0.0823501452310886,0.0816008426837382,0.0812998707630161,0.0805439486212643,0.079542780528917,0.0785173776679025,0.0778023926014495,0.0765045034266518,0.0752317302552049,0.0737154201520344,0.0716777285763656,0.0692907212606863,0.0672611353492407,0.0647608473283304,0.0620710860520516,0.0587364820628902,0.0555090247670106,0.0514129572939973,0.0477710058182484,0.0436259754484913,0.0391324484817032,0.0348383739600954,0.030353362045457,0.0260036082407648,0.0220453565146389,0.0180985913316084,0.0148470111694654,0.0121087789021467,0.00950147516540915,0.00783078202613216,0.00619468364053064,0.00517704972938316,0.00450886883579029,0.00345895355831593,0.00295899835991911,0.00212984353171879,0.00169866050988217,0.00122515610426212,0.00123082941309023,0.000655319408202515,8.79481432571677e-05,8.04170178118571e-05,6.14749978789489e-05,0.0001070190844016,2.62493519148116e-05,-0.000106716763556164,-2.88964698777673e-05,7.05168929993124e-05,-3.45969707170678e-05,0.000235665875493428,-0.000264795908801636,-6.01259051507808e-05,0.000306857281384342,4.60919921391854e-05,7.82751875175682e-05,-0.000464001160236879,0.000559668426041839,0.000307982976902562
0.154338409601062,0.154258788172092,0.15380687608349,0.153845851284519,0.153466402075767,0.153493430684404,0.153183622408871,0.152871701369721,0.153015477600256,0.152198278125086,0.151961342951575,0.151226747750625,0.150660846678488,0.15012452419038,0.149016699003035,0.148215733571171,0.147038923341457,0.1461042354175,0.144521176568893,0.142846351035065,0.141589157631406,0.139255912107793,0.137144545395577,0.134521289935764,0.131894592393008,0.128957172914328,0.12556192081444,0.121749155825048,0.118171978690623,0.114547591149681,0.110286288039462,0.106533077459511,0.102599748888914,0.0988766225836814,0.095583676616793,0.0931597219852084,0.0906918896604086,0.0887472986171501,0.0873165269285966,0.0862205725887789,0.0858278848131968,0.0853895244818409,0.0852018481990687,0.0850268437768967,0.0851439585546377,0.0850456485466349,0.0848013435283923,0.0849299184839447,0.0849160978045063,0.0846699127474103,0.08479687696849,0.0844743745474882,0.0847554288716063,0.0846711339657162,0.0844465400798363,0.0843525708356604,0.0842348916018513,0.0838177045154603,0.0836670113336681,0.0834359228829212,0.0831450879289657,0.0826273306210236,0.0825447028283658,0.0824079966860918,0.0816026217018112,0.0814376552777387,0.0801001988196078,0.0795407541736558,0.0787917051556606,0.0778618628769607,0.0766944329490341,0.0753365260668852,0.0736492747271108,0.0720272714942487,0.069988603436294,0.0680872463969875,0.0654358201054863,0.0624771295932094,0.0595735452294978,0.0564464976377375,0.0527448144181632,0.0489058557008891,0.044770874400094,0.0409478170755148,0.0362728757103511,0.0318619877102843,0.0276133051542024,0.0238897761613695,0.0201493585904025,0.0169289061331512,0.0141183945294963,0.0115556198005222,0.00920599645423561,0.00798875489620726,0.00662779120231747,0.00591308618915912,0.00476883733403697,0.00373761256101145,0.00293711634543643,0.0025079744768032,0.001748022919521,0.00126530344403681,0.000663646711277723,0.000530715960796415,0.000245200505660939,0.000177485731515282,-1.05048875308861e-05,-3.9848663594198e-05,9.69246114267814e-05,-2.22702870843763e-05,-0.000249619358876918,-0.000197858732103441,-0.000125043432018295,4.02568595284e-05,-9.89397571797414e-06,-8.38633630328967e-05,-2.3617420381685e-05,0.000124107510298125,5.91633013346244e-05,5.01668085444421e-05,0.000133055261922812
0.146319980208734,0.146617340050645,0.146276127752026,0.14623270049356,0.145716205780305,0.145610983822625,0.145617838758433,0.144985438777435,0.144662477186693,0.144549764203553,0.144260503448221,0.143845671120566,0.143347712361202,0.142909876607556,0.141930745993724,0.141467621672744,0.140286896103841,0.139134408882927,0.137800180510904,0.136514720191367,0.134775643256599,0.133376609172007,0.131066167507942,0.128572019665481,0.126328189670339,0.12344276499429,0.120540408083923,0.117700588873105,0.114078085021216,0.110995325265816,0.107259023224115,0.104060674949737,0.100423946639569,0.096923713981327,0.0944311803244465,0.091742955374259,0.08967379451007,0.0880198724068983,0.0871503487533023,0.0856274900306977,0.0852583592801359,0.085137690149213,0.0849104253073196,0.0845333113060029,0.0847608858859551,0.0843860873316889,0.0848594803691931,0.0844945333301206,0.0846702065494589,0.0844842044271391,0.0840915501486014,0.084507363216099,0.0843199626679049,0.0842882560910361,0.0841316008949311,0.0835800822741826,0.0838145415778542,0.0838640079438166,0.0837315288156592,0.083389116677103,0.0828314522722569,0.0822609105256117,0.0823868011228221,0.0817181752929356,0.0814073956191154,0.0807678660952789,0.0801573849270134,0.079190461212986,0.0782678975877749,0.0777767223140591,0.0765524640170567,0.0753563707131637,0.0736993030644356,0.0721183849174541,0.0703712249431675,0.0680979886110214,0.0657221954106869,0.0630121570462737,0.0604747150012022,0.0570128203824568,0.0536994557332874,0.0498248495346404,0.046131796374166,0.041824404115707,0.0376253345443414,0.0332973665976072,0.0295781636087375,0.0254062207907155,0.0219519773084832,0.0187232681827806,0.0158986382698171,0.0132446474117593,0.0111947793649743,0.00941413595109485,0.0080541409479319,0.00683111091146531,0.00543575989762033,0.00467975699577962,0.00363038275640826,0.00306710670163682,0.00195102815975206,0.00155967533798978,0.000950166242328829,0.000225807235037024,0.000405346533745488,0.000140233255031873,-0.000339533409142182,4.99325260481934e-05,0.00023205301538737,-2.08706181497963e-05,2.77303855787151e-05,7.25292804739937e-05,8.8924358728934e-05,6.7740055065391e-06,-6.52801273471945e-05,-7.99076982173112e-05,3.67077986826995e-05,-0.00025416222063165,-9.38266901129157e-05,0.00012512807903559,-4.97202214085155e-05
0.137570921939348,0.137348048445854,0.137542720249507,0.137240145616677,0.137335608681389,0.13729363862584,0.136850819509347,0.136479758173568,0.13634790421714,0.135994730834888,0.135567417007683,0.135448224530603,0.134977730566014,0.134168151488009,0.133780221401304,0.132805129646972,0.131922316151386,0.131034627347321,0.130110058636471,0.129002492094388,0.127621963754762,0.126061563586534,0.124169712011003,0.122289015161695,0.120039605717931,0.118026410271211,0.11518665305501,0.112681950452252,0.10991898550386,0.106897188041349,0.103931993053757,0.100645377736131,0.0980337897364685,0.0948603480577101,0.0924536993740081,0.0901885907904982,0.0884861890522729,0.0869940352583478,0.0859500173856584,0.0849313340878386,0.0849609348549163,0.0844569355751818,0.0841930281230105,0.0843731337750978,0.0843464171180447,0.0840314788802805,0.084193617572725,0.0838723375737514,0.0838646601889243,0.0839326949545373,0.0839244125729057,0.083881848096079,0.0838371702769222,0.0835974995704968,0.0834996096380097,0.083382382920329,0.0832111785169138,0.0828822021746172,0.0828160979588574,0.0829212297638725,0.0827469343792791,0.0822597801051464,0.0817353803510248,0.0812056131145634,0.0810550411382105,0.0804300552331501,0.0797428745043515,0.0789433610300178,0.0783928261645014,0.0775703141145509,0.076184889614177,0.0750674807669129,0.0738856040087971,0.072051567785544,0.0702024557976561,0.0683722602463307,0.0661989367800077,0.0633420100877276,0.0606354730889977,0.0576182830073998,0.054233504946967,0.0507632468580537,0.0471357085408809,0.0431446395868834,0.0391116057805898,0.0350955330789687,0.0310776496791291,0.027455828815184,0.0234674437357385,0.0201587928737757,0.017404551682667,0.0149089993493601,0.0125924949970745,0.0111475475332577,0.00921286051119261,0.00797054208768834,0.00650707245474274,0.00532809581851708,0.00414031982805786,0.00327769153570384,0.00248226416657133,0.00172379976680004,0.000794233179534511,0.000638465638679734,0.000307555382755177,0.000317428391546738,0.000347584069803265,-4.15629730874715e-05,8.53137975912081e-05,1.73106494222961e-05,-0.000130183356768876,0.0001531623985899,-3.78596123577788e-06,-7.32901240458164e-05,0.000347949980518094,-4.98078746383026e-05,-3.69286440752323e-06,2.23654575700505e-05,-0.000102831257009511,0.000330686513714357,4.17260664216953e-05
0.128155728303779,0.1280647639556,0.127940394131875,0.127814898640715,0.127354282010604,0.127062766830986,0.127309549611624,0.127078411236319,0.126720142368892,0.126491812128241,0.126551989632974,0.125834796527704,0.125567069887173,0.125183185267987,0.124883798342568,0.124390550354481,0.123202417482976,0.122575553470867,0.121831457628955,0.120947046388409,0.119645856034136,0.118009364496417,0.116802387776269,0.115322398567912,0.11328505739157,0.111566932228267,0.109233828046638,0.107112135646579,0.104855955872018,0.102327656928063,0.099922923941578,0.0970560050390767,0.0949712963307639,0.092648928608559,0.0905111544928016,0.0884852481910344,0.0870039596864657,0.0855714454276018,0.084929155860969,0.0844969353002816,0.0838222112030056,0.0837694440089121,0.0837206355606928,0.0834406764740865,0.0834174868895272,0.0834015153077619,0.0832523796811975,0.0835995539247211,0.0833411836741414,0.0832693189786044,0.0831697803237339,0.0830745696412109,0.0833288659304157,0.0831268802733249,0.083214053531914,0.0830783002709455,0.0825419992026178,0.0826308896446567,0.0820942618778195,0.0820253955863352,0.0816601216654331,0.0816505715578612,0.081130815366636,0.0808856877398192,0.0804150291734423,0.0796296603358158,0.0790464588751897,0.0786374476693961,0.0776887134325112,0.0770874368102958,0.0763409346176843,0.0745061092676448,0.0732688730939917,0.0719263082442789,0.0707128219095836,0.0682362191432784,0.065914292788744,0.0636549720656168,0.0611404662467983,0.0581266025486076,0.0549492473691405,0.051754424297106,0.0477206551485996,0.0438867735112616,0.0405060413050461,0.0364270110048551,0.0327868926668057,0.0290450377723202,0.0250172289929238,0.0217553674930155,0.0191563798283977,0.0164713122592997,0.0144268783674416,0.0121992680147344,0.0103876113888101,0.00886000817030477,0.00718942560166771,0.00587528248619803,0.00497096547561404,0.00364130649359784,0.00282542375454427,0.0019309052960346,0.00123020496006713,0.000991283854130178,0.000464185074119496,9.61113205366289e-05,-8.26302893278422e-05,-3.45212192913262e-05,0.000265799696124767,8.69780593293284e-05,-0.000140336051103776,0.000307166941896681,0.000306536344928317,0.000387749461149083,4.29910575549543e-05,-0.000323134217543804,0.000278571910707805,1.13908150435485e-05,-0.000126446543684991,2.99702915552571e-05,-0.000309058503583323
0.117951665859615,0.11770284362307,0.117557314189862,0.117561639340411,0.117566814456195,0.117310006579518,0.117363271509135,0.117316868854841,0.116685157984555,0.116839531516838,0.116600289509954,0.116513136654528,0.11603223609814,0.115567192336086,0.115063687976531,0.115032706166508,0.11402700076696,0.113570180146631,0.112712505759743,0.111886040126163,0.110714423324457,0.110143945095021,0.108747991998326,0.107829490245094,0.106511321131596,0.104642263024316,0.103158706667993,0.101185517679275,0.0994364490914759,0.0974827529592525,0.0954579672299599,0.0935329086283281,0.0919507574748847,0.0898326175108628,0.0881568627777535,0.0865587528143089,0.0853080537898697,0.0846065426664393,0.0838532468147154,0.0832962530645797,0.0827621753040704,0.0826731654272339,0.0826912444582593,0.0826958186341427,0.0825580496812682,0.0825193847506748,0.0825339530213331,0.0827878912406878,0.0825909984727974,0.0827099169716708,0.0826462042583796,0.0822326958696507,0.0822097033335691,0.0818117926762199,0.0821356790517898,0.0821423008415353,0.0817374926639728,0.0820131140912802,0.0814542080472872,0.0813559552286837,0.0810388959362341,0.0809449328112756,0.0803547081838201,0.0802483648412253,0.0799408850468117,0.0793056299143765,0.0787712923583258,0.0779519056364262,0.0776571002577386,0.0767859574484239,0.0756671444114619,0.0744217864148971,0.0732563400456097,0.0713745847409436,0.070073380794893,0.0685816437086824,0.066137569310023,0.0638187204599752,0.0609847329146474,0.0584961659902194,0.0557901761569384,0.0522697963048005,0.0485719072141987,0.0447853347991024,0.0413761026872974,0.0372431108695627,0.0337699530076228,0.0299355040736626,0.0265734826957,0.0233785691283752,0.0206536282440061,0.0178650359481574,0.0156563095631813,0.0133250850462198,0.0116096819577019,0.00975526127798568,0.00822337180573179,0.00650332024517483,0.00533116347163697,0.00422601631183457,0.00286628654487114,0.00202370380301607,0.00117193928335968,0.00095213573822682,0.00066776109344355,0.000197619943894956,0.00024554046533854,-0.000296917671026819,-3.59749957699099e-05,7.05792940144696e-05,-0.000226068903044953,0.000111983381233046,9.94742023185479e-05,-7.94798890153828e-05,-0.000118262654250595,-0.000257417152328308,0.000127799825601984,-0.000357122874071791,4.05642950523805e-05,-0.000240806369623587,-0.000146273356730903
0.107358743028241,0.107596854825601,0.107352842735301,0.107043033842776,0.10709037465915,0.106983879572764,0.107043215955933,0.106776477538763,0.106762932563676,0.106633074549898,0.106567694196349,0.106367145874456,0.105886814110862,0.105881623530031,0.105217032414237,0.105123773019085,0.104483986164677,0.103973799097994,0.104140005303724,0.103003040061324,0.102426260201484,0.101785218487769,0.100997181580346,0.100042810795674,0.0988733414687021,0.0981345619517915,0.0967096998608127,0.0952449794662993,0.0940094577064959,0.0923888652712098,0.0913301435114899,0.0897136801694784,0.0884062157577689,0.0870438810229649,0.0858639290559711,0.0845121385768464,0.0837737202771616,0.0832735719162499,0.0825925679114734,0.0818922928277529,0.0821780051501165,0.081671151734303,0.0815851888245483,0.0817700656931049,0.0817497149183503,0.0817830860138707,0.0818680631621343,0.0815786009721815,0.0817855359087198,0.0817658570802426,0.0817426649762622,0.0814312285749747,0.0812863644418803,0.0814731971270457,0.0814310565848798,0.0809100630753929,0.081066327620153,0.0807644445401708,0.0805373034536132,0.0809462337115972,0.0802409737848038,0.0799710905788226,0.0797096283802636,0.0794272854153192,0.0790563108077189,0.0785043615749848,0.0780113910676022,0.0771803599130048,0.076584602768499,0.0758762274543203,0.0750037911914708,0.0738448819835132,0.0729586890301331,0.0710775895370213,0.0699140382462475,0.0679748794241925,0.0662000022910421,0.0640483254205283,0.0613891312339246,0.0585263086161792,0.0561335906656352,0.0530497427393033,0.0490751134959652,0.0457537166023275,0.0420548268380047,0.0385183382313251,0.0348814851416964,0.0313412477908739,0.0281567425050199,0.0246970469753579,0.0220012136737951,0.0190350246439808,0.0167020850906789,0.0144449271265354,0.0123625783014017,0.0108638031405795,0.00925440218818075,0.00738622118671834,0.00605156932469546,0.00439628460171931,0.00333186844329539,0.00202845495324273,0.00145798412775211,0.000997635041257831,0.000578604326218974,9.37976572547323e-05,1.38279216860929e-05,4.02638816577805e-05,0.000272608364164683,-3.04287191940656e-05,8.23397665253261e-05,-8.5445345820229e-05,0.000157319264793655,-7.53289168602748e-05,-0.000135440875871398,-0.000139578152505272,-0.000158606594366267,-7.08109849571634e-05,9.47108561632258e-05,0.000242954067643269,5.72651422724412e-05
0.0967991196316311,0.0964897441358179,0.0966494309141205,0.0965038614035209,0.0963492931161958,0.0962578852167063,0.0966295580751494,0.0963455974522444,0.0962159691278462,0.0962127953727908,0.0961058959610169,0.096061040941428,0.0955633075124807,0.0956030283974957,0.0955138044261827,0.0953777501986721,0.0948149794202059,0.094826108499196,0.0943207558300811,0.0941106112105277,0.0936820158271598,0.093252688115048,0.0928122036468572,0.0919335401698512,0.0914491221165511,0.0908373848162876,0.0900483734079781,0.0887767238361383,0.0883789744900396,0.0874520080537319,0.086276753305637,0.0857505840287814,0.0848231885559838,0.0841899813631286,0.0831920097314162,0.0823868701633192,0.0819713901327314,0.081753468066258,0.0813523748118546,0.0809891218640815,0.0806287795592559,0.0806652178213578,0.080719393851242,0.0806568466522389,0.0806043428522543,0.0804220064521547,0.0809678042248983,0.080762621296879,0.0806481804464183,0.0805237674248016,0.080449614188956,0.0803613884072157,0.0803760247620781,0.080427892223982,0.0801416833645758,0.0800076528218421,0.0801100039441531,0.0799356464038488,0.0798463255884238,0.0797221879212986,0.0791353353001028,0.079184732776501,0.0791656411068411,0.078834465638569,0.0781817407640821,0.0775513047410917,0.0772575791498135,0.0767461791314938,0.0757688200232445,0.0750917529869902,0.0742213578015568,0.0733125784913679,0.0720030828596952,0.0709500995706623,0.0694865398189104,0.0676388476914738,0.0653916608929192,0.0638158139229548,0.0613337064381172,0.058650689957106,0.0557958979993275,0.0529158258442911,0.0498846746823495,0.0465770846076712,0.0426075108058919,0.0392797619732573,0.0358738550737552,0.0324294641675935,0.0289709526303678,0.0259769779874354,0.0228717597868125,0.0207616333348793,0.0179571198275866,0.0156201777414223,0.0136244231145693,0.0114934285872749,0.00973873092993114,0.00793610479521865,0.00634337983792288,0.00485712224476504,0.00354256645492365,0.002727578943046,0.00179021681842698,0.00085659830579966,0.000507967823909427,0.000281982219602711,0.000240435913432813,8.47700358716989e-05,1.48824729679994e-05,-0.000154250108255983,-1.36695270224229e-05,0.000267695362598573,7.01941312254126e-05,-9.71573691946836e-05,0.000352256903408018,-0.000350387444673784,6.89561201494044e-05,0.000243871645714307,2.90031279172332e-05,-0.0001806205131278,-0.000177296507393951
0.0858914444929951,0.0861091635623717,0.0861492782052318,0.086150498862772,0.0860636979935158,0.0860210876935724,0.0858132912779599,0.0857103904275517,0.0858816290523783,0.085740024603028,0.0857802280838597,0.0857639759701507,0.0859223008346937,0.0858802256920489,0.0857023200539933,0.0855995546560312,0.0856354777520534,0.0857482644474879,0.0851695390658485,0.0851587412818912,0.0852380000966479,0.0846287457143874,0.0846427435479518,0.0843062306747779,0.0842660702465082,0.0837380992785074,0.0831842120180655,0.0830915942493326,0.0828238487134746,0.0825380257071193,0.0821416131197984,0.0816234781402932,0.0813853382705617,0.0808703121278191,0.0804962225249409,0.0804971938170937,0.0797621519448716,0.0803222207531045,0.0798127921955411,0.079361495580972,0.0797318743816776,0.0795600164706575,0.0793971167054741,0.0795111240459185,0.0796994433291255,0.0795265678264661,0.0795450586653606,0.0794825246602316,0.0794130229180867,0.0790584575287675,0.0792816987056417,0.0793283348428991,0.0794663807369191,0.0791320030856288,0.0789072561921253,0.0791927239089423,0.0789684743741846,0.0785664975835984,0.0787996435283293,0.0783057346173469,0.0782973659043786,0.078082282276466,0.0777911626768697,0.0776053797241531,0.0770984424942961,0.077073999019603,0.0760146861696354,0.075622324424091,0.0750814512548955,0.0741624603090593,0.0733106974763364,0.0723963951451392,0.0714172515130902,0.0702341554692796,0.0689890306440106,0.0672253836316463,0.0651734735611331,0.0630146185008028,0.0610728777414239,0.0589624246638415,0.0556569055986121,0.0532377473509923,0.0497858496925006,0.0466993378671139,0.0434652118647047,0.0400944459633198,0.0366059239954856,0.0334463073480785,0.0299629941264173,0.0269571847547647,0.0240186403924253,0.0214365363071409,0.0190223155027877,0.0162854938019817,0.0142755075166248,0.0122847549563952,0.0103281444079078,0.00836073053572053,0.00687116113393349,0.00547393537496709,0.0036113557527778,0.00249106402134649,0.00193422755738796,0.00105300261653743,0.000624908855542168,0.000533222182052777,0.000354599206460035,5.35557597712977e-05,0.000115124171667377,-4.50447814316886e-05,-0.000156915699376104,-0.000195927342907279,-8.58590660474897e-05,9.60153417235987e-05,5.26721385641138e-05,-1.91238424825817e-05,-0.000351957152563897,-0.00026283103291303,-0.000232796882407144,8.70759961956795e-06,0.000110377609727279
0.0759459182982491,0.075844194855819,0.0759362342016055,0.0759167076830998,0.0761940766782267,0.075927054036423,0.0758679347273861,0.0757230310359798,0.0760284663958628,0.0759234282918627,0.0760412853864855,0.0760291885893857,0.07596225523739,0.0762332598757323,0.0761304259086889,0.0760025552864149,0.0762512385600276,0.0763128524645725,0.0762196950924842,0.0764787491465509,0.0765719056293555,0.076659753416494,0.0764899438938203,0.0765486848612168,0.0764271383736343,0.0768219355913443,0.0770007685806365,0.0770318759740019,0.0771548139609112,0.0772545475077677,0.0774039917711579,0.0773482476711133,0.0777846342543452,0.0778621179482604,0.0780238369417005,0.0779170403388767,0.077967305750421,0.078677403760792,0.0783843659375725,0.0782911232111488,0.0783343703013502,0.0784782174927622,0.0782538113706613,0.0784562641307087,0.0779731246753229,0.0780692639462494,0.0781012715999239,0.0781243948732884,0.0780890421806608,0.0780121608647946,0.0779457536535164,0.0778832287304359,0.0783782320990411,0.0779597246584276,0.0779205055271504,0.0780422422004747,0.0776962403569127,0.0776551462802347,0.077261093049125,0.077126307163832,0.0773221086409107,0.0769498697758993,0.0764954230857724,0.076596540274864,0.0764607985131833,0.0756072837100653,0.0755492249742657,0.0745957573105986,0.0741595630180013,0.0733584023434106,0.0724801400025383,0.071726619201509,0.0704590621979833,0.0695461264817531,0.0680392667353613,0.0666426573351139,0.0648440313900335,0.0634274413549967,0.0606659037027641,0.0587108431174806,0.0556116030909994,0.0531584822665973,0.0501287588799402,0.04745640258567,0.0438687024144916,0.04045277931276,0.0371360034706308,0.034073637531412,0.0307818209250924,0.0278795221783465,0.0251468720843925,0.0221659187281415,0.0199691468215429,0.017613893027477,0.0151103412914518,0.0126200760202574,0.010671607364779,0.00893590993229786,0.00695157814270211,0.00572614023268802,0.00376633145166015,0.0026941055453022,0.00184111432435056,0.00102844950019974,0.000818872808427191,0.000546543542875682,0.000160963171661124,0.000163700753134765,9.17005574070844e-05,4.83255779200801e-05,-0.000229029908749107,0.000212965462340589,0.000219038888397089,0.000147239166153204,5.22339797709546e-05,0.000106083758434646,0.000123415070289978,8.58665383349931e-05,0.000123620278556437,-0.000189841963883009,0.000213681237681392
0.0660817360012273,0.0659698460488595,0.0662159219554999,0.0661125762633722,0.0660900852936631,0.0663163795731488,0.0660541774262196,0.066455915644921,0.066409713560926,0.0664931260052443,0.0665984176107058,0.0668088840926525,0.0666933808648894,0.0672997003913315,0.0669213281772364,0.0672355500199746,0.0673668896060161,0.067467110116071,0.0676134832113877,0.0680230467422902,0.0683394116324806,0.0686421297974962,0.0690891279174805,0.0692047380375868,0.0696980957757834,0.0703630490734976,0.070630619220979,0.0709339258990146,0.0716688160480173,0.0723516215063479,0.0732338818015854,0.0735150651018474,0.0742641037226317,0.074812040390179,0.0755328471526208,0.0755771068506461,0.0761283476598462,0.0764829042696431,0.0765257860238448,0.0767286498375476,0.0768479767612219,0.0770414414716852,0.0770637597042698,0.077015626155202,0.0768738741399951,0.0770009200219248,0.0768962521945804,0.0767370846524279,0.0768885893618944,0.076810850973753,0.0769028744405511,0.0765929647351077,0.0766026864113149,0.0767213655871831,0.0766084112695159,0.0765424194713113,0.0764892778576175,0.0765359063320903,0.0763587775376452,0.0759053200609756,0.0759208702125897,0.0755516026996999,0.075514964846824,0.0750838746164262,0.0748921707105176,0.0745534065305007,0.074017084068846,0.0733479755859773,0.0728601263844888,0.0722401405213469,0.0714298677826936,0.0707503036409519,0.0699898211960558,0.0686692530996354,0.0670406903389011,0.0659651133799254,0.0642339620219754,0.0623868562054389,0.0605635083851797,0.0582742252440634,0.0556643795730994,0.0528327375833037,0.0504245302217946,0.0473790283118602,0.0446492865554563,0.0408883448767125,0.037613320268845,0.0346563079444881,0.0316948029173881,0.0287713236597249,0.0257508261191225,0.0230667894782627,0.0207006457524379,0.0183742133234747,0.0156907879590049,0.0134304336679777,0.0113660050147683,0.00932235323807932,0.00735772568448411,0.00578832191826634,0.00434850578782447,0.00267230826644175,0.00169161631700298,0.00121764134993562,0.000878020855789254,0.000573126550267273,-9.61980554888811e-06,-0.00011343535215058,0.000197247343013142,4.79422705809176e-05,0.000456066703866891,0.000329071942030129,-0.000217452211201765,-0.000100022606592642,-0.000190486738813474,5.12803980694226e-05,8.48190252474383e-05,8.99799845648393e-05,-0.000173252787463104,0.000161298728490174,-0.000234444596712393
0.0569664197192251,0.0570373567672476,0.0574840377491349,0.0574066616183695,0.0572710281441897,0.0570680126942171,0.0571854904009322,0.0577128128234392,0.0574402375440671,0.0576599247361445,0.0576701332898188,0.0577783822655815,0.05797478158886,0.0581672808737731,0.0583387461604278,0.0584141222899366,0.0587220707069707,0.0591085227112989,0.0599126686782545,0.0604278428357186,0.0608533362851007,0.0612390286277316,0.0615178922114112,0.0623877834735979,0.063119705319612,0.0640169003542162,0.0649459166483497,0.0655336853934283,0.0668286253465414,0.0679467368305814,0.068939937247564,0.0700252211771568,0.0710502835559588,0.0719855578104847,0.0731472272337386,0.0734163499753796,0.0742859680720926,0.0747778458512517,0.075289867185079,0.0752561910911283,0.0754742594367096,0.0757055046075524,0.0755860954871779,0.0754069251639859,0.075607756640424,0.0756306849919637,0.0754051712443679,0.0756373693195603,0.0755667142636115,0.0757170330787949,0.0753957301173556,0.0754602152398169,0.0753304508598397,0.0750164125946552,0.075292461760928,0.0748573657867666,0.0749502396830726,0.074796680406935,0.0747920603361572,0.074814186430664,0.0748784780563258,0.0745232250609481,0.0740472471090514,0.0739524753122202,0.0735309719705459,0.073230659746685,0.0730283261107467,0.0721886162029229,0.0714399717473082,0.0711377120667131,0.0701451415833347,0.0694104599179724,0.0688054394762286,0.0675329585658356,0.0665063734690706,0.0654138018347275,0.0637255134168531,0.0615149806581155,0.0598471904664792,0.0577442493122626,0.055336924602791,0.052848261048195,0.049893004144312,0.0473888691487925,0.0443636754175695,0.0417724244227079,0.0381230037226061,0.0355700388738744,0.0323231447915955,0.0293187033963611,0.0264285482199986,0.0239080779454769,0.0209296206959749,0.018772340465154,0.0162281702608142,0.0141391186894806,0.011711908399781,0.00953591626994845,0.00740960774575322,0.00583677386180032,0.00436571767510738,0.00307715780339582,0.00173661777279194,0.00129906577065183,0.000529735762446562,0.000220508089156309,2.1921240768925e-05,0.000184585036620269,-5.63423995081838e-05,-3.4719054396552e-05,4.52560677282046e-05,0.000295161769703362,-4.11440673704109e-05,-0.000216480917719712,-8.04191854771572e-05,-0.000236595060699183,-0.000144425628252293,-0.000166832535967763,-3.21259082105058e-05,4.05676967624882e-05,0.000231262586337968
0.0486273801825179,0.0485408118382941,0.0485616523915435,0.048976224789286,0.0486326367087798,0.04902961432323,0.0491332323272561,0.0491893256149689,0.048917833084522,0.0497499033826417,0.0495663407583663,0.0497559147960695,0.0502739570921113,0.0500601250892316,0.0505093556338021,0.0506642471240826,0.0511861961560083,0.0513704528385074,0.0523529451015499,0.052929802186062,0.0535567111337603,0.0538931950421002,0.0554039952116846,0.0559699584084302,0.0569412188661357,0.0582905004634004,0.0594123178226303,0.0604517349724909,0.0621871928143444,0.0635581429761343,0.0646793958889353,0.0661188542892739,0.0676832099124886,0.0692606978496243,0.0702315835427358,0.0716375360387789,0.0723305850430061,0.0729534295444863,0.0737146281727968,0.0736816971660482,0.0740762371552586,0.0739157672935262,0.0741316221269333,0.0743656709338914,0.0738193950976767,0.0738140290289761,0.0744464514455719,0.0738118684228807,0.0739593006549891,0.0741681626020533,0.0741468703333288,0.0741573677556501,0.0738505829520954,0.074053771346656,0.0740220729435142,0.073707094173754,0.073577157411027,0.0737090888587412,0.0735897450914624,0.0733335384760517,0.0730790198642372,0.0728337660986887,0.0726573094813191,0.0726212480228778,0.0719363809054753,0.0719426788206027,0.0713378682764475,0.0712309024836356,0.0705907120126626,0.0701406080902993,0.0697252351186401,0.0689208933981584,0.0675185703904,0.0666827198836113,0.0654811131265131,0.0645561254521165,0.0626829884493054,0.0611660319592625,0.0594127838038471,0.0573173430202993,0.0553148029406258,0.052418270820692,0.0502481092943813,0.0476184267150913,0.0446445728606369,0.0417180545224607,0.0389015854619873,0.0356712721800754,0.0329898743227815,0.0297844445616216,0.0271139006144302,0.0241653305347375,0.0219003021241458,0.0191700134072324,0.0166242994335478,0.0141756716186482,0.0120572364411501,0.010216794670971,0.00829503071612857,0.00602968259556039,0.00443027510407325,0.0029962246442014,0.00175943251879353,0.00150530075824993,0.000534108328978742,0.000206796323960089,0.000303842098121154,0.000398405357624411,0.00021255975298139,0.000170656686921813,-4.40188118714119e-05,-0.00010884749543932,-6.6926137072747e-05,0.000130015805944394,9.64289802323211e-05,-0.000204007493354798,2.82451244606543e-05,0.000103077122584927,-4.0701570538401e-05,2.40936995979389e-05,-0.000336173593459307
0.0415237400106154,0.0412354217426488,0.0409395757213182,0.0410619741880896,0.041769810589318,0.0412714013344592,0.0415981126671492,0.0415606763687435,0.0418580698666141,0.0420463657978519,0.0420756251036769,0.0424743237067565,0.0430943821489649,0.0431303825138693,0.0433460505120124,0.0441771951016137,0.0442189754287229,0.0448558124549975,0.0457196275764578,0.0460874921398317,0.0470821262141575,0.0478246004541083,0.048802634933357,0.0501236443836166,0.0512135236919194,0.0526520554295309,0.054406712135173,0.0556989080225132,0.0575831417313126,0.0595372370769135,0.0610570041291414,0.0633759052282945,0.0647305964444167,0.066349261866362,0.0677334905721225,0.0690588894086171,0.0700386619085994,0.0712335686358788,0.0716209895508219,0.0723163724211816,0.0725443928291735,0.0726171804504057,0.0726500258632814,0.0726733993758019,0.0725569412641434,0.0726676830268124,0.0728242527848879,0.072581412216389,0.0727011680941028,0.072456840360569,0.0728564125337986,0.0727273069076463,0.0723470299760087,0.072120174990042,0.0723410456618636,0.0724061008771922,0.0720619604781713,0.0721876509856232,0.0718263452946874,0.0720679537434461,0.0715896759354718,0.0714915322014082,0.0711473028727814,0.071021160938844,0.0708685308171392,0.0705213206060226,0.0702253971367553,0.069654551876037,0.0689175172685619,0.0688491456882342,0.0680101519629686,0.0675877689779098,0.066676089657125,0.0657778607891626,0.0646632088438966,0.0632995032510413,0.061718607247734,0.0606361576182786,0.0584787616681769,0.0567104237467525,0.0547178825718287,0.0523555253424288,0.0501095066726275,0.0476785870168964,0.0444752898189756,0.042029065867902,0.0389685805227249,0.0360935414758326,0.0330807448468767,0.0301778424140783,0.0276806668350396,0.0247704213337678,0.0222111160706387,0.0196600772827448,0.0173050816044129,0.0148883903816822,0.0122155804128075,0.0102428369442255,0.00824056955678655,0.00617411752778529,0.00477711950321172,0.00312159577649391,0.00182544775348732,0.00161725670651291,0.000582473503278699,0.000405263312760732,0.000319378596298294,-0.000130633156929144,-0.000136595750883639,7.01397837160679e-05,0.0001443372547063,0.00010274143830784,0.000179528104156232,-6.90453635326818e-05,0.000214272079266072,-0.000247667063575335,0.000279757973071892,1.97617625053372e-05,-0.00028012902001709,3.15038536279085e-05,-5.06476854216713e-05
0.0341795872515005,0.0346123992955665,0.0344003021588921,0.0343500036100669,0.0346161304187195,0.0350175682357594,0.0349503119698653,0.0348949830183942,0.0356892200362113,0.035510571170621,0.0356215707055319,0.0361578197109591,0.0361794381887151,0.0369447906037791,0.0372062750387413,0.0375875580809553,0.0383702361417406,0.0390989724216361,0.0396675541484584,0.0404428164504546,0.0413029229234203,0.042495873277383,0.0435883308109539,0.044868355964654,0.0466512484711824,0.0480616147518907,0.0497891181479055,0.0517599284879087,0.0539282767156537,0.055764546456864,0.0577920751743148,0.060139854901938,0.0619104335078913,0.0638384339918322,0.0655152812307564,0.0670357910071293,0.0682423478158092,0.0692814017289849,0.0702814608343908,0.0707029649958544,0.0712276657793424,0.0709193697976264,0.0712253720682848,0.0712078142677999,0.0714799471942755,0.071285299440335,0.0714385729281643,0.0710543433322322,0.0711255916399677,0.071100612613343,0.0706733288310438,0.0712590954625258,0.0708665400729123,0.0708644735719218,0.0712738109600014,0.0708970524162465,0.070575240081924,0.0706512018610736,0.0708346990880573,0.0702916124738535,0.0704359041422594,0.0701049291409728,0.0699521889709906,0.0696261745329544,0.0694858693411286,0.0692978500550257,0.068933065776063,0.0687434894679993,0.0678307454750696,0.0676819977278943,0.0669182033134326,0.0662108428373706,0.0650981733892596,0.0648109433918699,0.0633742701815904,0.0622365188266906,0.0611274404585662,0.0596679431075599,0.0579345911505508,0.0562445309659605,0.0545069927672642,0.0518400656005813,0.0495752433952371,0.0469793686526584,0.0444708803219476,0.0419258319302529,0.0389320596468362,0.0363968269311343,0.0333919523652915,0.0306893700455002,0.027991730651963,0.0250985925274936,0.0228143031565313,0.0198717007172161,0.0178402117168663,0.0150616360302442,0.0128377427829021,0.0105204698857772,0.00831887524267483,0.00622873139083608,0.00442563749600471,0.00324050340291597,0.0023605382884117,0.00132126378558447,0.000697008743249342,0.000450881009553354,-2.21296554722043e-05,-7.48763647935798e-05,-0.000229975195958843,0.000123971545481558,-0.0001463183871537,0.000261046898534952,-0.000331190291060234,4.37015944885744e-05,-0.000122577979541047,0.000324179846180601,2.49974277059569e-05,0.000426011572385483,-0.000193456008435368,-0.000145144765460438,-2.4169359812126e-05
0.0288545375884731,0.0289100275343707,0.029076251851124,0.029057308817433,0.0293769499696317,0.029785034963935,0.0295495028558134,0.0295111579836694,0.0295265730348126,0.0300456852290428,0.0304171385044312,0.0303156578944438,0.0310741463652695,0.031533539051558,0.0319021629392999,0.0322713555540258,0.0328739741024932,0.0338760895312146,0.0343867189835185,0.0354165643331105,0.0366167003919952,0.0381161673029009,0.0391931589188547,0.0404322759250556,0.0421047728637135,0.0441499659098721,0.0459906559493654,0.0477845261205457,0.0499572823443576,0.0525545508277537,0.0548103157404427,0.0573254021181814,0.0593860586265389,0.0617594753905355,0.0636059893139292,0.0652625317067393,0.0669341429031265,0.0678962706720015,0.0685343525403113,0.0690014504902075,0.069086106424648,0.0695508732885562,0.069439665552846,0.0695266478179461,0.0697740786201352,0.0696341070680445,0.0697202336266874,0.0698846219545458,0.0696426328608534,0.0699882887206984,0.0693958827709084,0.0695229982738486,0.0693175240313924,0.0694654410417528,0.0692645119303973,0.0693748176867727,0.0693246386713162,0.0692676313935523,0.0691700072156207,0.0687586480636868,0.0690415941761133,0.0686466278421538,0.0684600725225095,0.0682086078095061,0.0681540301951059,0.0679428932983501,0.0676103572280199,0.0673729726587449,0.0665757247219009,0.0662483529307358,0.0653549120478219,0.0649185809659512,0.0645116558564269,0.0632242131038302,0.062118730917732,0.0612478867387564,0.0599034549193697,0.058717759390224,0.0571921212676232,0.0553771205024883,0.0535223247196385,0.0514595524308677,0.0493172870535434,0.0466749089380218,0.0443758050580941,0.0416951584775521,0.0392115606673508,0.0362984875723525,0.0335693167226638,0.0309902431467168,0.0279801716561903,0.0256461545203316,0.0231692877494515,0.0204488541492261,0.0179497556125502,0.0155856746482358,0.0129559489143997,0.010996037328668,0.0084593861079659,0.00653968793555465,0.00492928480033652,0.00312827617344436,0.00227529090933685,0.00140195253799022,0.000807550283850065,0.000669778351024909,0.000199847015129281,6.50281327080318e-05,7.06870411014096e-05,-0.00010074716275469,6.36458571702501e-06,-0.000254009025830827,-4.72778457187908e-06,2.2581859025634e-05,9.89560485346629e-05,2.20694594593731e-05,-0.00013173296651909,0.000116764377790269,0.000128314507995127,5.93611618412783e-05,-0.00017370934858385
0.0238772389808375,0.0244035863945479,0.0240621780146104,0.0242809222589158,0.0244816374531546,0.0245608323184191,0.0247529024522099,0.0250281305998072,0.025158094577878,0.0253427093378462,0.0257972566014083,0.0261690319836716,0.0264912903245418,0.0271577791540719,0.0270752291808463,0.0281200606930166,0.0290333074491387,0.0294388509000703,0.0302282392253739,0.0312255356832479,0.0324718388501198,0.0337035445484076,0.0351389036877772,0.0367956132583257,0.0385301415639598,0.0403029704055214,0.042545698697297,0.0447021363432526,0.0471467730712235,0.0495464029376473,0.0522512393736432,0.0547233374893115,0.0572416440165941,0.0593540731027386,0.0613417408378018,0.063259303008132,0.0643327829625041,0.0658344598088218,0.0669651314062614,0.0674682750847321,0.0677779942442973,0.0679364574471107,0.0680361104820861,0.068117390227716,0.0681885039065424,0.0679884521868115,0.0678898162123575,0.0681286608795198,0.0680661950085153,0.067767014842374,0.06777254387363,0.0677743938713741,0.0677197087731297,0.0680107010707639,0.0678301562536849,0.0676608759450578,0.067737661769091,0.0675500428203421,0.0677247421627753,0.0674851963149949,0.0670968474781344,0.0671289523467315,0.0669840567715547,0.0666984931322563,0.0667798961505086,0.0662212675624529,0.0659658146704954,0.0657113759144269,0.0652022386216595,0.0647322692732539,0.0643288950849229,0.0636316137240325,0.0629854564806714,0.0621540813339164,0.061495311065008,0.0601684013909953,0.0589409626077636,0.0575543837109849,0.0564682007842355,0.0544588281679447,0.0529150585090044,0.0509034577352985,0.0485443951579387,0.0462187966439981,0.0439970430145054,0.0416827321419657,0.0389502135725352,0.0363514693451165,0.033601408744526,0.0312404454095215,0.0284106409146448,0.0259232944194357,0.0231880988106169,0.0208968354539038,0.0180388424335869,0.015446703857446,0.0130030331677211,0.0105246186252648,0.00880627726298065,0.00668121876559395,0.00496452896659778,0.00327939005578335,0.00212592573674807,0.00102046998689952,0.000632833033176819,0.000309986339435635,0.000201334768176502,7.11099014891486e-05,0.000238445226609802,0.000125574074904662,-0.000367130309671678,0.00043755406950425,0.000123552968324021,3.55183643101654e-06,0.000205569975718638,0.000217982030174184,-0.000174020197409689,-7.40656812795974e-05,-4.67300821841077e-05,6.00641228387446e-05,5.32017029083848e-05
0.0204396382029997,0.020610661703605,0.0209880429544368,0.020451695403964,0.0209698288299226,0.0212816634836345,0.0212579390357895,0.0215598433318171,0.0215923783813036,0.0218623491533043,0.022028059654793,0.0223628329035233,0.0226481555185524,0.0232153183841047,0.0239393555069188,0.0245053226427895,0.0251607538332053,0.0258590002778549,0.0272361031101082,0.0280768222036587,0.0290952725946999,0.0303167250819418,0.0317897601077306,0.0337665225659267,0.035404531900546,0.037381158683303,0.0397087684943801,0.0419924386256763,0.0443719263179379,0.0469921533887144,0.0498000670402001,0.052232338086352,0.0548875411583177,0.057171281676921,0.059655450053947,0.0612894648678721,0.0629149765450103,0.0643832197995712,0.0652620350091138,0.0658274576377266,0.0660447163689161,0.066442148434622,0.0664360693089183,0.0665152510439148,0.0663294309391397,0.0666986386285074,0.0662714859823503,0.066798881651343,0.0661629316755876,0.0663198824598128,0.0664020148677838,0.0666407556640705,0.0664704965465387,0.0662033988451148,0.0665065878321879,0.0661197463064667,0.0659802598890395,0.0660725786458497,0.0659531362778358,0.0659018224676901,0.0658952684694593,0.0656525612252691,0.0654627594857697,0.0651057509743548,0.0651729757772842,0.0645931981858415,0.0648522508341854,0.0640498334320918,0.0637054742876819,0.0635701322306212,0.0627316260758829,0.0624372543480136,0.0615393609375482,0.0612404320459494,0.0602739190310994,0.0589547998040774,0.0579929950003341,0.0567529420741895,0.0552306704716094,0.0539436800095391,0.0520014157538184,0.049952257473161,0.0482497652782628,0.0459961382237909,0.0433416394272806,0.0409619613274021,0.0388220264884328,0.036200027499949,0.0337025045792873,0.0310213188257519,0.0282716036880181,0.0256501472666909,0.0232002848906772,0.0205030995570602,0.0179479915733785,0.0157955464841821,0.0134097451666144,0.0105853957685241,0.00847941285383201,0.00640467100865057,0.00491835612642061,0.00318109628824369,0.00187055941113631,0.000774843526151089,0.000797947459826661,-3.99366300979397e-05,0.000246038878279057,-8.4597756565041e-05,-0.000333847446174712,0.000102126789342367,-4.84092620174252e-05,-4.37631768469618e-05,-0.000316955878523352,-2.22786723995089e-05,5.44913748654523e-05,-6.76066509782295e-06,0.000244862631335193,-5.1686450364664e-05,-7.83426353327303e-05,-1.17330879943131e-05,0.000100149107379978
0.01795511761725,0.0179988564473119,0.0181721722864161,0.0181257713278538,0.0182541930212829,0.0183627401909037,0.0185942836326298,0.0188773148004962,0.0188998320975624,0.0191403685043482,0.0196118598983864,0.0196735746095805,0.0202235009657161,0.0207616147607466,0.0214082134052974,0.021971181211952,0.0228004630661376,0.023452508525019,0.0243150545057039,0.0253954803068947,0.0268981422102892,0.0282573546099661,0.0299069449500826,0.0311619842449561,0.0331845252696699,0.0352908660207462,0.0376669959792836,0.0400477161814321,0.0426291718819519,0.0453266632095205,0.0477060309175563,0.0504688689797284,0.0532423974240166,0.0556545019244811,0.0575690319472481,0.0595804632743205,0.0614712197503655,0.062533421429481,0.0636573859901259,0.0641169792730913,0.0644336655740271,0.0648044925327174,0.0649506214089449,0.0650771081606875,0.0650075100752859,0.0649922853002466,0.0649974146119867,0.0648124132430881,0.0650524555039204,0.0649915479283085,0.064881131050512,0.0649811926141006,0.0648434047310856,0.0647089312706444,0.0647309185744408,0.0650312026501896,0.0647521001323437,0.0643491968401557,0.0643602156988777,0.0643119887703741,0.0640496888089019,0.0640985756666419,0.0637840438618642,0.063796000894937,0.0635032371662859,0.0635355235678956,0.0633426556131844,0.0628388736248027,0.0621690881734638,0.061787755590535,0.0614554910448775,0.0607499766788306,0.0602278175285429,0.0594123565326229,0.0590831773647042,0.0581492503909662,0.0568326760898237,0.0557256868569761,0.0543768148233441,0.0525287453576432,0.0512604113311776,0.0496372996327409,0.0474266118751929,0.0456552398002098,0.0429792839162083,0.0411237300151944,0.0385781455115335,0.0359153432969745,0.0337007964340256,0.0312351912638473,0.0283160942664593,0.0257066691184089,0.0233948403066465,0.0207408698827027,0.0180653570484017,0.0153760412805421,0.0136519130656363,0.0108599138226884,0.00878192175462979,0.0066180430872485,0.00474059921658269,0.00353371954077639,0.00215321762405796,0.00171843873017004,0.000795229853101738,0.000201626857593602,0.000184418820525381,0.000133339798222958,8.98036571974285e-05,8.25499574682633e-05,2.28305759052371e-05,-6.72993293534169e-05,0.000174145351146323,9.37415138967722e-05,-6.48033730990649e-05,8.36200478288301e-05,8.17124524687887e-05,3.3644433619696e-05,0.000109525528361799,1.38816074183524e-05,0.000185488402470434
0.0160527044429229,0.016131432780995,0.0163712673765365,0.0167789016051839,0.0164786040189753,0.0164211264075159,0.016797631271425,0.0169636910825654,0.01721288315544,0.0179291197385451,0.017956798464831,0.0179870781010499,0.0188161962346012,0.0191261812366422,0.019747978669664,0.0202314906649505,0.0210340336598078,0.0217836495950047,0.0227843518851305,0.024103170167375,0.0250428244866028,0.0263820830894105,0.0281127342858968,0.0297192458069653,0.0318013570868316,0.0338714469541185,0.0359750168702787,0.0381012860359889,0.0407873588471037,0.0436168444936935,0.0461595591807921,0.0487535683489227,0.051770029293496,0.0537197933021075,0.055936718798671,0.0580776596044334,0.0598044425531151,0.0609503050471865,0.0622685360091766,0.0624427112538799,0.0629937573005818,0.0631144309580923,0.0633268417042445,0.0633164624864449,0.0634215413336611,0.0632169411149652,0.0634447178486138,0.0634864372010159,0.0633408025356339,0.0633860021161934,0.0632226787018337,0.0633573375662409,0.0631845927099303,0.063240704618889,0.0631049850010898,0.063175117708834,0.0631640454393353,0.0628600427823496,0.0630182545697263,0.0630587096656293,0.0627756243379467,0.0627128471682731,0.0629817270894117,0.062315200630524,0.0620272192861877,0.0618687242546763,0.0616225169632848,0.0613562270009258,0.060969515651469,0.0605124273112356,0.060210088864633,0.0596128884795016,0.059100983337441,0.0581539090665201,0.0576902762043062,0.0567869143833451,0.0553770587834071,0.0546153500549369,0.0532927013038378,0.0520087165963176,0.0502838224318899,0.048406112293295,0.0466590569377247,0.044419955320735,0.0427253167716155,0.0406605350266229,0.0382715470180326,0.0358064707996391,0.0327665188053075,0.0309499132202722,0.0283395283386978,0.0257757659043759,0.0232757832979222,0.0205861411969387,0.0182122594918069,0.0157943581349047,0.0130632968663828,0.0107388951800663,0.00858601037120275,0.00656247970380705,0.00454434352727282,0.00326549482898557,0.00196876723030142,0.00122996085424687,0.000728601602794537,0.000395281995338643,0.000101245869546881,-9.81700004041268e-05,-5.55568194339293e-05,9.45880848327904e-05,-0.000371332918227711,-0.00015233146847536,3.48535338655715e-05,0.000199479200151011,-0.000312015437372771,8.07343532066684e-05,-0.000103155513115386,0.000102191332668249,-0.000181933568690961,-7.35657983820019e-05,0.000157558718490569
0.0153529054742545,0.0153948135458452,0.0154547576484402,0.0156053443159074,0.0155462085966772,0.0159260001164676,0.0159067761659254,0.0161629523364862,0.0165541580128328,0.0166082679373516,0.0166732565019351,0.017708576454541,0.017749113186308,0.0181910676824596,0.0189406138884161,0.0195068200613054,0.0201049266942688,0.0209473881458129,0.0219545284348571,0.0230559260417322,0.0243619680396125,0.0255705521255785,0.0272975178757822,0.028789226657497,0.0307108747157942,0.0326350429715469,0.0349542572302137,0.036764928506373,0.0399223801220942,0.0423533492876775,0.045007288659801,0.0470873909441243,0.0502723911548227,0.0527044723228941,0.0545789112489589,0.0566995172276134,0.0583801160137298,0.0595191307608893,0.0604272763766332,0.0610397436342168,0.0612925378315351,0.0618954134966439,0.0618427970069624,0.0614414808612996,0.0618954993174808,0.0611884662805577,0.0618152734998446,0.0616527971253962,0.0616107433562586,0.0617405998553782,0.0616138853511714,0.0614961488645548,0.0616431599531302,0.0618505133167609,0.0616337736500362,0.0617520511709299,0.0614341427842035,0.0613902124003202,0.0616363810921884,0.0615314682357128,0.0613153599418,0.061060556496812,0.0610990172843913,0.0607975270074741,0.0606606981104743,0.0601686238094407,0.0601847803896725,0.0601381763347237,0.0595647774626681,0.0592750458746723,0.0586659310474753,0.0579835526831796,0.057736433509061,0.0566057844846285,0.0564367925124034,0.0554404284483837,0.0545505587936074,0.0535803109206239,0.0523836618454619,0.0507397319139924,0.0495185480786399,0.0478494515694117,0.0461673783739119,0.0442516900227948,0.0419933139972968,0.0398710538262525,0.0377752514937647,0.0356531674804397,0.032706513618112,0.0306618459757272,0.0284184190334508,0.0254416192511418,0.0228729704516621,0.0208013886188631,0.0179841073605947,0.0154788164793651,0.0132735374213953,0.0110351573203271,0.0086367945910853,0.00645654222852586,0.00504888931736336,0.00302139647527013,0.00217023029799012,0.00117598520835117,0.000482620783400533,0.000435158489472523,0.00033437456465018,0.000125479996862867,0.000306092028703272,0.000126087507723384,0.000284594511112611,-0.000106421549418657,-3.20391187702609e-05,-0.000222447689473053,7.12417623013405e-05,-8.20572024404636e-05,-0.000177208154170093,-0.000146903868631056,-0.000143604712595744,-2.58725052491992e-05,0.000278860006373913
0.0152238000348677,0.0153629156779172,0.0155418039416026,0.0153236811429949,0.0158550132713241,0.0159426739056552,0.0162009296746084,0.0160659851199527,0.0167457222754401,0.0167458293245022,0.0173158663943864,0.0174465718885048,0.0175326690174693,0.0178896319416022,0.0185275749596662,0.0193850107969028,0.0200284157691344,0.0206613833738752,0.0215491394019522,0.0230996307480797,0.0239939455833676,0.0251901535020095,0.0267413278544664,0.028417781098927,0.0301142142874745,0.0319489437155137,0.0338948456739077,0.0360940906542737,0.0387926117584256,0.0411695753300531,0.0438677563610652,0.046489955187093,0.0487797342034291,0.0512945237969187,0.0534373587951123,0.0551661490581934,0.0569681156138652,0.0577938222821558,0.0587680435379898,0.059655377912223,0.0598928068515485,0.060212501499148,0.0600291165206811,0.0601551684160354,0.0602849828778382,0.0603794514885524,0.0601786474823732,0.0602698952291857,0.0603537917071003,0.0601104938434811,0.0600704341177148,0.059997917063124,0.0600209379644907,0.0599031537160695,0.0602254130468884,0.0601469908196299,0.05995714240186,0.0600458627882353,0.0598485850516952,0.0598950324024222,0.059914287644823,0.0594259497509161,0.0592679329631115,0.0591879731196923,0.0592353305953848,0.058891762004018,0.0587990939401999,0.0582187115868463,0.0581239815039683,0.0579340551365583,0.0572546475088715,0.0571217807754149,0.0562560823505239,0.0558723229026636,0.055388967948031,0.0542597596346025,0.0532673897794098,0.052455511580932,0.0512577983974634,0.0497489177766341,0.0484120190982772,0.0470165615559256,0.0454387400952232,0.0435122120914087,0.0414551518080663,0.0392258916759563,0.0368550805147504,0.0349957556329229,0.032836887538465,0.0303420759827173,0.0278718709195556,0.0253707032822686,0.0231172103725912,0.0205400920010896,0.0179399087944611,0.0152494709184352,0.0133043909333002,0.0106113804458278,0.00874666537530156,0.00664773172752307,0.00497297470217093,0.00325992713250915,0.00207976336974772,0.00115463818004891,0.000529459315104318,0.000489088116157883,0.000175880297132185,0.000175703765906993,0.000156475061120688,0.000144146877782952,-5.30803208286277e-05,6.02938955314489e-05,-0.000231721913352271,-4.49723731924104e-05,9.33910501572935e-05,-0.000181031223712324,-0.000178352162650192,0.000105916986686447,-0.000102610672237322,0.000354722453040737,0.000312586230976971
0.0160168912319013,0.0161581482559614,0.0163991097852757,0.0161680760832898,0.0165444640526174,0.0164813323673601,0.0168259717134278,0.0174085405390089,0.0172752539047583,0.0172599249847307,0.0177095578853139,0.0179224759262844,0.0183453009786367,0.0188037106510997,0.0190802291970741,0.0198240470761505,0.0202746512215282,0.0211216422233354,0.0222431163252675,0.0231165675492544,0.0244698546307091,0.0252572177130386,0.0268148248689055,0.0286476676161078,0.0300605818201283,0.0318835959768475,0.0338509920731541,0.0359947461412581,0.0384883809490702,0.0408954054562192,0.0432154933134513,0.0458396615769276,0.0483274109270002,0.0503270732259191,0.0521722051865297,0.0542188583143387,0.0556856176272482,0.0564167907049949,0.0574260903076588,0.0581528271376761,0.0583007776617076,0.0583563609144805,0.0584800298617913,0.0586998504493832,0.0586154829815354,0.0587106303503297,0.0588902290491948,0.0586941686349962,0.0585531522398685,0.058642838956139,0.0586013700653326,0.058637341719937,0.0583760587628346,0.0584199746838543,0.0587075631926658,0.0582954765253876,0.0583018621263709,0.0583474330905939,0.0582050112060964,0.0584850557490474,0.0580006240924128,0.0580325855431226,0.0577696713486907,0.0578559251304322,0.0576843189524927,0.0574603042729932,0.0571083311690584,0.0569761829418484,0.0564721591363598,0.0563530170226457,0.0559172492523705,0.0553384964553097,0.0550499763017488,0.0542859302030953,0.0537428705395046,0.0532184632074301,0.05200203666021,0.0511244522077642,0.0498384726722781,0.0487269297763688,0.0470335224489941,0.0457850287588263,0.0440210773490303,0.0428868839090007,0.0406948541670878,0.0384905189960515,0.0366622186739876,0.0343098190576235,0.0317916360792354,0.0298995129938491,0.0277521100029395,0.0251538154951631,0.0227654268358338,0.0206737874747777,0.0180300125557012,0.015495190833609,0.0133034001743719,0.0108330141014186,0.00829296679087641,0.00666559146778322,0.00486467920162211,0.00323120739666883,0.00230139947740415,0.00145725982344312,0.000718121899100927,0.000464574305288078,0.000178281615573676,0.000123672243942441,0.000145908333769607,9.68503000220805e-07,-2.58780522406332e-05,-0.000133966399368861,1.61214444218057e-05,0.000140588542418177,-0.000146187934029381,0.000105768976071432,-5.85478131975593e-05,5.47722531346282e-05,-4.90699923893621e-05,-2.24401587859879e-05,0.000255376446818321
0.0176676923997072,0.0176866113540833,0.0179189244944133,0.0178076109017439,0.018039259921449,0.0181494789441163,0.0183335418447572,0.0184885189752103,0.018742282796698,0.0189934374512314,0.0192064847964128,0.0192718343172054,0.0194261305549624,0.0202564921943978,0.0206333094269493,0.0210591508396143,0.0217166865814209,0.0222569624195564,0.0232110693947567,0.0241397726777811,0.0248441013542164,0.0263552380348554,0.0274519983132065,0.0287793680770687,0.0306454052474788,0.0323253201297512,0.034223871459907,0.036287902320646,0.0384963064015732,0.0405111846122692,0.0429526155231429,0.0448715114977121,0.047189057095931,0.0494219453328572,0.0510758949032513,0.0529117017195464,0.0542814833748557,0.0550406495187977,0.0559898734823577,0.0563739295171823,0.0569739104500479,0.05740554292899,0.0571022001580445,0.0570681002150009,0.0571304447192317,0.0573549820382513,0.0570578370945946,0.0573737470325439,0.0569928535667805,0.056637111652086,0.0570865222701154,0.0572435718996021,0.0572353584150453,0.0573180964864361,0.0568364573528103,0.056993571139071,0.0572979966270876,0.0567578084326323,0.0567181561065522,0.0568839076072613,0.056530259876384,0.0566781622329966,0.0564318208989283,0.056125730751579,0.0562125689055686,0.0559056295702652,0.0556631308288206,0.0555516570550231,0.0550087518681349,0.0548478291377399,0.0544418757013922,0.0536501044089295,0.0538809171713237,0.0530357068727031,0.0523640604576966,0.0514343969239846,0.0509335091250558,0.049896931070661,0.0491148390349114,0.0474451593186955,0.0466305818032466,0.0450178499504547,0.0432116172077093,0.0417780518724015,0.0398397665120589,0.0377795879989057,0.0360337087523578,0.0343335324372061,0.031687648505093,0.0295940553257963,0.0267973049430779,0.02469838807884,0.022465846566998,0.0199316600990109,0.0174814447417352,0.0154806723930782,0.0130086962842706,0.010835813046141,0.00840653702127215,0.00623621931698063,0.00455532711565548,0.00340183642492121,0.00243827328169137,0.00142166738938163,0.000641804511162085,0.000477004186883135,0.000142564603813272,-7.43145642112004e-05,-0.000103209249577573,0.000305679044584393,-3.2683184572256e-05,2.1497466265038e-05,-0.000222726068346595,-8.49496696011819e-06,-0.000245065687619696,-0.000323295421314603,3.04043894194235e-05,0.00017795247411403,0.000182257144399032,-0.00025673015285129,-0.00010706510947247
0.0197193377506122,0.0198382379639208,0.0199149338335826,0.0200361706119708,0.0201131830216113,0.0201953902112343,0.020253182303313,0.0203363976286448,0.0206004296966901,0.0206720959176523,0.0210520683085829,0.0211591309472839,0.0216386706785106,0.0222464636085096,0.0224759342998242,0.0229575455447251,0.0234156992885008,0.0240297861478195,0.0248266065806285,0.0257923039579989,0.0265163865543916,0.0274364164081559,0.0286306231508788,0.0300232920693603,0.0315746271312709,0.0331869260385749,0.0347181591480117,0.0366777892014968,0.0388707640638233,0.040501967807696,0.0429026506257011,0.0446500704689902,0.0463731987705682,0.0489075918225628,0.0505097899876737,0.0519327862549633,0.0530842631285896,0.0539533289163579,0.0545949815883288,0.0550359929267074,0.0551978490665217,0.0553324051357616,0.0556220782055385,0.0556296402049869,0.05567297743761,0.0557418270191688,0.0555600291735645,0.0557615014166262,0.0554165856107242,0.0557936677412112,0.0555877938593754,0.0559078578128686,0.055441511078021,0.0554407896506246,0.0555600609293732,0.0557467034064893,0.0555345971603811,0.0552718127393315,0.0555205847622517,0.0552616646385585,0.0551170033325829,0.0553414358721088,0.0551743665511406,0.0547720818249385,0.0544846710706417,0.054380553025523,0.0544600889805533,0.054425053910965,0.0538018077567569,0.053405517182828,0.0533243118503411,0.0529417565926604,0.0520866394491981,0.0516124023202188,0.0513071798655802,0.0506037612376174,0.0497265344851919,0.0488504289131043,0.047919524376745,0.0466215432027204,0.0453116444363895,0.0440969096456683,0.0426525106761851,0.0410712201013173,0.0389628968431611,0.0371802671617571,0.0351379992541255,0.0332442046466948,0.0313848208300626,0.0286190460087205,0.0270530677222186,0.0245331056658414,0.0223371968151865,0.0197156784726288,0.0174890043551602,0.0151966243624153,0.0127456701827005,0.0106760830749159,0.00826496998510222,0.00642148152500011,0.00482125927764024,0.00340106359317085,0.00223939885530112,0.00128905177271306,0.000782459594815705,0.000468815862291075,0.00019106327847303,5.02643393446849e-05,-0.000266598123242009,-7.79541028069402e-05,-0.000176506159869102,0.000256826849737293,-1.11057122019194e-05,0.000148146189155267,-0.000192947313759226,8.50103337770291e-05,-0.000201332344894414,-0.000221859081024275,0.000168529365889793,0.000181863603058195,2.23296753448018e-05
0.0220448090811944,0.022139466772277,0.0224290343742357,0.0224259246012227,0.0224703325092117,0.0228175002409305,0.0226589487212911,0.0226539472884622,0.0228176373487009,0.0231775491379653,0.0233414857958356,0.0232397207041318,0.0237868605477268,0.0244155618004746,0.0248703465075389,0.0249301933440606,0.0255525993779464,0.025961938897417,0.0270533813620532,0.0275427904234556,0.0282575082253001,0.0292327214168925,0.0303254580788961,0.031207576669229,0.0326856908402742,0.0341147325610012,0.0354481821751383,0.0374212496174327,0.0391116092257515,0.0406770809710325,0.0426122750149572,0.0444460756253909,0.0459985108378661,0.0475387225473926,0.049365808388662,0.0510229256001101,0.0517939081045534,0.0521883684300908,0.0532485508708114,0.0537237646852009,0.054047112744063,0.0541919261932961,0.0541725745115095,0.0541154023797844,0.053956679829635,0.0543232483505117,0.0543363422908615,0.0543595066833235,0.0540494446360354,0.0539779059127635,0.054299038779358,0.0541090216065565,0.0541936967543817,0.054384524423844,0.0543932573701541,0.0541043613447699,0.0538901287473359,0.0538555926299232,0.0538955084565263,0.0536387047387225,0.0532433491258903,0.0535306478287345,0.0532749829830534,0.0533235793434042,0.0528357222632361,0.0531682144784311,0.0528861471219982,0.0529186307785993,0.052466830985388,0.0518900632449007,0.0518482963015208,0.0512705700864358,0.051006038440879,0.0505084070595846,0.0498813821761069,0.0490474441078224,0.0484158019008376,0.0477452491306742,0.04666314239518,0.0454930200880349,0.0445128958308429,0.0429414967031515,0.0416447985721085,0.0398160017065727,0.0381518843010892,0.0365598497181315,0.0346714895903437,0.0327550201099649,0.030325195875997,0.0285635960706074,0.0262159428456888,0.0242946194600632,0.0218613949499123,0.0195109114632107,0.0173794777503425,0.0150037270341102,0.0126431772711219,0.0100264716989236,0.00821997165101287,0.00646982683686817,0.00445321605387613,0.00330951809075753,0.00219250885754959,0.000744403009582357,0.000788398354111011,0.000247913858685139,0.000244550753933247,-3.07319730491301e-06,-3.37035076188815e-05,8.33499707630917e-05,0.000551714730747503,6.50445954615932e-05,-0.000165004732508427,-0.000276998569381782,0.000165532407271103,-0.000129236608952049,-0.000161144417598428,7.45298592544066e-05,-9.19141713054134e-05,0.000124160391796338,5.3648217282528e-05
0.025194024276483,0.0250994591655099,0.0255388398532983,0.0255244194876882,0.0255001971546502,0.0253442185834698,0.0253555797098006,0.0255540234261906,0.0257337171070337,0.0260213294254493,0.0259745973951487,0.0262819656751209,0.026482558754849,0.0268661645955471,0.0273106708084707,0.0275439934741751,0.0280527032759854,0.0285623143469789,0.0290788841935327,0.029691088601144,0.0301547376502349,0.0313698935046399,0.0322735972324115,0.0331889376688415,0.0344491579651394,0.0356667083234414,0.0366174889188262,0.0380904043865979,0.0396139185711883,0.041026757920892,0.0426329250649851,0.0443666185278573,0.0457735396806112,0.0469589272768532,0.0484170257006907,0.0494601156712423,0.0504828182636924,0.0514758351209246,0.0518250829937508,0.0520369112988056,0.0525317302715091,0.0528516902476077,0.0524590750152399,0.052551095510083,0.0529383589168455,0.0528050214217102,0.0527571320421136,0.0526915742611624,0.0526282603988937,0.0525665426084292,0.0528469459452245,0.0527880155056015,0.0527082018393774,0.0523567751649754,0.0524526022023427,0.0525689304516697,0.0524930816031718,0.052458951286022,0.0522213361158428,0.0522407958842327,0.0525243919953631,0.0523998918989696,0.0519993102829712,0.0520809591014519,0.0516222912747706,0.0515871611562312,0.0512200565195446,0.0511178281849344,0.0507014721843266,0.0506722270319557,0.0501247610418889,0.0501772448477557,0.0498108555567095,0.0492957050277299,0.0485004865473939,0.0478883970433011,0.0473999670937049,0.0461518601005402,0.0453369748536645,0.0445880561234163,0.0436339102693274,0.0418162675261097,0.0410815295626818,0.0392163114434882,0.0375877833042612,0.0360065286821533,0.0338049260658373,0.0319015353610536,0.030038482939347,0.0280605902236715,0.0259269031007956,0.0236940356438876,0.021419494094019,0.0190920824375398,0.0168372629625411,0.0146766733694657,0.0123206225980881,0.0102950426960423,0.00804853014934654,0.006104114802784,0.00458544254899871,0.00358285759874321,0.00224541400442961,0.00102868508062576,0.000893493139149051,0.000391688878976289,-3.15884757735072e-05,3.18310299757153e-05,-3.39366324346053e-05,8.3874754453999e-05,0.000289538047173029,8.74682994987817e-05,4.5124433862287e-05,2.78995970986157e-06,-3.43951606969854e-05,3.47335503391373e-05,0.000120315265174976,-2.38048800093312e-06,-5.35765148182456e-05,-4.63652712116443e-07,-0.000123667143253896
0.0283086808921905,0.0286381926693854,0.028313065243395,0.0283338619276245,0.0282966865487027,0.0282413259377813,0.0288547528525541,0.0288670893425809,0.0291727335928729,0.0291794553516654,0.0292049222467467,0.0292237236628169,0.0294499272862909,0.0299551086403575,0.0299491860029554,0.0303476092707721,0.03056185360081,0.0310998787918769,0.0315396150542126,0.0322548308981101,0.0327778836302065,0.0329796903151797,0.0339127954486411,0.0351556722194129,0.0361181936854032,0.0367538594871391,0.0378873988893553,0.038811985686565,0.0403290170002721,0.0415866921857466,0.0427171132339509,0.0442438924966161,0.0453899638419085,0.046731009541924,0.047664765105918,0.0485305381755864,0.0495515846429218,0.0500243269445039,0.0504764298780741,0.0508302813322702,0.0510092472838219,0.0510236143902364,0.0514551455205279,0.0512594764328791,0.0513681664748205,0.0512477686250831,0.0510197232792729,0.0510795556154858,0.051303619486352,0.0513221851658281,0.0512037769514521,0.0514329473311457,0.0510277187932807,0.0512650858543208,0.0514060061061867,0.0513178796960723,0.0507270338814741,0.0507089254195922,0.0509389769578277,0.0509863773693125,0.0509559030036852,0.0508015451331252,0.0508243734622957,0.050304322717156,0.0503368502807608,0.0501250885994216,0.0504395100274595,0.049846514190364,0.0497378136169726,0.0494830046284561,0.0494650829132991,0.0485578242519002,0.0482222860496872,0.0476554633587482,0.0473804687483897,0.0463390045194197,0.0458041137847054,0.0454299964248546,0.0444568009884247,0.0434152253295774,0.0422641455200558,0.0410732901637813,0.0401226248134446,0.0381828374385368,0.0366932462700563,0.0351059665428848,0.0331666499981399,0.0314505392314509,0.0294761449966803,0.0277083903387666,0.0250046638439427,0.0233616324866969,0.0208939027492832,0.0188102548025316,0.0166098831513572,0.0141307134591721,0.0120047568740535,0.0100653531174142,0.0076719115652048,0.00596712980650075,0.00457562879200166,0.00342036449046021,0.00183750666914701,0.00125691112520993,0.000723185973014135,0.000339644385922771,-1.48051325082234e-05,-0.000234143075848012,-0.00013828060468333,-2.08678124311817e-05,7.99992055404848e-05,-0.000132873559821337,8.32830219975386e-06,6.4113666088248e-05,-4.07739344871039e-06,-0.00011488949219075,-0.000168038271962055,-0.000172037718283097,-0.000111281253236617,-2.70492640314253e-05,-0.000102790200995597
0.0320067598819372,0.0314190745102478,0.0316827087751891,0.0315591791046528,0.0318206292535932,0.0318056238974368,0.0316209551633026,0.0320069288353973,0.0321308585312321,0.032129482078135,0.0322528628875949,0.032713757354942,0.0326877252710845,0.0328599419605529,0.0331300151180188,0.0334840487640721,0.0336373321494694,0.0338978642502393,0.0341167327241902,0.0345079272741745,0.0348933463239823,0.0352144549021386,0.0362191678761386,0.0369310932259632,0.0376829935037653,0.0384758825061964,0.0393623279867928,0.0404724113946264,0.041111381904447,0.0421937841197424,0.0430416540706834,0.0441562788792544,0.0454063546833851,0.0465231152057867,0.04724114603891,0.0480414750853316,0.0483349450037002,0.0487418737784747,0.0494627088946921,0.0498362905560232,0.0495673906562893,0.0497897361246252,0.0495585193740584,0.0498694057178401,0.0497887286068601,0.0497274005148785,0.0497037256162803,0.0498841350721467,0.0498659059047268,0.0499927647789371,0.0497659131605348,0.0497633035000912,0.0497700951560654,0.0498833126380498,0.0497763059010509,0.0495645361482488,0.0494219315727858,0.0496300489068825,0.0491787878102994,0.0495224188258711,0.0495908168740241,0.049386083798552,0.04906093476601,0.0490081820216645,0.0490962183106755,0.049070132839723,0.0486053480427752,0.0483942591796973,0.0483610183800155,0.0479351869407074,0.0476122715950905,0.0474686746595614,0.0470164230722071,0.0461042698441393,0.0460076324286556,0.0453145844711955,0.044910610169133,0.0440080035418691,0.0429708123507516,0.0421441312373797,0.040890287493395,0.0398407438295575,0.0387967032709373,0.0374008345886439,0.0358706012090174,0.0341894928964711,0.0326574325569466,0.0306625617751559,0.0287637347439025,0.0268738895956217,0.0252059873607382,0.022757768848163,0.0206576335531691,0.0188611345990557,0.0159367189136939,0.0141906609346481,0.0115175081971739,0.0101311217702805,0.00784062026245967,0.00596437693327334,0.00430108823417859,0.00290829852092008,0.00220936660491674,0.00111181971961358,0.000499562047457064,0.00027974656545295,0.000370763052371857,-0.000169258179479814,6.58780813413777e-06,-4.17507400400075e-05,0.00017903294051606,-8.61546729874135e-05,-0.000115067208588617,2.33332940952025e-05,0.000208138293954767,-2.03943845748846e-05,0.000182762924194815,0.000341465325072229,-7.13368762953437e-06,-0.000114603212085124,-0.0002333647130755
0.0349444889839961,0.0352696155761283,0.0350690833118013,0.0352960656882154,0.0353752992338523,0.0352159744840769,0.0354023407950775,0.035334679725079,0.0353743452944048,0.0355177558444837,0.0358897577661667,0.0358642042291237,0.0359120299272733,0.0360065756339234,0.0362861339051727,0.0361569792586168,0.0364574756557837,0.0367057341409444,0.0369184309946948,0.0374046419716605,0.0379454645078176,0.0378876797602121,0.0385263672496242,0.0391317356989626,0.0393850009798783,0.0399678477770412,0.0404650350255086,0.0414162498183822,0.0421207786596845,0.0426006606365401,0.0434988603429612,0.0446586092399178,0.0450810579712407,0.0458785647059744,0.0465531816244056,0.0470638809253277,0.0474881119924906,0.0476211527545723,0.0481822893363606,0.048254337894143,0.0479966078664358,0.0483107753860414,0.0485638368891136,0.048591749641431,0.0483221533907934,0.0484531317319416,0.0482059604353599,0.0482834593221501,0.0487847443132571,0.0482607512108207,0.0482437743852072,0.0482507826026563,0.0483644065407926,0.0481825142612098,0.048062383096849,0.047956322286388,0.0482380151302096,0.0482646277654532,0.0479545143174399,0.0480531073246333,0.0481256908983289,0.0479702866716667,0.0478168455037279,0.0478032549231233,0.0477684014099928,0.0474258211393113,0.047412466316324,0.0471964498880081,0.0468186572006869,0.0466702033737815,0.046250874107658,0.0461731969061114,0.0457698800862616,0.0452404879220468,0.0445578069733007,0.0443044402461163,0.0435025949354891,0.0429236115693366,0.0419385853237956,0.0412984986070509,0.0400167846588928,0.038862589368844,0.0380266115667963,0.0366035917069241,0.0350757828600156,0.0332705593601216,0.0318971104088668,0.0296567415276965,0.0280789541523964,0.0262269648339594,0.0240037142600887,0.0219152170701964,0.0201307195802458,0.0179267920458393,0.0159919701172452,0.013722064231629,0.0115572797248726,0.0094195832197461,0.00764751737415023,0.00572923961017772,0.004394896988992,0.00302487525275047,0.00179411937946233,0.000958843707330048,0.000676332993975243,0.000277232794452945,1.72359975918627e-05,9.68467611319476e-05,5.33024164188545e-05,-0.000309382261049764,-0.000156835795112642,0.000339181183091325,-0.000326810300474068,1.77646043297851e-05,6.74760193898134e-05,-8.99182401410437e-05,-6.71025832537246e-05,0.000132800910941371,-0.000454325709240159,0.000122277979723317,8.33701664379877e-05
0.0384659407399431,0.0385523552893975,0.0388097126454003,0.0385736265079394,0.0387495318741958,0.0385190858350281,0.0385463292284742,0.0385668900511794,0.0389618879237535,0.0388823609087325,0.0386772428669239,0.0389300189003811,0.039003087530145,0.0389511385738393,0.0389314835823373,0.0390941508531542,0.0395165166529614,0.0394628692198427,0.03971766334446,0.040083702703176,0.0404211318370178,0.0405777925677682,0.0407981513636598,0.0411544332770779,0.0410522126163275,0.0418514431109931,0.0421484106616119,0.0425362531824699,0.0429069788791178,0.043472263071525,0.04421420400904,0.0448452174938137,0.0447559522242818,0.0454059443108527,0.0455189733396508,0.0462166439071521,0.0464918449697033,0.0462722392085655,0.0467315569639604,0.0469298633743612,0.0471902589325239,0.0470507625193012,0.0468584949309449,0.0471319150323059,0.047079495030065,0.0469045407952167,0.0469493128358599,0.0470156289652744,0.0471498682593111,0.0469465997500789,0.0468647767076382,0.0467805279523755,0.0466378509457137,0.0468041608880283,0.0469012478134419,0.0469196569457262,0.0469036153486936,0.0471916969236409,0.0469667499096751,0.0468896191544255,0.0465498653665368,0.0466161926207213,0.0464103479001202,0.0462465667729616,0.0464100459350971,0.0459283810406502,0.0459062205494639,0.0453878517963863,0.045659213088406,0.0453258656448231,0.045278640720729,0.0448272102920077,0.0446582346088144,0.0439294807337285,0.0433857206203965,0.0429945749478766,0.0420141949390463,0.0417326794780168,0.0406044778468,0.0395269151610156,0.0389945264752358,0.0376641791768152,0.0364307678943362,0.0352463090168935,0.033936850084565,0.032411291331938,0.0307170080451255,0.0289887383324487,0.0272424486713475,0.0254164491512508,0.0235918445834068,0.0216621659520027,0.0195665506904049,0.0180685393595578,0.0153050267864193,0.0133765029790293,0.0110196112587467,0.00930351145641633,0.00734896346749531,0.00583707597616751,0.00414365684726091,0.00306588965049467,0.001742789957854,0.00130597767465017,0.000799501527762595,0.000236257876815155,-8.71088720472468e-05,3.7229926469588e-05,0.00012730803383158,-0.000154951475753831,-0.000155889640626339,8.33676575638385e-05,-0.000271298328915114,-6.88875052101464e-05,-0.000152179185785082,0.000134784190661621,-0.000237759143809761,0.000178687959481604,-7.02561378674777e-05,-0.000193470764101165,0.000130942884586063
0.0419087947277546,0.0420332843822307,0.0421740545673654,0.0422912895637973,0.0422299508131037,0.0424450850740002,0.0421448170538229,0.0419623673109596,0.0423133917050582,0.0421758048937822,0.042287595450919,0.0422583822611326,0.0422006124341801,0.0419781270895446,0.0423384629267388,0.0424799440186221,0.0425789829041206,0.0421951532541154,0.042482385121795,0.0425283466393396,0.0428748753267374,0.0426235589709447,0.0429627717540868,0.043458690156178,0.0433145361258079,0.043169153040598,0.0437693228083219,0.0439300257545795,0.044189384770876,0.0438962305395773,0.0443177569156216,0.044557230306922,0.0448659001262565,0.0448505076274243,0.0451936619193208,0.0452449453902541,0.0453660268955151,0.0454020995003924,0.0453527617323154,0.0459278560455183,0.0455089064359511,0.045573361469891,0.0458256059096127,0.0457167704429496,0.0456834718285201,0.0457813633447504,0.0456385807437912,0.0457645909127784,0.0454912256229246,0.0456210133192549,0.0457087022073085,0.0453559098197256,0.0457160681657148,0.0457102115119898,0.0453623850117137,0.0456826410623972,0.0455263163130584,0.0456022219461787,0.0454372517293731,0.0455263269665584,0.0453980671050835,0.0454411169369613,0.0449712892159263,0.0450083771498094,0.0449575927232978,0.0449179212622041,0.0447737089554465,0.0446294386049871,0.0442998924535267,0.0441802599666621,0.0438313536291974,0.0433350609228352,0.0432876084539005,0.0426601398653039,0.0421282497755083,0.0417077954156498,0.04130081264479,0.040629814420335,0.0400478706974895,0.0388270716958604,0.0379965835454387,0.0370034974524153,0.0357189432802051,0.0342790498815235,0.0332883352453679,0.0315391102165808,0.0299669114575709,0.0286011785519777,0.026889153123859,0.0248039662413575,0.0227805783929896,0.0209057044235539,0.0193370780504243,0.0167011103441935,0.0149930772467293,0.0129013938477396,0.0109699979759847,0.00907083895195268,0.0069753780061616,0.00547501202737809,0.00406094487764185,0.00262887785488688,0.00217383806789469,0.00130864620473173,0.000727417609912237,0.000261074588865513,0.00028582849353191,1.30683563981821e-05,6.9883115278038e-05,2.3079543506007e-05,0.000187107820585753,3.6364682730056e-05,5.67047195051507e-05,-9.20459615533341e-05,4.71404910867216e-05,-0.000253459520091524,-0.000109231247866392,-0.000152020060892271,0.000103466439843639,0.000150472075397023,-5.91863812610046e-05
0.0454886036312011,0.0451524429861625,0.0451501254404138,0.0452208327555246,0.0454794116820604,0.0451633603221408,0.0451676732589811,0.0449837133985717,0.0452479919637754,0.0453421555835386,0.0452801356791979,0.0454296482535429,0.0451837916062314,0.0449887462472607,0.0451795437962968,0.0449658573121263,0.0449349459415929,0.0454084085053381,0.0450086933637431,0.044935463389777,0.0446617201483702,0.0448749477870708,0.0451006394173737,0.0454134655096668,0.0448413098128682,0.0446370228409685,0.0447407431193709,0.0449531409704936,0.044879342967814,0.0448517122597367,0.0448756155140232,0.044586864526153,0.0446458126590844,0.0441451846235397,0.0445676296426343,0.0442431356625946,0.0444088438150298,0.0441638723356015,0.0442120696793391,0.0445854949721834,0.0443227377100108,0.0443117461410227,0.0444958539899196,0.0443400992123601,0.0446999008857387,0.0443454889789549,0.044145671491999,0.0445534555916908,0.0443295853039069,0.04444150764233,0.0443370380893685,0.0441758062236445,0.0443733235403808,0.0443199498272085,0.0440761018843637,0.0444132678953662,0.0440621981809351,0.0443321769859018,0.0439107206784147,0.0438861158343236,0.043992859592695,0.043917260894658,0.0435682847399908,0.0437584301731563,0.0437146749353854,0.0434984986271129,0.043504487721849,0.043187019735474,0.0432330084383444,0.0424970513638334,0.0422023077171112,0.0420308704240075,0.0419389864762308,0.0412415557981701,0.0407256491087931,0.0404139589536914,0.0397937760048054,0.0391228332461683,0.0387107020547109,0.0376420534838914,0.0366567531197289,0.0358164928630257,0.0345813441613533,0.0336141236262608,0.0319671474787223,0.0308540190561078,0.0292744157051218,0.0277732698168049,0.0260697172909185,0.0242883800426181,0.022305836951434,0.020558456581621,0.0184959766694627,0.0167263888798344,0.0148815182421982,0.0127950543333496,0.0107399173657028,0.00871958718738759,0.00699557384753323,0.00555777677695469,0.00388762810426669,0.00275453464373178,0.0018534763775434,0.000928906444530412,0.000477346690232536,0.000371751967605361,0.000525043596486481,0.000101866221667693,0.000264333622626107,-6.07928242740233e-05,2.1620807344797e-06,0.000185820226177174,2.30479446591829e-05,-0.000123074772868527,-2.23140486612177e-05,0.000265310010632324,0.000125399884895961,0.000121936682787956,-0.000184578204982388,-6.566585843257e-05,-0.000234186570208489
0.0483043324049685,0.0484301380467296,0.0483382933623005,0.0484041706064778,0.048447820410379,0.0480702188020632,0.0483113186633237,0.0482403570733295,0.0482558659973098,0.0481440915122145,0.0477462531437795,0.0481350323395832,0.0480834338586567,0.0479627909080314,0.0478864347106402,0.0477652506982268,0.0479718497014135,0.0478033864489196,0.0473320613296437,0.0473677707738326,0.0472806405820615,0.0474012944090966,0.0468319304496768,0.0466958209425384,0.0466385363379732,0.0463340982009379,0.0459293415910022,0.0461244692047189,0.0456742204225316,0.0453191201649177,0.0449868360281671,0.0446845775012716,0.0443282358966468,0.0442091033653066,0.0441070277242299,0.0434570758895416,0.0433832260740631,0.0436656851956234,0.0433652696454613,0.0430891172317287,0.0434889718304209,0.0427443832412524,0.0430104168891009,0.042846305609127,0.0433843221463521,0.0430102209849347,0.043308194102301,0.0427032146268596,0.0428432367740692,0.0431372014561552,0.0427645799135259,0.0427465551208489,0.0428435462862293,0.0428714784289999,0.0432139471022456,0.0427673377857164,0.0428136386059552,0.0428139444148058,0.0428035286561456,0.0425628965403834,0.042555831446396,0.0427268484243145,0.0423911662994478,0.042252665933555,0.042199712121575,0.042355409209516,0.0420589595355806,0.0416582083030905,0.0416388607245697,0.0413549822756056,0.040913866275244,0.0408172475940967,0.0407568163928444,0.0400466002654644,0.0397978604994,0.039253713039939,0.0386619039211106,0.0379838854236897,0.0372966588775028,0.0367317344561708,0.0358004707976606,0.0347634068790319,0.0337656241566212,0.0324529853444171,0.0312679331726405,0.0298148361235258,0.0283897776106733,0.0267677718060834,0.0252471099057964,0.0236125841944312,0.0215965566591222,0.0200031079839872,0.0178711284669649,0.0162945267287628,0.0145872308810181,0.0122424242656392,0.0105211959923262,0.00871342313640237,0.00683835850826773,0.00548684767300086,0.00366637772238181,0.00297361295212925,0.00202400906325327,0.00112013587437874,0.000505054989080926,0.00043527152203163,8.51476426181235e-05,5.24731969776019e-05,0.000233019434429752,0.000188141297579104,7.19278105202999e-05,0.000344305489981908,4.34190471168217e-05,0.000445622001841593,-0.000183294422247515,-1.45236644285926e-05,2.04245816905277e-05,5.21869789337179e-06,6.67995213546301e-05,-0.000209151246943401,0.00017468336661984
0.0511246019544387,0.0510601019343038,0.0507639280965495,0.0510145036043641,0.0511063519221538,0.0510075347349437,0.050964267456671,0.0510525167084435,0.0507687334744062,0.0510286528012171,0.051064929487853,0.0505048365451858,0.050666871093708,0.0504251864232862,0.0501007070091679,0.0500348870632333,0.0500881405557339,0.0503281119496644,0.0501089468103538,0.0498443672250117,0.0491346206509217,0.0489455565818867,0.0488895907410536,0.0485063116745262,0.0482598804142108,0.0476459300906396,0.047288540728811,0.0467061624694662,0.0461031642415827,0.0454717770413044,0.0452452429531268,0.044696728911831,0.044029574081053,0.0435115371788824,0.0433024571413224,0.0429584981640667,0.0427070504242595,0.0420069652910364,0.0419804746784898,0.0416399339526593,0.041767626068915,0.0417090558808014,0.0418416538268532,0.0417838324245364,0.0417087788864478,0.0418516252637653,0.041823796537528,0.0417152789574064,0.0415213173618698,0.0415380536767235,0.0416099973214605,0.0417436359638049,0.0415441296065117,0.0414969986691409,0.0415614107173387,0.0415648073241876,0.0419859798688892,0.0415910229047509,0.0416269988236304,0.0413950616487213,0.0413181089599125,0.0413383924068735,0.0407046274722956,0.0412850138613243,0.0409730378667436,0.0406777048670297,0.0406219324787786,0.0409450996319543,0.0407456832930503,0.0404846330854907,0.0400930888109364,0.0397299226521609,0.0393952644845048,0.0389087131278072,0.038410409364531,0.0381247493967251,0.0372815888992544,0.037091588169712,0.036123383254368,0.0356222138632661,0.0348286507378305,0.0338414518895848,0.032517396291997,0.0315334323324107,0.0301684916429667,0.0289534174025234,0.0273085011565832,0.0259342502311057,0.0247396545177742,0.0229781853275502,0.0210847665340988,0.0195388780301512,0.01744191851272,0.0161067510294952,0.0137360751342024,0.0118769909643199,0.010112778889654,0.00824730279241308,0.00630998722140281,0.00500590302071505,0.00398259867877659,0.00243526138610308,0.00158881891781957,0.000816985177718582,0.000595214486039991,0.000134048537735584,0.000290781798387604,0.000171447282308876,-4.95226365815622e-05,0.000138403789098153,-2.90249483445868e-05,0.000128529329558208,0.000167458898424072,3.46811863082292e-06,6.76955263913611e-05,3.54816867832301e-05,-5.19349923648557e-05,9.64209668716387e-05,-0.000223951617017171,3.49282405310754e-05,-1.79928812357068e-05
0.0534301338492148,0.0535796659602918,0.0534373982069198,0.0534547310062864,0.0536502416820623,0.0531577396525534,0.0532720205373299,0.0534257588336634,0.053311636688733,0.0533755643393518,0.0531367889900706,0.0530537093707876,0.0531226773657722,0.0529363191048042,0.052508533709286,0.0526941181830643,0.0521390102876381,0.052162202605743,0.051952799404811,0.0512195284417193,0.0506415272435972,0.0507827702644866,0.0503785134712347,0.0499328965934091,0.0489918444227646,0.0486806325129525,0.0477360629769591,0.0473291115501147,0.0469050708801708,0.0456671585462864,0.0452749219711933,0.0446983297145123,0.0438153038677952,0.0430416039144894,0.0423312228426033,0.0415775203182267,0.0410496547033143,0.0410532763285938,0.0408648611490938,0.0406017125386983,0.040531653341268,0.040224177139097,0.0406269310509486,0.0403618541280294,0.0403823308967338,0.0403926417123602,0.0401086014013496,0.0405079379450393,0.0402985271953976,0.0401446131787681,0.0403432860497542,0.0402950469772259,0.0402096806145271,0.0402424771336658,0.0402318471494046,0.0402689090166011,0.0402927810088854,0.0403546518480353,0.0403807655567967,0.0401435365249547,0.0400411343771601,0.0399997925528489,0.0399647397920004,0.0399755667341604,0.0396286588214144,0.0395920642683075,0.0396802929837748,0.0391984680295883,0.0393179071428775,0.0390275937383608,0.0386903854067517,0.0383803646582209,0.0382907797617068,0.0376571198197203,0.0375925526500633,0.0366602006830168,0.0364410591939263,0.0359950203322472,0.0351734271701806,0.0344154901055096,0.0335090025277575,0.0329281937296408,0.0318111523484501,0.030577246171387,0.0291051791602329,0.0281047778005137,0.0266161212154469,0.0251911183387177,0.0236210467573444,0.022221581366961,0.0204623471156803,0.0185354015552613,0.016999990745987,0.0150175890624886,0.0135249540831788,0.0117730959041644,0.00931685382515353,0.00804894057197785,0.00651198964850753,0.00465960206513545,0.00372447722736417,0.00257414321061236,0.00164404431068512,0.0013402491498807,0.000475301267708168,0.000244215554283312,0.00026996793192652,0.000135297565939276,-0.000144789740924746,-0.00018692699793305,3.503930384879e-05,6.44578096486814e-05,0.000148971104090874,7.87419701132481e-05,3.87608644643355e-05,0.000257116808411103,-9.28050936711425e-05,-6.03897107780674e-05,0.000310797601359987,0.000536010157011258,-3.07168724660158e-05
0.0558015687085577,0.0554952030321685,0.0556844462765301,0.0555846575598692,0.0554661938118521,0.0556611813073467,0.0554326915908011,0.0555949862127474,0.0553106306407172,0.0553482268147857,0.0550568866827819,0.0550303357884011,0.0546289493098363,0.0548157605729493,0.0543552481830773,0.0545175411948318,0.0539308258899922,0.0538328170993554,0.0532623459297732,0.0528760541999959,0.0528249576271041,0.0522142135491964,0.0512401539647297,0.0507523382693949,0.0504694337848842,0.0495286079925394,0.0488403301572696,0.0477346056622928,0.047023259683796,0.0458898284811447,0.0448501059026426,0.0444309244487342,0.0431469347081016,0.0427187861606803,0.0417701765986138,0.0411657865127952,0.0405876633467003,0.0399317315847439,0.0395560904934516,0.0392721846648861,0.0395814034203827,0.0390228188254935,0.0387834450357632,0.0389987412725998,0.0390197560612545,0.039210910287272,0.0389984507773324,0.0392337617670859,0.0391889471168592,0.0391354256051808,0.0392941115857666,0.039199542417831,0.0389107172125387,0.0389957382309099,0.0389964705080031,0.0384611209766981,0.0387158466554666,0.0389427440948863,0.0387945679394232,0.0387394034652605,0.0386773040247775,0.038633205870914,0.0386901347646111,0.0385185966643291,0.0385601031678453,0.0385531838886746,0.038457491511035,0.0380633506463898,0.0381556720356492,0.0375512320487719,0.037354542641493,0.0372384029157971,0.0367477721593926,0.0366839582360362,0.0360642513838148,0.0357194531543118,0.0352549159090828,0.0346772107031189,0.0341098655666804,0.0332668301258893,0.032652746413698,0.0318482278413796,0.0306634033012657,0.0296482525707531,0.0284634076138272,0.0271271978621957,0.0260754922744125,0.0241364032392289,0.0229135395778269,0.0216681317141286,0.019930467865581,0.0181732580064339,0.0161737485739448,0.0147570267613295,0.01286796368272,0.0113120019848059,0.00988129346010973,0.00748972423880976,0.00642579799088565,0.00494007661387503,0.00349107932772867,0.00251551427854172,0.00124527205465122,0.000832454875059415,0.000775427546371028,0.000580967477222253,-8.25835489806333e-05,0.000416666841388005,5.25377969451537e-05,-0.000271944981071313,-0.00024019671344534,4.73676324267049e-06,8.65055816854652e-06,0.000123728193575116,0.000110857241298925,-0.000136380964977096,-0.00013076351160517,0.000107118353063011,0.000112105896651949,4.3983308901332e-06,0.000137725579690396
0.0575298055217492,0.0575240091978604,0.0578314177593601,0.0575844628019954,0.0571358912504817,0.0574154496966644,0.0573639503841532,0.0573205603874612,0.0571988249741767,0.0570827342271595,0.056806304265118,0.0568904825124819,0.0568187122760775,0.0563198368226565,0.0562309573727549,0.0558136950407023,0.0554996474474193,0.0551671764412797,0.0548600871618724,0.0542477470246203,0.0539174044614997,0.0533679694778068,0.0523786267406115,0.052076652561275,0.0511417743041848,0.0504691173517249,0.0492761545481001,0.0482244940605732,0.0474565963272813,0.046398382364199,0.0450132816231536,0.0438930986269998,0.042651577852692,0.0420033608940377,0.0410664097017415,0.0401761020831658,0.039579442671219,0.0387445531806961,0.0387244071049722,0.037997885683781,0.0379894025138089,0.0379163118144754,0.0376300477011027,0.0378064068853692,0.0377529856175021,0.0380322095261786,0.0380441537321234,0.0379628306160567,0.0376163112151793,0.0379749556534738,0.0378486753019119,0.0377955295401499,0.0376156478551978,0.0376967185744931,0.0379899254503145,0.03759262528993,0.0377325747024363,0.0376502740864805,0.037323033944995,0.0377237693014479,0.0374863571920374,0.0376594517754433,0.0375702570236871,0.0373219234962108,0.0373132821571796,0.037255286812509,0.0369149807909469,0.0366977146162656,0.0371021485675717,0.0366285558983171,0.0363174186915109,0.0361444094977853,0.0356256598792614,0.0358202831619188,0.0349628994550805,0.0346833341665444,0.0338942135291625,0.0337034799850164,0.0327593009200063,0.0321806661172882,0.031324202698442,0.0306631039609481,0.0297365576940219,0.0284543939125344,0.0272068132179825,0.0259215098146368,0.0248995110840063,0.0237478212929295,0.022600201969997,0.020616387890778,0.0192616762763282,0.0175425374581117,0.015932136002648,0.014265759937697,0.0127351546424238,0.0107010136125869,0.00918834251716282,0.00753502207595082,0.00624604227068647,0.00467616816777496,0.00347868530036374,0.00211709383390683,0.00170303487821315,0.000975937955732181,0.000591959325464825,0.000320261084000671,-3.42091270571411e-05,-0.000160310180746945,-0.000231952252191816,0.000266775998288454,-7.92387361086209e-05,-5.31960094619639e-06,-0.000181354622902737,-8.51304919011714e-05,-0.000161679319434681,2.32338694250014e-05,-0.000296388122267301,-0.000191655686650332,-0.000286847570187455,-0.000126359713243793,-0.00016699952739745
0.0589616605976038,0.0594559414198489,0.0590067178736529,0.0589683674020053,0.058767985203482,0.0587402407759644,0.0586892612201491,0.0583441308362568,0.0583267939184793,0.0584082032698098,0.0581844694472646,0.0580302614726923,0.057919048932779,0.0579006323024004,0.0575665273665571,0.0572825326814181,0.056775982667635,0.056455005291114,0.0556855371797208,0.0555414725228258,0.0548727179956064,0.0541045915197231,0.0534741324017638,0.0524004053511892,0.0517947927757213,0.050626344985632,0.0496712603502443,0.0485647793793465,0.0472317025468069,0.0461776177707063,0.0447945362858597,0.043659060486402,0.0423238760465968,0.0411324736130322,0.0401694578599555,0.0391590883800918,0.0384204133740571,0.0377825133541534,0.037169918259702,0.0369256386500661,0.0370543829094397,0.0366410466443214,0.0367819856783518,0.0364074023913948,0.0363092271699231,0.0366475525801375,0.0367899834439925,0.0365310196867066,0.036459182807987,0.0366886678121272,0.0366885812389763,0.0364892773386215,0.0365877637009777,0.0367728631343371,0.036756980598389,0.0364048116459779,0.036612791778924,0.0366709493867799,0.0363721599853666,0.0364659240653906,0.0361918239863689,0.0363236608066258,0.0364249298134126,0.0361863892404116,0.036100669184198,0.0357462449541273,0.0358248517276347,0.03585195636263,0.0355198897550147,0.0355901419709607,0.0350132510170199,0.0350317779970986,0.0344688576757492,0.0342822322298867,0.0342641341217726,0.0331273496061821,0.0331868971672038,0.0322741860345669,0.0320219039390301,0.0316252787972529,0.0304494944504286,0.0294795995573312,0.0289928228051594,0.0276607872377814,0.0265083303642814,0.0254917230792942,0.0245231742044893,0.023040956573194,0.0213405583232118,0.0201314170368655,0.0186496736974222,0.0170068008021781,0.0156747882026203,0.0138028228836413,0.01228542038091,0.0101927065842907,0.00888367238053684,0.00723402742227099,0.00570718297840298,0.00470743238614332,0.0031811219008912,0.00223066691873336,0.00151504297674576,0.00094202501583652,0.000464631704808911,0.000284656480351842,0.000256214028001273,4.19722285116746e-05,-0.000234990478377073,-0.000102275136808077,-0.000232128917400824,1.96503719338124e-05,-5.5123063674099e-05,2.64123359419013e-05,0.00019160284972099,0.000244179773597969,-0.000365171028969826,-0.000115272761832301,0.000365449956209764,0.00014949030644035,8.69235193122205e-05
0.0601943445299032,0.0600969446072146,0.0600090275942522,0.0598882957832692,0.0602060817171022,0.0597121710956805,0.0596604182619655,0.0596983393449668,0.059438870499224,0.0591905000531591,0.0593058917607142,0.0592774364875012,0.058809882846082,0.058402212355539,0.058291036167697,0.0578790596726462,0.0571969604273913,0.0575897813564334,0.0566863307099121,0.0559586552662259,0.0552321964186423,0.0548435668193853,0.0543354869189822,0.0530854097518367,0.0522031832085107,0.0509639113304922,0.0498169149809413,0.0486930372383242,0.0472901059541373,0.0458529441669193,0.0444161058807696,0.04313601841156,0.0417733147286674,0.0407302590548571,0.0391816636040937,0.0384130072381031,0.0371281021811803,0.0366464709206913,0.0359678695343967,0.0360828449954027,0.0358399494711777,0.0357283058584325,0.0355882169924164,0.0357135672351458,0.0355691032204743,0.0356092418415143,0.0355890449318564,0.0355864226617506,0.0353325967742493,0.0354501673951059,0.0354232299639417,0.0356299746134678,0.0351422548748717,0.0353283727326107,0.0352303722698335,0.035366607198326,0.0353958989264099,0.0351765873730488,0.0353585401990872,0.0352272875527545,0.034997460929721,0.0350368492270212,0.0348237351412546,0.0353823193878373,0.0348447315237497,0.0348994102191776,0.0345940004544932,0.0341504274082652,0.0344018598901393,0.0339677219646625,0.0339954754987046,0.033393253167988,0.0334155163141611,0.0329971196393888,0.0327478902671643,0.0323786801497364,0.0319748976967385,0.0313919419257854,0.0309432758442527,0.030065142221582,0.029390859239309,0.0285511968428102,0.0278686630579478,0.0270604802427904,0.0256954408026126,0.0246510856612701,0.0233619394275958,0.0221955690670216,0.0205396140264474,0.0195018464962177,0.0177521838086283,0.0164114053860072,0.0149667720606282,0.0132552463407343,0.0117923432000224,0.0100563016370903,0.00838141879136069,0.00728247447611945,0.00558119929004074,0.00442491149905837,0.00339905849844954,0.00209740432130922,0.00112389498492217,0.000766862701787607,0.000523150708368549,0.000290128929910908,-0.000202796897996161,-0.000138070918194684,0.000467247457608284,-0.000169084488016975,-4.36633659632668e-05,6.36039583199113e-05,-1.68809034848117e-05,-9.00639313774235e-05,2.44194374373033e-05,-0.000102890587566128,3.56560820051535e-06,4.87736257026767e-05,-9.8951822297971e-05,0.000416431528713061,-0.000268292458451101
0.0607402874750009,0.0608704098097476,0.0608748558171402,0.0610346123965747,0.0606539585882757,0.0607364384337666,0.0603431294021777,0.0605534527638842,0.0605062593944049,0.0597440914063515,0.0599027145484764,0.0598890565266525,0.0593112072576705,0.0591599485575271,0.0587531842719427,0.058899550135943,0.0580699724413547,0.0574867095234572,0.0572514293227744,0.0563295815158,0.055681616930185,0.0550499110253241,0.0540726690529127,0.0531049239562927,0.0522495328165211,0.0510408167148217,0.0497305918509296,0.0484678759981248,0.0468273029606652,0.0453508596143403,0.0438605398020918,0.0422577442723404,0.0410458438577483,0.0395919997259347,0.0383496352134045,0.0370062955115313,0.0366460877752149,0.0355750731588452,0.0350661036898667,0.0345902604530883,0.0346731491493975,0.0341251416803677,0.0345184074483636,0.0343890401004364,0.0342377192914949,0.0344064719818537,0.0341718319758295,0.0341891648945445,0.0340736628890533,0.0342804912090538,0.0339973942671068,0.0339702548425495,0.0341682780097199,0.0342374281872413,0.0339752404340115,0.0343605187730771,0.0340270208641885,0.0339637229181668,0.0340587391109494,0.0337853460749272,0.0336635427656499,0.0336353000440673,0.0337412723224663,0.033791489452594,0.0336413762476605,0.0336110133749044,0.0335108463174267,0.03371615711871,0.0330895811892377,0.0329353568556886,0.0328312499409761,0.0328033921943287,0.0322451880649474,0.0321439330208313,0.0314403756824624,0.0314365777627929,0.0308505534530972,0.0304466438801521,0.0297954141417843,0.0290002115684492,0.0283774095959339,0.0276653870670671,0.0267012003813768,0.0257882367637454,0.0247123161801405,0.0235972200123223,0.0225139379752847,0.0212033410681793,0.0202094904957362,0.0185461092232629,0.0174085602336461,0.0159156425742679,0.0142489029908765,0.0128345963830169,0.0114512855158995,0.00987408408834483,0.00828995039223766,0.00675965987089739,0.00547759848906562,0.00426778860062784,0.00307242165396797,0.00218308177862711,0.00138098833936847,0.000936593101090269,0.000444344343886036,0.000132083942302886,0.000356996847697491,-5.28526607748981e-05,-2.45943197433679e-05,-0.000357501355781653,0.000146590350322006,-0.000335273768670391,0.000233241686471409,-0.00027423685797673,0.00010591926380192,1.10071435476403e-07,9.16509889513518e-05,-7.46166148858943e-05,-0.000143171572035692,-5.09258993593387e-05,-1.56905412603196e-05
0.0613564583104598,0.0611708256385416,0.0611653229877801,0.061023062721892,0.0612384359838246,0.0609991943923979,0.060987968897865,0.0608384480138736,0.060749772420234,0.0603584888814123,0.0602086340477802,0.0601592691481823,0.0602013760010951,0.0594496921924071,0.0593606237675372,0.0589317666161959,0.0585630555256872,0.0578091875922059,0.0573906520497309,0.0566197698867065,0.0559491275925877,0.055153567977269,0.0542908706474271,0.0533249988046648,0.0517285561567782,0.0509206822337273,0.0495632671442432,0.0478768614309496,0.0465693910922953,0.0449782915217761,0.0437574398350444,0.0417084423596947,0.0402612678795646,0.0387230165970741,0.037299441649994,0.0361147922018963,0.0350456482585456,0.0345870146505165,0.0339504586677766,0.0333083669407574,0.0330467088398332,0.033267931943223,0.0332456115202613,0.0330404776966241,0.0331724387696608,0.0331867466740785,0.0326611029783197,0.0331286871125991,0.0329506524184019,0.0332426367730663,0.0331540085490245,0.0329567622881575,0.0330185535630429,0.033020843426433,0.0330126949695744,0.0327366505215008,0.0330067255156083,0.032944063783253,0.0329108597313525,0.0325924913677891,0.0330767104818492,0.0323997802479282,0.0323693048836695,0.0322925542411069,0.0326892580333443,0.0325568172312124,0.0323466078287163,0.0323765762215308,0.0317752235655873,0.0317639320962207,0.0319715108799495,0.0317319115771842,0.0311101905839534,0.0311532171674417,0.0309704728557439,0.0304362230230536,0.0298367577004395,0.0294722220843186,0.028843957503787,0.0278522970420554,0.0274267543084615,0.0265941470759146,0.0256405805478544,0.0252321697478881,0.0239685585198427,0.0230854706094603,0.0216551655121698,0.0206126142841708,0.0192762297308376,0.0182872806782338,0.0168561899199694,0.0153657226187747,0.014013921840374,0.012058558852921,0.0108434976068038,0.00929275373638403,0.00784747580650134,0.00689821144563341,0.00508602929180955,0.0038671651384298,0.00291111645310017,0.00204979927850498,0.00164936356374679,0.00089850857360272,0.000542365555051704,0.00014982635099208,0.000537317417229979,-0.000128941510067639,-0.000238512456270934,-2.52225312242368e-05,3.79982846032156e-05,2.51542522878213e-06,-8.85799165851144e-05,-0.000147124399505866,-2.45582806508986e-05,6.5921914024787e-05,-0.000113615188106836,-9.55292254528174e-06,-8.84669088474783e-05,-0.000100531107943346,-7.86943472710983e-05
0.061628473049568,0.0614798787904907,0.0611908611704102,0.0612943678538164,0.0611822625837025,0.0612231595648722,0.0611413486095995,0.0609828516430094,0.0609174498320635,0.0604607029523199,0.0604153576457701,0.0599725634194,0.0595743004922,0.0596364456192572,0.059154454261871,0.0588758583523837,0.0585007317473137,0.0578080684332857,0.0575419894125368,0.0563118230214222,0.055814070297802,0.0547237246877676,0.0539657304568022,0.0532418451941372,0.0520898668354731,0.0501338912787692,0.048855251639275,0.0475792251044714,0.0459401392042432,0.0445330397581483,0.0425788103060969,0.0410162013316144,0.0393443788418832,0.0379058314478727,0.0366855181704485,0.0351313690595991,0.0341248196375216,0.0335136075240629,0.0326516423410251,0.0324294820056611,0.032045951132472,0.0319852739830238,0.0320210948637201,0.0317877877920318,0.0320554455100423,0.0318061990970231,0.0319581184972299,0.032091883602555,0.0318784717688796,0.031982534735417,0.0317475620400348,0.0320994312889636,0.0317609662837915,0.0316939347513001,0.031708506214242,0.0317384368065589,0.0318894514587978,0.0317333864321503,0.0315561789378754,0.0318146284707747,0.031692448708877,0.0314578594754284,0.031612497471729,0.0314826300071192,0.0311556363628968,0.0314087294311588,0.0313089055990939,0.0311771759470781,0.031186139409975,0.0305657170899525,0.0307194883021518,0.0303457971927326,0.0301428435522808,0.0298272909214138,0.0298042179950281,0.0289433615991923,0.0284296763200183,0.0281012803858758,0.0275986495873893,0.0268738988931812,0.0263239310953633,0.0255992351334956,0.0251501675437431,0.0240013118071678,0.0229681469293081,0.0221082580222536,0.0208777666656546,0.0199686071012062,0.0187706226595978,0.0173724793224375,0.0161331310747122,0.0145626401855109,0.0136014534873658,0.0120271717802231,0.0107348958282639,0.00914610320330683,0.0076071864404292,0.00623321651048504,0.00511765530185643,0.00399969556311955,0.00265469669832382,0.00226689339736744,0.00130323116081418,0.00108251350724586,0.000456196156195737,0.000531314002459232,0.000138055321398001,3.69121999568417e-05,-6.38219375592597e-05,-5.73045089055026e-05,-0.000226648313823186,-0.000287844384534097,0.000125376608303489,0.000139794235411456,-4.50948503906308e-05,-5.76756033247559e-06,4.20078603493976e-05,-0.000350400129523425,-5.39521526447914e-06,-1.09780012268303e-05,-2.16470091000648e-05
0.0613245444676755,0.0609769269718702,0.0609291437764256,0.0611791819916141,0.0606701139934987,0.0611121684581288,0.0607377699663604,0.0605068301505135,0.0603994476457924,0.0601975247688687,0.0600582404626014,0.0601304809499857,0.0595555259393546,0.0594233191820368,0.0590079705736097,0.0584521421019529,0.0580693342825766,0.0575207417147594,0.0569449441873214,0.056217490579686,0.0553501699867189,0.0545468940128979,0.0536452784600536,0.0523779824868615,0.0513591028279188,0.0501128474716857,0.048570233199665,0.0469932831551891,0.0450974001597603,0.0437254863011831,0.0417236687312668,0.0401995887751061,0.0384418714404162,0.0368457194304528,0.0354450303529724,0.0343515465600445,0.0332758274086761,0.0322998617897096,0.0316992543292384,0.0315147542514617,0.0313000012726817,0.0311458419329608,0.0307300598250702,0.0308637727104093,0.0305255163303306,0.0307582004073236,0.0308104845343261,0.0307330264532499,0.0306290091078687,0.0307456486614686,0.0308402512349005,0.0311025302484146,0.0308913101368413,0.0308254355288631,0.03075870538326,0.0308120574006711,0.0303418842448382,0.0307231390110691,0.0304769418377619,0.0304885371130724,0.0304210458651397,0.0308530601492407,0.030218284304218,0.0304153154014661,0.0301884078559169,0.0300525128273842,0.0300131430470071,0.0298472558878141,0.030070672497808,0.029644388483471,0.02949781997251,0.0289347383638796,0.0288347617605296,0.0288717157289902,0.0285461389320187,0.028270876554788,0.027389818086909,0.0272373778544664,0.0268479482083225,0.0257737686150024,0.0254131489010262,0.0249672260542122,0.0241591312991716,0.023106823784812,0.0225504892663724,0.0212856616093994,0.0205373196121549,0.0194003020562685,0.0183135224793799,0.0166464426448141,0.0155884687965607,0.0143542451432699,0.012922480397034,0.0115702357651063,0.0102638937523064,0.00883793454544441,0.00731372671392947,0.00644656003678243,0.0047113739661405,0.0036306380972304,0.00271216972412912,0.00182511456756105,0.00150520405912083,0.000678203711044391,0.000547027755868437,0.000396571094560225,0.000430116309926868,-9.54845033781777e-05,-8.08385966310771e-05,-0.000108147774875672,0.000150162590788975,-6.5614197434672e-05,8.22993199261599e-05,0.000211542116125606,4.566830184493e-05,3.36618271827067e-05,-9.59423872024353e-05,-0.000210575749452131,-0.00016474151754579,-7.04512837148968e-05,-0.000223872853043441
0.0607477898032246,0.0608595086611482,0.0608735861076455,0.0604822954545285,0.0604312831924321,0.0603835675447808,0.060196558721206,0.0603032665761989,0.0596059611519408,0.0596814349433169,0.0597603003097402,0.0592456052319121,0.0588776155422213,0.0588674183646435,0.0585695605043207,0.0583556227098583,0.0575865924851011,0.0571548925033291,0.0563703589446681,0.0555611673994509,0.055048228315384,0.0538626818723645,0.0530853981378379,0.0516504354778515,0.0505374119962257,0.0495235364077904,0.0478894150743921,0.0462063641150656,0.0446842667229274,0.0426788732141999,0.0409561568999912,0.039407750763521,0.037367528254538,0.0359026112371118,0.0342564878270819,0.0333440172079504,0.0319862041929144,0.0314237763956368,0.030446775967278,0.0304169646698652,0.0303482329174855,0.0295272280308048,0.0296472758995883,0.029569439234573,0.029357759379787,0.0297092560284651,0.0294570535644803,0.0296215419202539,0.0293292367292744,0.0294573973139313,0.0295655352061565,0.0295001452094636,0.0296635077503185,0.0296654910940524,0.0294606580321156,0.029342494022266,0.0294864893204734,0.029620957126922,0.0295024119441303,0.0292315762264837,0.0292072943106837,0.0291873322796093,0.0293261285599697,0.0291754525480871,0.0292161375686837,0.0291981318738704,0.0290736588196104,0.0288095749062536,0.0290448084747077,0.0284915694230466,0.0284695438093962,0.0285370479757779,0.0280571733389164,0.0271403421916713,0.0274855444890991,0.0270479680775359,0.0269089256741801,0.0263050042234761,0.0258937127318099,0.0254204522346612,0.0244570678656009,0.0238527709247265,0.0232994655073703,0.0223234046338202,0.0215476629770001,0.0201729432748667,0.019503480276696,0.0182748027424126,0.0174063948211897,0.016364193621401,0.0149654618192769,0.0134576937502894,0.0126302685092296,0.0110944666454999,0.00985097210409184,0.00814769775361914,0.0070448440339453,0.00550632164405231,0.00487143280187027,0.00355003889260232,0.00280223194887966,0.00187974370558865,0.00129637439644554,0.000878871791957593,0.000204718133748462,8.92319793449469e-05,0.000176504408621656,-5.09484618178093e-05,-3.15979216609347e-05,-1.37279707797376e-05,2.94402556787968e-05,-9.67367869772609e-05,-2.7820591971325e-05,-0.000146489481459529,8.3833129386342e-05,-0.000203633958790444,-0.000122700595375539,0.000171469245333479,0.000116412971662115,1.18965061528622e-05,0.000102196908330755
0.0602583153177381,0.0598534044345129,0.0598887429532759,0.0595883489543218,0.0593602584798624,0.0595375515313544,0.0595083431785788,0.0592543367350772,0.0593456258398016,0.0591618686581779,0.0590373739338493,0.0587198856903244,0.0582425382241194,0.0579741982391168,0.0579652872309315,0.0572197009396252,0.0569490793579959,0.0562214032883698,0.0555470592079569,0.0547930541013137,0.0541881555016652,0.0530367802102899,0.0523847672911656,0.0508932487115255,0.0497122413624739,0.0485704094492737,0.0469736933921153,0.045377564609492,0.0436297045017747,0.041620706639815,0.0399594297208436,0.0377744467938893,0.0364976693271116,0.0348446964360618,0.0335756406043295,0.0322097119556818,0.0311898964759099,0.0305329064040972,0.0294368534644439,0.0293440432201136,0.0286626246616824,0.0289192034519578,0.0285368144903212,0.0288973284320222,0.0285624224605623,0.0283112054871646,0.0285198077077249,0.0287004193747883,0.0286057044704516,0.0286633667701905,0.0286813959348684,0.0284375499305206,0.0283446181385624,0.0285550791737978,0.0285052463555994,0.0285414775562993,0.0285232980626603,0.0286333786164329,0.0286623100055658,0.0284127654502586,0.0284638450102153,0.0280668832162127,0.0285541315426208,0.0281641480575845,0.0279561922494892,0.0279379735381985,0.027844885871035,0.0277606947342204,0.0280141750490538,0.0276303775980844,0.0271600438844776,0.0271708813828284,0.0270953885511867,0.0265891864169812,0.0264548326660202,0.0259696173238708,0.0260492724538612,0.0254203707763982,0.0249167971432652,0.0240153059397786,0.0237328369480142,0.0232268688796416,0.0221632507031594,0.0215874075503838,0.0206459424937493,0.0196564989026308,0.0188867739749902,0.0177948674541349,0.0166958304422576,0.0156790627733297,0.0142449138490913,0.0131684323703805,0.0117809168337745,0.0106160227396812,0.0092736618379742,0.00816507173718267,0.00716886510460475,0.00557464745703094,0.00456843665704962,0.00358437480071852,0.00273850344497187,0.00174348191707166,0.00114582872715404,0.000824450667702398,0.000746150055102224,6.2488327796431e-05,0.000327155844658919,8.64427262710334e-05,0.000232889431979429,0.000111373729316448,1.97497844686613e-05,0.000118151241179352,0.00021874520482184,-1.02509152288518e-05,0.000200850983767599,-0.000310189474439233,-0.000176384437242698,-7.9265705109192e-05,-0.000344937344407553,3.21142339060643e-05,-0.000116543040271585
0.058954513721832,0.0590037226840064,0.0590192814084469,0.0587309388732645,0.0588447843684683,0.0590362759460156,0.0587682340714968,0.0587063092089817,0.0581771866976373,0.0580548026784409,0.0580202140805826,0.057490978486273,0.0575692314377647,0.0568638573719571,0.0569212571549455,0.0560938339530178,0.0559573135452725,0.0553696462709629,0.0543751670649107,0.0541207812109182,0.0531263524390742,0.0524039918499312,0.0512147122585371,0.0503762705732284,0.0489795953652137,0.0473853035177521,0.0459587126935638,0.0441405001905176,0.0424353545424665,0.0407390654063605,0.039098917681701,0.0373290945879631,0.0355155051739819,0.0336304662166544,0.0323996136600819,0.030963373386816,0.0297767763546735,0.0292317973359478,0.0286424195438626,0.027959887335151,0.027807464186309,0.0277818486747611,0.0274929852551965,0.0274326679317417,0.0274395438915924,0.0275461156879861,0.0274577350530877,0.0273813960765291,0.0274275332051386,0.0273909059631423,0.0271342544110945,0.0272096863613252,0.0274736899427556,0.0272857077409401,0.0275296602601559,0.0273633075478761,0.0274099624372302,0.027325358937551,0.0272958759860716,0.0272866690975644,0.0274202564497783,0.0272378081447079,0.0269647828250086,0.0271392735399417,0.0272331897655689,0.026595648418365,0.0268077422203838,0.0267529791665172,0.0267595529825331,0.0266952368120549,0.0264950248076657,0.0261572624091,0.025676138792228,0.0258643092618102,0.025179420379788,0.0250957026966523,0.0247923449127954,0.0243375518386674,0.0236878684780904,0.0232375896430835,0.0227276222069858,0.0222424181688162,0.0214365335253436,0.0208575490985938,0.0200477441190998,0.0191940696450891,0.0180491929677258,0.0173688984545432,0.0158077688776496,0.0149898936795478,0.0136621558923297,0.0125676116018419,0.0115003408676274,0.0103058728867877,0.00903360114657444,0.00772501201440953,0.0067350197268673,0.00541806673987008,0.00437805360780312,0.0035486133208372,0.00255681269000145,0.0016923498318994,0.000989577334782952,0.000843773477409057,0.000205396796451252,0.000240115621187639,0.000120214853696125,6.79905798716877e-05,0.000170724790086114,2.33259643378964e-05,-0.000112933553767195,0.000169879234257582,1.95825143863825e-06,1.85984498031963e-05,0.000103349225936967,-0.000239776521461887,-0.000111326566277847,7.87237167710065e-05,0.000153666430109258,-6.05622857885801e-05,0.000204056951656315
0.0579220187147301,0.0576435801252408,0.0580321966770696,0.0576283060564227,0.0576645472877655,0.0572007802021839,0.0574089992494516,0.0574216199898943,0.0571020257208678,0.0568066438058363,0.0570574155037354,0.0563433133717471,0.0564043716575339,0.0560303941507043,0.055503910638335,0.0549315386421632,0.0544657703299242,0.0539073750014936,0.0533861795793636,0.0528714278057627,0.0516738369527563,0.050863679205773,0.0498295931843151,0.0489599248053719,0.0474863312517913,0.0462695612460761,0.0450526341057181,0.0430313131896532,0.0413938538823323,0.0394945685023195,0.0378982124362239,0.0359549645473001,0.0343556892826424,0.0329980562580618,0.0312698823427909,0.0297087169258064,0.0290899396657034,0.0282657663726294,0.0275707379343793,0.027283886749559,0.0265970782182793,0.0266990291367407,0.0266516277050836,0.0265421603995597,0.0263585120375847,0.0268427917001332,0.0266837238105286,0.0264449407715883,0.0265490812519241,0.026449318251601,0.0265781450649221,0.0262559765613185,0.0264217677634568,0.0264808504958572,0.0265551503940726,0.0262448372790615,0.0266674144635677,0.0263197979756526,0.0263556420444869,0.0263235595186213,0.0264626378637267,0.0262200516979656,0.0260378333756698,0.0262398380670941,0.0260300654106343,0.026246003522747,0.0257430045090817,0.0258905298622578,0.0258262869202002,0.0255572276352205,0.0255173553807618,0.0250732749643711,0.024956239467372,0.0247485175943761,0.0242471000709977,0.0241196970544439,0.0238561879524845,0.0235223052360689,0.0232900123927855,0.0224097111494822,0.0217512295965714,0.0215667620524755,0.0208370410826531,0.0199645862287041,0.0190417455150543,0.0183617588566174,0.0173217252985285,0.0163679054624773,0.0158433965964909,0.0142493008241112,0.0134422864672756,0.0121887288254885,0.0110780036837076,0.00992873690194969,0.00863232357345916,0.00775338136774989,0.00675291166454197,0.00519438077181591,0.00404091063610601,0.00291092130151067,0.0021292029120989,0.00125571852822528,0.00122714207084662,0.00031020985525918,0.000151582780155316,8.99519027965464e-05,-0.000208232946211623,-7.09008488762284e-05,0.000309679971427688,-6.66924950920753e-05,-0.000225814608167108,-3.54350248319232e-05,3.69337816568094e-05,4.49159558797505e-05,-1.01037085703219e-05,1.25322749207708e-05,-0.000156246539573778,-0.000128191728488715,-0.000162141798515632,0.000145905806277931,-0.000305887252603595
0.0564830767960064,0.0567823169607288,0.0562462148032422,0.0563109534179562,0.0562342595720428,0.0564579889040491,0.0561323982545672,0.0564067022265917,0.0559762319607098,0.0558364086198412,0.0556730177735457,0.0551923680650188,0.0548274317761949,0.0548211697405649,0.0543251005790293,0.0541012107074071,0.0533783225007254,0.0528213682988581,0.0522183455341235,0.0515721554057166,0.0507565492678755,0.0498633337052298,0.0489025613152183,0.0475246138583417,0.0464190826700024,0.0452421995878916,0.0435601143216275,0.0421176327314485,0.0405651348181265,0.0385187197146345,0.0368821752603155,0.0353454177190822,0.0335900740080286,0.0319209776760693,0.0304019107615314,0.0288611263106448,0.0279034008338715,0.0269170016976801,0.0264958528716481,0.026087405135984,0.0257542565252241,0.0257126954598677,0.0254614899600657,0.0254443223679003,0.0252656081251827,0.0256029648277429,0.0252041574964729,0.0254556228015342,0.0254595120435149,0.0251510563590393,0.025407580987813,0.0254932959734564,0.0251420908393059,0.0255214394486365,0.0254027142989633,0.0252981063869578,0.0253380423232536,0.0253085149331802,0.025439010704051,0.025396150817186,0.0252409857110214,0.0254792486321331,0.024984088405248,0.0252782850588448,0.0254799773804161,0.0250531574584243,0.0251528305852344,0.0248602516916078,0.0248726465868491,0.0243592060836402,0.024131651161443,0.0243939666487866,0.024555730702465,0.0237123159297308,0.0240270090028474,0.0233068621214672,0.0227534111065714,0.0227990599986662,0.0220331495241869,0.0218774004387942,0.0212377969733831,0.0204556596644896,0.0198931911141689,0.019306932048872,0.0182598170452302,0.0176645099163915,0.0167380629742859,0.0161264205184724,0.0147862397184437,0.0137630196004814,0.0127801094137756,0.0117697290140791,0.0106648860869282,0.00963440233684287,0.0082905313369404,0.00707320037279446,0.00627313851460697,0.00525259989372033,0.00390404256242292,0.00310392956358212,0.00225061446412715,0.00151475903983383,0.00100375198409898,0.000617723632077375,0.000324064980624999,0.00010236977606079,-0.000102574585641299,0.000156050672541907,-0.000168907794748976,-6.72767795753781e-05,0.000192447572266057,-4.84318265875862e-05,0.000206253708129769,5.46122645756139e-05,9.54971307465e-05,6.14336785806651e-05,0.000304310981643242,-0.000158482920811302,6.77809021354286e-05,-0.000194913668704826,6.76182889593231e-05
0.055312343340966,0.0553454724174567,0.055063864956588,0.055191949488297,0.0552450687438746,0.0547643053988061,0.0551842681611447,0.0547331740179074,0.0545302339316626,0.0540033791649422,0.0542765824440794,0.0538566241646563,0.0536691574307532,0.0532357823095679,0.0528533552336312,0.0526744826052627,0.0520228917829692,0.0518507664079754,0.0511294329090241,0.0504075578697254,0.0494605532468475,0.0483515634978873,0.0474111045991151,0.0462961503925872,0.0451670052646657,0.0439137877996058,0.0423493772019781,0.0407046778079974,0.039482355015264,0.0376126263843204,0.0356347011111626,0.0340801894891143,0.0324591529321152,0.0308310698069841,0.0291753690513879,0.0281528257518941,0.0269986654156632,0.0259412526194658,0.025650080064764,0.0252412765280121,0.0250252338684946,0.024583552162104,0.0243274124845227,0.0242848494677011,0.0246318228769156,0.0244162166476777,0.0245369708915911,0.0246908672334927,0.0245252780672277,0.0242549560340179,0.0244013356470036,0.0242662370076512,0.0241572000878456,0.0245115162791588,0.0246280497232665,0.0244172452674295,0.0245156438265726,0.0243320283812828,0.0246277911178579,0.0244776872748886,0.024572937132903,0.0243905380595149,0.0242145419808361,0.0240514014137429,0.0243319775827758,0.0240742502446712,0.0241610025348768,0.0237466891474282,0.0237920808814671,0.0238372486453803,0.023456902109057,0.0235199996821313,0.0231971244137163,0.0229713311838829,0.0227086504322993,0.0224734842455615,0.0221067357398326,0.0216616712438873,0.0215588553643196,0.0204769928832067,0.0200248277221431,0.0196850714535022,0.0194820499853191,0.0185730839016405,0.0174951780579731,0.0168731821837734,0.0161161865563078,0.015191179764966,0.0144940330155323,0.0129758897974444,0.0122699405501197,0.0112753430678225,0.010391187555474,0.00934804225687644,0.00824318544234483,0.00714532956594328,0.0059851335182711,0.00493246746364889,0.00397555082995104,0.0029326234893529,0.00223112656391275,0.00139295621984064,0.000994286648143051,0.000596719366659624,0.000132362661367905,2.57674286529781e-05,0.000113057663757302,7.56768892444251e-05,-2.14030464385664e-05,4.38062920787502e-05,4.47786344753317e-05,-3.39153372979616e-05,8.48734436713799e-05,-0.000103517102710613,0.000150251856426391,-8.17209449815414e-05,-0.000317726566377657,-4.71206143018827e-05,-0.000247692212097623,-0.000152286775986771,0.000173873692765801
0.0536476974760904,0.0541535051556619,0.0536918566472165,0.0536021390468647,0.0535684722694182,0.0534360043739687,0.0535837389743413,0.0534056709828995,0.0531791038801771,0.0529750460354092,0.0525001238394857,0.0525169043797732,0.0521077006477428,0.0520730344936489,0.051716847041084,0.0512194123916003,0.050702405233954,0.0502433637444967,0.0492263274792228,0.0484820817736168,0.0484653037860564,0.0472194132726479,0.0463417711009464,0.0450774411799225,0.0436986180266337,0.0429313075219762,0.0411862792159553,0.0396360334419009,0.0380358415641731,0.0363906130573105,0.0347432552344382,0.0329646873830499,0.0311577689353412,0.0294358677443863,0.0279755163314241,0.0271325524858407,0.025810142255765,0.0251003533592442,0.0245241383556335,0.0239795510323456,0.0235870314337457,0.0237627155351746,0.0234092478967222,0.0236567098322696,0.0234849518832428,0.0236984346461502,0.0233205737414788,0.023533858503769,0.0234355386476577,0.0236129629200089,0.0236070628040473,0.0233455563381478,0.0234681720042626,0.0236630714307484,0.0233878280257192,0.0238004527062387,0.0234575656683424,0.0234563624361604,0.0236123883411133,0.0233511687032247,0.0235747750728325,0.0233302505287794,0.0233275255947231,0.0232799841516242,0.0233142527549469,0.023029175204551,0.0230545878308329,0.0232203342670135,0.0229466058311582,0.0228795759681506,0.022570831095677,0.022590620339221,0.0224864282146373,0.0220805196049794,0.0216545717801607,0.0214050562923334,0.0213285149280376,0.0203035355133428,0.0205109291613195,0.0204379810870107,0.0195349643643562,0.0189980271659911,0.0184472291785391,0.0181267125968892,0.0171245634405882,0.0162098263259106,0.0153575019270333,0.0149723912074409,0.0137015096208657,0.0127191697990246,0.0123054596612926,0.0110611165085872,0.00999095856053076,0.00883640946377642,0.00828491661575649,0.00683705913086813,0.00582665664768562,0.00474063107903656,0.00347496836334571,0.00308415511081058,0.00223111089032047,0.00144384028918819,0.00114655640538654,0.000417186415297047,0.000195695723721973,3.0985361771195e-05,0.000139682245975457,-0.000135781071536104,0.000144310761331895,-0.000134231352767032,-7.3578028443686e-05,-0.000128173448034961,7.60006130444884e-05,-0.000105608643557949,3.08567612737482e-06,-3.51189434615672e-05,5.32398348206653e-05,-3.88129442817125e-05,0.000126510770195928,-6.05110468967398e-05,-7.75791023435677e-05
0.052227479954815,0.0519800088657717,0.0520902166253629,0.0519331478068693,0.051788042199788,0.0520192024423548,0.051838480315002,0.0519065796936743,0.0514694141692824,0.0513415171148722,0.0514417209339293,0.0510423846768056,0.0504852462539739,0.0505172265125993,0.0499358189842541,0.04978067332797,0.0494783994760774,0.04845075734469,0.0480057981915778,0.0476399983386341,0.0468334447446057,0.0459260215554308,0.0448997246677171,0.0440420239347963,0.0423487553821211,0.041318872879141,0.0397934606009007,0.0386511349973907,0.0369288313440025,0.0353519683502182,0.0332939566741113,0.0315848134441552,0.030020094440754,0.0288426094114578,0.027244571007548,0.0261804075970472,0.0251766889488254,0.0240548683274959,0.0233072138006316,0.0232357724717761,0.0231086735285321,0.022719865240304,0.0228657595957279,0.0227623664150661,0.0226351789089751,0.0226461960464651,0.0226509323375749,0.0227120904692693,0.022683519916515,0.0224906431662807,0.0228548789220009,0.0229175912595656,0.0227477468716878,0.0229901641258582,0.0227764756772506,0.0226902429973635,0.0224515532333638,0.0225859076758708,0.0226174925232498,0.0225683072437381,0.022419759677642,0.0224195922203079,0.022324772726711,0.0225615311766692,0.0224097595035906,0.022464608881857,0.0223404937245916,0.0221158008730135,0.0222452902842347,0.0218237780748062,0.021682175064225,0.0212465040193713,0.0212637347185751,0.0211992556944325,0.0210497731248629,0.0210786719166761,0.0203788235176042,0.0202700318572634,0.0198160532989123,0.0194710250066065,0.0188908474303159,0.0184381689994886,0.0177549610988548,0.0170416804794791,0.016432776655681,0.0158655189709553,0.0148605857834125,0.0143203416193423,0.0131855577081547,0.0123651309307632,0.0114674633918426,0.0107698155259959,0.00952987207628311,0.00849271100534513,0.00772884986864995,0.00673590502271214,0.00579781706534181,0.00441064675411423,0.00374654925674816,0.00279602176740564,0.00212554953996526,0.00139226578132361,0.000945544623947097,0.000852388081716567,0.000527492001466151,6.59892762392019e-05,0.000117929610202918,-3.43315737684656e-05,0.000165093634074828,-6.91952024744883e-05,3.16203764158182e-05,-5.20891054409529e-05,8.9918819112415e-05,-0.000179441793436201,-0.000145848106414821,4.45573807171769e-05,-0.00017383891665761,-9.66985127456427e-05,6.65098440254471e-05,-0.000430501541916229,-0.000217919015546275
0.0504303280319041,0.0506517041129546,0.0507231263692148,0.0508128988330437,0.050331625594404,0.0503436839063923,0.0504294417474749,0.0505176852431067,0.049896461651173,0.0499237812203585,0.0497954001991763,0.0497880847887451,0.0490003041513057,0.0489368628432863,0.0484601499352386,0.0482588680354048,0.0479623751360215,0.0473202330567505,0.0465169665032157,0.0460616833482606,0.0456560324192124,0.0446068583794949,0.0436820451248102,0.0424802316902444,0.0410403849773564,0.0400471796091266,0.0385345528982692,0.0370334641682226,0.0356505052537882,0.0339701096386115,0.0324028427224763,0.030590676884739,0.0290691610780129,0.0276063005155114,0.0262521962819618,0.0247918331024042,0.023901254137475,0.0233426195126752,0.0226755912683539,0.0223055023189833,0.0221470770214857,0.0220885274417379,0.021833648199818,0.0220510843452578,0.0217223664591273,0.021739182736791,0.0219183751521049,0.0220053020924568,0.0217877467524936,0.0216580810415321,0.0217634513759171,0.0217723888208841,0.0218529725926841,0.0217798580464705,0.0222579255332128,0.0216284544733125,0.0220446653753899,0.0217539796288976,0.0215415539726966,0.0212850404486176,0.021706155607794,0.0216664091947821,0.0216467665402687,0.0213121789539003,0.0212165059653348,0.0211133510450212,0.0210849867951537,0.0213937981597756,0.0212102488897435,0.0213365681164064,0.0210009046930333,0.0205140536650861,0.0206144230729087,0.0207811326254314,0.020226793965373,0.0201489845875005,0.0197669967403969,0.0195545218938976,0.0190467717998054,0.0185154550839422,0.0182126249909072,0.0175673852043425,0.0169061906631554,0.0162871618244071,0.0159701022791972,0.0152762120353318,0.0144249021816686,0.01360703874086,0.0126212316183792,0.0118225896790837,0.0107355243140123,0.0101602510449618,0.00918242212212997,0.0082365928139441,0.007517422211405,0.00623127073185661,0.00531144671647628,0.00416166364630723,0.00339768868965577,0.00275767425941308,0.00191176532416598,0.00121906014687419,0.00077619212272579,0.000534921905351965,0.000424698022744726,0.000199129525955941,0.000382406378686971,0.000249741659984194,7.60263351570574e-05,-0.000128285934576629,-0.000130675682972363,7.86341902571013e-05,3.76470423203716e-05,-0.000137980027843813,0.000134732663314152,0.000251094121342869,-3.93162583756956e-05,0.000138612204028773,1.91525095132969e-05,-9.55219593706167e-05,-2.63844440383806e-05
0.0493361173828069,0.0492071183516542,0.0493926400175087,0.0489165758254733,0.0491719885956547,0.0489769603118811,0.0488831216446943,0.0485281411215898,0.0486926188696581,0.0483777298125825,0.0481120104564068,0.0476132736575239,0.0476026242728317,0.0474927711501691,0.0470713644224029,0.0467553750740563,0.0463441538374153,0.0458470076735238,0.0451549718858741,0.0446436497045133,0.0436683264266587,0.0432162233239456,0.0421172378122111,0.0412735596007982,0.0399487117868857,0.038706542725402,0.0371880174546721,0.0356891250450686,0.034318689005996,0.0324509326088028,0.0312038256622163,0.0297333717322768,0.0283089582758025,0.0266700777841152,0.0253051735704401,0.0241470952081943,0.0231776636081875,0.0223850227970391,0.0219441286103058,0.0214192315879112,0.0211306881336706,0.0209770236728885,0.0213127119272337,0.021153829898224,0.0210303092244424,0.0208628029453091,0.0209312441887933,0.0209727054874234,0.0212394936016537,0.0209277749234024,0.0206052252896104,0.0207468318593611,0.0210508259559866,0.0211387876835817,0.0207955776162197,0.0208782175949641,0.0209122134851132,0.0210253249130038,0.0208851854768153,0.0207140475221194,0.0207017463097246,0.02055762275806,0.0207909677256537,0.0205645274977198,0.0208710728741274,0.0205009118264519,0.0204755208894864,0.0204835398640121,0.0202181407898597,0.0200423238344398,0.0200663302543537,0.0199260026057043,0.0199300230977552,0.019821363728484,0.0196024354826604,0.0193258592027775,0.0189841250116957,0.0183418692702891,0.0183571395307524,0.017666438829749,0.0173741669479814,0.0168432417921114,0.0161598985774081,0.0154818732927076,0.01523097815937,0.0144686718953793,0.013765641042055,0.0127885409212065,0.0122878922348328,0.0113050960780587,0.0108612737483796,0.00960345137426606,0.00867557133506385,0.00773333550513142,0.00712156281232035,0.00602689910324984,0.00513319374216493,0.00413263487204136,0.00337211626282974,0.00260088597004922,0.00174782329866301,0.00121585242118866,0.000719174753778838,0.000831692851170266,7.09849143669715e-05,0.000160435231669166,-0.000113828750196154,-0.000403498991563851,-3.73854934631931e-05,-0.00012778643212244,0.000264729914801422,-7.56991831713192e-05,7.55699525702907e-05,6.14661167612075e-05,9.11793791075309e-05,-8.66243745013025e-05,-6.25220916615523e-05,0.000103251724692708,0.000206179155009218,0.000156256890835042,0.000117472161873554
0.0479079680136219,0.0473746511190938,0.0475070508725295,0.0474453259784007,0.0471914693672271,0.0474295931884077,0.0468898201934347,0.0470631357737439,0.0466230427155543,0.0463891622366835,0.0469097425029692,0.0462591850331769,0.045983784913673,0.0459492181988683,0.0457103517155362,0.0454410553642314,0.0448308362288728,0.0446197667793949,0.04412043760019,0.0429111933166811,0.0424143596139655,0.0418428631042507,0.0409012655523385,0.039862396281236,0.03874358321089,0.037558758865728,0.0362718759460932,0.0349826252636593,0.0332542224371076,0.0315562723330401,0.0304854604789627,0.028648607425959,0.0271793367321235,0.0256713616438931,0.0245314612189509,0.0232415343507008,0.0223694093504049,0.0216536771153542,0.0210270075830778,0.0207478356203905,0.02056445337311,0.0202920882372957,0.0204765504442692,0.0201183558996904,0.0200752673711589,0.0203865207241531,0.0201119546710369,0.0201639422207184,0.0204619916158104,0.0199218929615089,0.0200938243993684,0.0201602895236441,0.0202220750320926,0.0203675681108707,0.0200575442555626,0.0200074832883595,0.0200690307260556,0.0199373554080638,0.0203534600864601,0.0200250319764887,0.0198809440996411,0.020017620168326,0.0200291259888227,0.0197300774020046,0.0199430497260234,0.0201163382066924,0.0194917258201525,0.0199089544144964,0.019589230891009,0.0195201858586458,0.019577733080057,0.0190748117607951,0.0193432221822763,0.0189883013933662,0.0185871274472715,0.0185180234171753,0.0180434074228556,0.0176563914988594,0.0177579877734563,0.017295328076457,0.0164432435462346,0.0162898975375747,0.0159333290393417,0.0153109184877525,0.0144429756121753,0.0136303487599143,0.0130601359851063,0.012411970477694,0.0119294918415957,0.0112098004711307,0.0102993411118956,0.0093295094665186,0.00841380813091536,0.007377467528673,0.00664167901071714,0.0058082612837338,0.00505181738293257,0.0040276833001007,0.00308641732877255,0.00268604324215479,0.002060509439793,0.00100836939248683,0.000680778342208828,0.00042499817826236,0.000297476128930902,0.000268222357391686,0.000143039759556302,-2.64546585757981e-05,0.000170845487762408,-0.000334467277174871,-0.000386610289708646,-0.00010110392508798,0.000252507697927566,7.45267455434169e-05,-0.000243697031751146,-0.000199588617483954,5.6233296168408e-05,0.000199965185733597,-8.56540614939512e-05,0.000145953030382228,-0.000111537346144645
0.0465270285749368,0.0461258042655848,0.0462046023514711,0.0461075846969311,0.046080609071675,0.0461896670566497,0.0456859552442235,0.0459413157919169,0.0454182937789045,0.0454807657213006,0.0451671261443613,0.0450830300229926,0.045021306431417,0.0446308689252339,0.0441667987630042,0.0439131835691972,0.043628051956678,0.0431905137982245,0.0427181961247759,0.0422009952061208,0.040933276652818,0.0402346207973746,0.0395394601650552,0.0384573715079603,0.0376783658145592,0.0362064413765522,0.0351836945749206,0.033740331851899,0.0321075397895943,0.0309137533966817,0.029152934464293,0.0275689343453411,0.0261623912339576,0.0250265803619819,0.0233755427274512,0.0224685140960024,0.0213931558122446,0.0210132624144653,0.020519352334608,0.0197959851997025,0.0197200064857806,0.0195119984574778,0.0193493331112504,0.0193999014458765,0.0196262970880892,0.019284253604952,0.0194187406506221,0.0196549828414114,0.0194776161153214,0.0195144939844985,0.0192797150724371,0.0193499003235026,0.0193228838827945,0.0192814947202881,0.0196587243114189,0.0192541013814259,0.0195647475232562,0.019436147671716,0.0197031383119143,0.0193548264767906,0.0193636020447477,0.0193640211493695,0.0191791123812477,0.0192640142560387,0.0192722053819898,0.0192281490654755,0.0190603210648576,0.0187742285401892,0.0188002236047072,0.0187601731050669,0.0187452588993821,0.0183286937155886,0.0179201392009408,0.0178766838102533,0.0180239655411644,0.0179001451672085,0.0179369366839014,0.0172292631275628,0.0168699445210234,0.0168047964750562,0.0160045016461343,0.0155379161713623,0.0151104477307458,0.0144958857344093,0.0144007590385805,0.0135904571935794,0.0126153800198574,0.0120497324160579,0.011332196864426,0.0107290963992929,0.010140533965278,0.00866840830052479,0.00838678954490281,0.00714747798774415,0.0061995863131062,0.00573064212456573,0.00456429739256334,0.00382680099217429,0.0031189093311074,0.00235643987255018,0.00193430659027602,0.00136108348373543,0.000473303909591115,0.000683786871426604,0.000449492019613925,0.000592524541960688,0.00013527366842298,-2.50856203017886e-05,0.000192678495876652,2.66431911630306e-05,-3.2833641156783e-05,0.000167982324081275,-0.000128047355691368,0.000313142720091581,0.000165258683318507,0.000112501173436512,0.000237907878096468,-0.000193667142324948,0.000114552598748648,-0.000164887853020588,5.30299897963612e-05
0.0445762161885529,0.044976869609127,0.0446915787697223,0.0445905262901826,0.044661095303542,0.0442723113592192,0.0443301079641693,0.0444016663776295,0.0442881584926056,0.0440438095486848,0.0438468681903578,0.0438168356923451,0.043441509758902,0.0431156143287414,0.0431715715049695,0.0426231332090899,0.0421447783801009,0.0416446184572277,0.0409118753097593,0.0405117435354815,0.0398437503673782,0.0389703780239417,0.0384238260879502,0.037473154227056,0.0362063421134021,0.0349735984884277,0.0337471951976463,0.0327289914581906,0.031257274159296,0.029813704434315,0.028198163947848,0.0265374603605842,0.0251121964906248,0.0240576175936826,0.0224777284996972,0.0213943946811216,0.0209386371243809,0.019921190904595,0.0195721405594442,0.0191739879007091,0.0189075257315323,0.0187734578602373,0.0190296543124234,0.0188917083930273,0.0190287072473155,0.0185978245163515,0.0186206917236562,0.0189210315393412,0.0185172384718292,0.0188615264406531,0.018758982150489,0.0185914664148731,0.0189301406973911,0.0187646816959275,0.0188650392787406,0.0183331450306718,0.0186720819292936,0.0185703782076591,0.0185245908807537,0.01863453799188,0.0186812130997782,0.0185464682083584,0.0185506669942967,0.0185749554964181,0.0184616485127585,0.0182801008729653,0.0185003140650321,0.0181431881740152,0.0184412090141428,0.0181697208391178,0.0178365988279949,0.017689752252237,0.0177268553813291,0.017646161987928,0.0173513877096823,0.0171125784877623,0.0172549361359281,0.0167192312391992,0.0161811584060697,0.0159246260916182,0.0156069953809182,0.0151047472931416,0.0147032270599695,0.0141584573232485,0.0136699106287964,0.0132646303481305,0.0124581584677743,0.0116509596320712,0.0109728707141961,0.0102359933229263,0.00974533667413896,0.00865352308101086,0.00811583819455023,0.00701291263020421,0.00607514746819424,0.00546682441726673,0.00421553756312841,0.00375467880258649,0.00304573080957883,0.00229906864432824,0.00152450185565553,0.00109161241848113,0.000738349325028809,0.000441027620538566,0.000258925787288833,0.000178826005265326,-9.56547452589735e-05,-0.000134704009513577,2.13651799816304e-05,-9.37587308622143e-05,4.46470088117507e-05,0.000371858744283395,9.72687606424896e-05,-1.22204803969523e-05,-0.000228283395485746,-0.000210227458309497,0.000202284592934659,7.93103430613746e-05,-3.38404170868123e-06,-5.13058378940901e-05,6.77383287447342e-06
0.0436076967900506,0.0432474882850126,0.0432092870946382,0.0433103766755713,0.0429844017991417,0.0433230348833517,0.0430837768506026,0.0430239128073528,0.0429648833082957,0.0425605119729163,0.0424083553459947,0.0421851593564022,0.0420913209482458,0.0419034661400674,0.0416687454794628,0.0414499162028651,0.0408387302422505,0.0405497256885007,0.0395542181933411,0.0393475739383515,0.0386744122919904,0.0378911386662594,0.0373079140115435,0.0362450804427753,0.0352886136974025,0.0338156279494478,0.0329552841692977,0.0315149001986899,0.0304471772576961,0.0288055311274632,0.02731977362995,0.0256424479689526,0.0244930712835655,0.023465255576109,0.0219684186446324,0.0206949321337515,0.0200039110004324,0.0195899310167527,0.0188404170582899,0.0184665168787638,0.0185384372939111,0.0182782423225622,0.018015476260878,0.0181850578611062,0.0178686951823281,0.0181091766852861,0.0181445769758125,0.0180202886575171,0.0179898045497252,0.0177486066075081,0.0179752972919719,0.0180295230567753,0.0178429243500088,0.0180141551781364,0.0179626300370643,0.0178770221746686,0.0178708214144476,0.0173875865349282,0.0179736051017958,0.0179316804587853,0.0178683680674927,0.0179988319044798,0.0177348380628623,0.0173807175449408,0.0178123439649782,0.0174076796777465,0.0173959503226288,0.0175254808731322,0.017299202267758,0.0173122951734348,0.017387632163182,0.017075456372886,0.0168047558914081,0.0165715097074615,0.0165797681790546,0.0165494332121906,0.0164230110652727,0.0160181393529746,0.0154113374909704,0.0152900018451585,0.0148032133832934,0.0143290521610367,0.0142028399509234,0.0138614278907261,0.0130427190937187,0.0124667092481201,0.0119610273687138,0.0114275115500103,0.010838584928354,0.00982474789220498,0.00922446510839263,0.00827345030694416,0.00786271241313056,0.00686287111630788,0.00596836715883271,0.00508754286637188,0.0043207589908929,0.00369860329778491,0.00295704638109166,0.0021204297695048,0.00158622247935258,0.00133312764198549,0.000851413350524163,0.000540687625703424,0.000370695517169826,5.04651354135482e-05,1.62420579465885e-05,-5.98886755108837e-05,-8.7469415811161e-05,0.000184711177074213,0.000114550079187875,8.35627835021578e-06,-0.000471455623415648,0.000245595244931388,0.000128146853132628,4.960854128989e-05,-0.000262738214884192,-0.000129348538935391,-0.000276221113320574,2.39469708960941e-05,0.000111328153304785
0.042143190335214,0.0421408164302766,0.0418058512666587,0.0418058346260466,0.0420753176866414,0.0415001386442579,0.0419506813782218,0.0417662386157104,0.0415251326416064,0.0414937491317144,0.0414390510240034,0.0410291551328766,0.04074061791588,0.0409886173126779,0.0406450424393374,0.0400878674692724,0.0397124547121894,0.0391487473536136,0.0387144727834317,0.0380850572152545,0.03724103219103,0.0366506599649877,0.0359772731782034,0.0349541286525849,0.0340963018705107,0.0326952018917699,0.0318115659502275,0.0305838841749477,0.0291344126068454,0.0277522110441147,0.0265010928515238,0.0249165726087804,0.0234045219655505,0.0225149575725726,0.0209427654435585,0.0202631548029358,0.0193843954473123,0.0191183195303208,0.0182750507565229,0.0178711683524674,0.0174282201581048,0.0174756412365023,0.0174398177004038,0.017628254957695,0.01728365864745,0.0172740893321841,0.0172457162025278,0.0175149339549888,0.0170018029902807,0.0174161638375937,0.0171124941321844,0.0171525119195824,0.017234454093363,0.0175139189402681,0.0174127607931969,0.0174533273242205,0.017194351552601,0.017337627537468,0.0171749997671606,0.0172669088317567,0.0172208012617645,0.017250022769455,0.0171050649159027,0.0172689761030832,0.0169368312593568,0.0172004977813896,0.016888277217173,0.0171075880474448,0.0165846480486125,0.0167180374272958,0.0167136764186189,0.0165846793834843,0.0163508006183411,0.0161222411612581,0.0162030680339748,0.0156381457492591,0.0155299382751813,0.0154572872078412,0.0151298628174002,0.0146664841566729,0.0146406506349316,0.0141752952902591,0.0134663234279716,0.0131436149032739,0.0124516237415808,0.0119554884824609,0.0112655326696927,0.0109989928481433,0.0100321432421028,0.00956848993040501,0.00902732572264565,0.00802847080812856,0.00724996798965175,0.00634233934753824,0.00627550606061004,0.00512629351228517,0.0044323700328332,0.00354626539226881,0.00274996548733195,0.00195756407910714,0.00169238013203424,0.0015676083501098,0.000816350787902449,0.000433952682641514,0.000137341354532945,0.000100648633591624,-8.47186446706079e-06,0.000212833316659274,3.2071619394211e-05,-0.000297261562943266,-3.87785608335448e-05,-2.14099919378621e-05,-8.61115950597331e-05,9.07648241670073e-05,-2.07338621620431e-05,-7.51156673386924e-05,0.000144714825219824,0.000128200479833269,0.00011486568112843,9.83411783681085e-05,-9.32933456243701e-05
0.0406401621339975,0.0410401308780033,0.0408432500533941,0.0405245998035155,0.0407426693483902,0.0406881736479502,0.0406411490424357,0.0406763423541576,0.0402397427134275,0.0403791724712098,0.0400517027165392,0.039891359176138,0.0395112685469346,0.0391580963857287,0.0390538287941169,0.0385220816284495,0.03858233476821,0.0380452407148305,0.0371950681697083,0.0369669607917744,0.0362735521497421,0.0355607744849216,0.0345415350638403,0.0337873837009891,0.0331468675082289,0.0322034183516456,0.0306869280353214,0.0296531011541235,0.0281952913625378,0.0269598838537589,0.0255235990121509,0.0241980341147746,0.0226871920790402,0.0216573628126313,0.0206069912825382,0.019530384808363,0.0186570228750875,0.0181298080086888,0.0174031146432764,0.016862472434499,0.0169896905772424,0.0167000978081248,0.0166530068839344,0.0166650878086244,0.01668373384656,0.0166910973777956,0.0167883597938819,0.0167659200116777,0.0167836942623696,0.0168760497020393,0.0167164751067871,0.016824249346628,0.0167941804226671,0.0170230520487333,0.0166138741778396,0.016751396382865,0.0163530901520196,0.016946499351292,0.0168198683746592,0.016879434583307,0.016754540558663,0.0167272182752955,0.0163410816933085,0.0164320859561932,0.0168839684617813,0.0166637025121669,0.0166644898761027,0.0162737285777144,0.0162750047606919,0.0162228708834599,0.016215669053398,0.0160432094192679,0.0158058320093038,0.0156144373266326,0.0154862646270546,0.0153078938382878,0.0150459509579698,0.0149212041846582,0.0145844223885859,0.0142930416888716,0.0140421357514688,0.0137097887613619,0.012891740340579,0.0125537111739367,0.0123141232656982,0.0116195944260053,0.0111008546176857,0.010542139274392,0.00957594881332591,0.0091415733384551,0.00878929689112445,0.00807948442342391,0.0071808774380921,0.00614974975933673,0.00580581187314111,0.00510157930893423,0.00424902719333787,0.00328971471787999,0.00290819763667134,0.00203248177370155,0.00148629319146575,0.000847778679764209,0.000804134620391028,0.000193341189431807,0.000408054567669202,2.59133103061462e-05,-1.54261241410195e-05,4.79654183880755e-05,0.000211232379392808,-2.14650410328711e-05,7.63957042171796e-05,-4.80166147569445e-05,0.0002233751197533,-4.65749552655808e-05,-0.000215199275487722,-0.000204780505566353,-0.000181960899490799,-0.00011932426264622,6.99947556297659e-05,4.28703808624513e-05,1.46383498741136e-05
0.0394662912844849,0.0396677458918552,0.0397814537640077,0.039796208101743,0.0394241583720635,0.0398554391856805,0.0394104953447166,0.0393245016642601,0.0390956454662946,0.0391787973984508,0.0388876991260728,0.0385318025179286,0.0387132374154386,0.0381205539005692,0.0382123047094856,0.0378513429757381,0.0375521332727483,0.037197348224325,0.0364143650731815,0.0359133818643217,0.0352046974596678,0.0344733413720455,0.0336034456426479,0.0332612076811149,0.032055897736095,0.0315125422272211,0.0296734755694496,0.0285721973534241,0.0274886738670294,0.0259076898418627,0.0246348857700377,0.0237819770560935,0.0222774966354914,0.0209304284189115,0.0197869843405164,0.0189868102589544,0.0179601716072874,0.0174648294544545,0.0170052394436696,0.0167494206711139,0.0163922503388685,0.0162187676374212,0.0162743566729084,0.0162320874156055,0.0162660078060525,0.0163779260067053,0.0163572196777003,0.0163792926045548,0.0161086552519041,0.0162660842815948,0.016511789614953,0.0162859983880494,0.0160642763863691,0.0162795246322522,0.0164908484655829,0.0161945287440246,0.0163033142255961,0.0158837465770989,0.0162054082101753,0.0160099522304101,0.0162389997604614,0.0160436134586576,0.0162951296644614,0.0159850338532977,0.0160097914329532,0.0155922203653553,0.0161958572892175,0.0155635758004462,0.015841723124187,0.015700302205737,0.0153091188900036,0.0153021962418455,0.0151426834900408,0.01512570716559,0.0152539715568613,0.014884227221423,0.0148429049300607,0.0145616650138604,0.0137742814131613,0.0141684627781175,0.0133729842192108,0.0130284980095554,0.0127215903521819,0.0122275333616354,0.0116106098968118,0.0112739362863331,0.0108656160787725,0.0103562511619158,0.00936757482984644,0.00901196917648108,0.00841887472739941,0.00749730871882039,0.00716884598074808,0.00647432133309739,0.00546739035941073,0.00470244637305985,0.00386800936185579,0.00309952775285894,0.00249729406048835,0.00195001017423284,0.00129942922355772,0.000740791943633871,0.000665288108621568,1.9165873508263e-05,0.000472474276685801,8.0877676015368e-05,-7.21067049857408e-06,-9.11248192095572e-05,-0.000183980913454875,9.18311691056313e-05,-0.000151330115870599,-0.000331793654264215,-4.16564172900431e-05,5.17900108800696e-05,8.0720224126296e-05,0.000136020871276774,-9.92214930803187e-06,2.62997759073585e-05,0.00014006399642688,0.000186515218375932,0.000263578848442061
0.0386010487862475,0.038957603089494,0.0384543071248191,0.0385185461231695,0.0384837753495143,0.0384138079749717,0.0384962528622044,0.0383227523886229,0.0381443281064114,0.0379999119634256,0.0376443488756701,0.037604397746906,0.0375775144211701,0.0373520759928788,0.0370117236875201,0.036708220335583,0.0365019507975004,0.036078821440186,0.0352358031426751,0.0348494419719173,0.0342774681863949,0.0340274877296565,0.0331731583005538,0.0324230796564023,0.0313323058915526,0.0303062303877372,0.0291610492541427,0.0278717916832575,0.0266806128108432,0.0252846000525415,0.0241342448574417,0.0227228674172777,0.0214492773055946,0.0202379767997852,0.0193166768796573,0.0181063781283072,0.0176388150345032,0.0168438528137322,0.0164472636480152,0.0161117172012547,0.0157783627849433,0.0160780232542993,0.0156832625805128,0.0154957159950043,0.0155248253762139,0.01529137694084,0.0157200075518289,0.0157063063732186,0.0157347972699747,0.0156921651057113,0.015770423165242,0.015451623156857,0.0156376514532791,0.0157244340285829,0.0157182604046045,0.0159125628436443,0.0155675788795036,0.0155379241431489,0.015492730955958,0.0153624506323441,0.015585596268415,0.0157500964719276,0.0157622228365551,0.0155364696329293,0.015399524967048,0.0153024801715865,0.0153347541541706,0.0154051732176033,0.0154964812202286,0.0150450202946505,0.0149154846722504,0.0149051669470701,0.0147416794413568,0.0150580509383766,0.014655460862797,0.0144333829294576,0.0142513257027046,0.0138213160149204,0.0135188402386222,0.0134463649500576,0.0131924440855542,0.0127897845275046,0.0124978522687104,0.011831723507861,0.0114701196033193,0.0110448458308557,0.0102348862740233,0.00999129598200839,0.00938386403603398,0.00857530696535312,0.00807903381855902,0.00719053133466073,0.00682750505067472,0.0059847369525334,0.00534882328050867,0.00455058847489077,0.00368071337152081,0.0031754319823857,0.00243652977440357,0.00227483724460369,0.00128881652245443,0.000982824503889521,0.000317289813297967,0.000536796397815857,0.00027127009188929,3.20287311499871e-05,0.000166578981805184,6.86297451151242e-05,-5.43426426098578e-06,0.000146162983779367,0.000267845953584484,0.000112096849307569,0.000165814813132322,-0.000138741645332382,-0.000172016497084723,-3.3071750463673e-05,0.000222180386552591,0.000180055299408594,-1.35577919828017e-05,-0.000444150455702678,-0.000176265556956346
0.0375367635970793,0.0379151441509373,0.0376115994812025,0.037556350477097,0.0374216432590466,0.0372778743311066,0.0373236290144324,0.0371272656661599,0.0372648751348608,0.0371025674704969,0.0370600190688858,0.036668374470739,0.036425859260257,0.0363147607915956,0.0358160764893416,0.0357567706765926,0.0354325970682835,0.0348830963645453,0.0341896944908985,0.033805407021841,0.0335743251508603,0.0330118389451734,0.0321397987773206,0.0310305478519826,0.0303107286962156,0.0292178763818286,0.0280903836954594,0.026898356984023,0.0259669653393284,0.0246719907481834,0.0232891321278032,0.0221938663187494,0.0208218156135051,0.0195123451422378,0.0186030458552232,0.0175306040509854,0.0170716569667574,0.0164722881172399,0.0158425670629359,0.0153956929927311,0.0152931326909916,0.015499757226584,0.0156796065655395,0.0151337510380517,0.0153118904609587,0.0148944016006176,0.0153398596247856,0.0151855841237773,0.0152599526096941,0.0150565118316518,0.0151920421370825,0.0152319531255981,0.0151602897762429,0.0154000494644319,0.0151309717306363,0.0152548178043463,0.0149281669837297,0.0150262001595459,0.0151620607589639,0.0152510040920075,0.015038928726023,0.0151917715665733,0.0149468713184617,0.0148956551011414,0.0151768079402064,0.0152931797540366,0.0148138769833216,0.0148466102098557,0.0144873686300768,0.014674380380736,0.0145131638957219,0.0144039690831183,0.0145107956491218,0.0144738698267913,0.0141254180395126,0.0140713119471135,0.0137287427301581,0.013755504506275,0.0132290113799573,0.013216370584756,0.0128797383398246,0.0122535287606361,0.0121741854714214,0.0112014310960268,0.0112076695065011,0.0104866545794631,0.0102050006107639,0.00981729789736979,0.0089271992037288,0.00830722024549249,0.00775120724718001,0.0070339125419947,0.00642381742536071,0.00574369241356765,0.00501013323243823,0.00466921020905162,0.00364938866755312,0.00312116477264355,0.00250018996312076,0.00210803310698467,0.00114012941423771,0.00124846390986966,0.000653404320214429,0.000663484212820887,-2.01944341413854e-05,-2.89393986710346e-05,-0.000136470899798084,-3.1137759663149e-05,0.000115039762661046,-0.000144543958079425,-4.85263087113103e-05,-0.000254209463932326,0.00010640180679225,0.000119396944882117,8.29847259579838e-05,-7.24247264422687e-05,0.000120266577236461,3.0596567288095e-05,0.000265412981207852,-0.000144939883090762,-7.15307284831939e-05
0.0368511685374287,0.0367170732469809,0.0368025899595236,0.0366348038983057,0.0364274443943299,0.0365613291954782,0.0364331503797024,0.0363752045783954,0.0361120301814549,0.0362969833410315,0.0358924750874692,0.035692778360014,0.0354814272783933,0.0350138773600004,0.0350119932309314,0.0347177558564584,0.0346555662981203,0.0340683262847685,0.0336331724258278,0.0331880621873248,0.0326592017500502,0.0318361528722524,0.0310990070873766,0.0304699439677533,0.0295871292289125,0.0285425998430674,0.0277721054867284,0.0262216479231018,0.0254414216360117,0.0242181795837436,0.0228167828354344,0.0216420218912717,0.020238961356198,0.0191808962633651,0.0180432085323908,0.0170031894558933,0.0167890167010343,0.0161638319815305,0.0158060787087036,0.0149508231739946,0.0150236735824035,0.0146132141841036,0.0149700209751473,0.0145514064811938,0.0148229847042689,0.0149001062915809,0.014729282813505,0.0144646523393432,0.0145449120811593,0.0144727495534247,0.0150929669840989,0.0146661579729906,0.0145897017214272,0.0147450947249116,0.0147664624929364,0.0146661243900339,0.0147722018458357,0.0148575149671907,0.0146694574809155,0.0147269401700719,0.0146884363108096,0.0148793075238833,0.0146897738106547,0.0146173650417324,0.0144752318781653,0.0146153860800157,0.0139699405352218,0.0142917868409682,0.0141065458233757,0.0142707817320859,0.0139257546185674,0.0140406202840098,0.0137410790918146,0.0136968862282652,0.0137054767588753,0.0135002111573232,0.013651504278161,0.0132288495971686,0.0129175465428947,0.0127422398216854,0.0121130241451639,0.0118094906755082,0.0117564315834585,0.0108463098815308,0.0107174022332167,0.0102650574335121,0.00958681705697822,0.0092907980000134,0.00862935124398913,0.00832235964825729,0.00751959848346339,0.00686599061682788,0.00595656891576963,0.0055678182257378,0.00488540702436948,0.00425533292041539,0.00360201787915813,0.00293385703705914,0.00245711078086764,0.00164834777918899,0.00137121592435342,0.00097830046878535,0.0005379729279715,0.000324188154334494,0.000139833395489283,-3.47085672667799e-05,-0.000153102584467508,-0.000154114797938965,0.000281871604331761,-5.18830772399984e-05,1.80592439697719e-05,4.29781387714749e-05,0.000427273260797355,-0.000110490435124085,7.00314792307748e-05,0.000126979163024175,-1.85495164159333e-05,-5.28081369722703e-05,0.000208396980019669,-3.04308697784e-05,-7.84831703655707e-05
0.035751825195398,0.0357836877731692,0.035986174593336,0.0356937543472871,0.0356824440012846,0.035782257496308,0.0357993534303825,0.035467220895481,0.035329026483791,0.0352783164649745,0.0352390996612292,0.0347485090212665,0.0346960803553772,0.034751138033844,0.0344615989789081,0.0342381697870224,0.0335393677778624,0.0334181371232223,0.032740378339578,0.0323101856862542,0.0320238545658278,0.0312852816667072,0.0304593345852624,0.0299189151097384,0.0288644221430429,0.0280269280169143,0.026742862134377,0.0259319439146954,0.0247097019853729,0.0233368176164123,0.022371049285895,0.0209634741413473,0.0198751817257668,0.0185250848699846,0.0176471387367371,0.0167647153884658,0.0161242182810934,0.0154385804167073,0.0147358262370255,0.0146818454221711,0.0145321508649579,0.0142564939475822,0.0143929075432549,0.0142815966484953,0.0142373195071605,0.0142620530009558,0.0140533700784099,0.0142860895135836,0.0141828750876773,0.0144068427009795,0.0144843848933852,0.0142884056259267,0.0144391612255762,0.0141607292529586,0.0143374487727692,0.0146129001066461,0.0139517946266969,0.0146648187519474,0.0145307109489373,0.0142662641661393,0.0144171876090783,0.0138539209322799,0.0141244696211959,0.0143418879386654,0.0142434835159184,0.0142287686402456,0.0141422729727621,0.0139437106851516,0.0139414293270408,0.0136408545486149,0.0136383317203977,0.0137946541089535,0.0135306384733575,0.0134488945567506,0.0129936350832225,0.0131925185547632,0.0128820993871776,0.0127930732219561,0.0121776637561934,0.0122889685110792,0.0119778258815637,0.0117235523927979,0.0114500680135128,0.0110731788407122,0.0104176266029148,0.0100856961601723,0.0095358585004129,0.00908787060709816,0.00858162492452177,0.00799374161820523,0.00720196044913621,0.00662866153648417,0.00586065214329024,0.00553402100628414,0.00492804998657663,0.00419060144427761,0.00364745659807218,0.00304138430678807,0.0024103585441059,0.00190426527870005,0.00100353721408577,0.000807617371422165,0.000488865345442921,0.000383952938674872,0.00024483551697833,0.000193428254001622,0.000310243122292517,0.000281620642962757,-7.65203625198705e-05,-0.000233107385603226,-0.000173536993178615,-0.000198198773554595,5.87621822149421e-05,-0.000281227110561959,4.54288413875691e-05,3.82939509741095e-05,4.44184206221359e-05,-1.24917993478662e-05,-0.000116956390059686,-6.72637333608893e-06,-7.92138144184059e-06
0.0349496514890463,0.035422253774707,0.034789866723093,0.0348591392142384,0.0348031391296276,0.0349508689009958,0.034573018017694,0.0347019195702996,0.0344579120341608,0.0343839149010971,0.0342494893904401,0.0343353004574972,0.0339345616391795,0.0340919180724411,0.0336793792325078,0.0333393691515516,0.0330053601649035,0.0325960179836563,0.0324108133876606,0.0310980355467185,0.0311985249967761,0.0306856196728395,0.0296090101875905,0.0292133462628621,0.0282435516352335,0.0272537880806254,0.0261733816330693,0.0252214121416481,0.0240307869749356,0.0229502074022811,0.0216097636234818,0.0205305766351041,0.0196878041307731,0.018129878318666,0.017258141635764,0.0162466719035001,0.0154951972698769,0.0149202805332594,0.0148030128019738,0.0142753631772721,0.0143377416376293,0.0142812182305635,0.0142117685387702,0.0140548992404094,0.0142488064862138,0.0137794822270319,0.0138637950159844,0.0135863649713238,0.0138059844353577,0.0134782987989687,0.0139393031943057,0.0141710556391263,0.0137753721504574,0.0141402803645142,0.0140505911278704,0.0138988362690606,0.0139341445122501,0.0142658764988297,0.0139162156138984,0.013784115049559,0.0139971780664384,0.0136234352703723,0.0135165402631942,0.0136648760726725,0.0135813072156726,0.0136420596056442,0.013505448298675,0.0139384934399558,0.0138290231491582,0.0131364434164178,0.0132739527996846,0.0132703472557118,0.0133000196665402,0.013154632426169,0.013032277609666,0.0128101728451491,0.0126509055735833,0.0122541313611427,0.011970352571444,0.0117971934764052,0.0117635321070308,0.0112376231998487,0.0110556799276651,0.0105572703068939,0.0100627724461786,0.00940205544550502,0.00952867021329708,0.00897400568426723,0.00849744453027653,0.00744697562070028,0.00692778019648827,0.00670156917329785,0.00580898181404461,0.00529939041130712,0.00409134902075055,0.00394231705981162,0.00342110956735667,0.0027039327909948,0.00238797574454567,0.00156664584752504,0.00103360234211588,0.000825520451866555,0.000848590916100956,0.000484686829623876,0.00025875155564959,-1.3489638527872e-05,-0.000230897839685324,9.71407547949859e-05,-0.000315211198162089,0.000139632038271727,-0.000236847126697624,-7.13568239707322e-05,0.000150694886995782,-0.000179238476986122,3.83544834362096e-05,9.56612700100901e-06,7.92158683953062e-05,-4.57510565616581e-05,-1.73981967971172e-05,-0.000131805205495737,8.79680976223217e-05
0.0342656246548352,0.0341362718796156,0.0344903076804687,0.0343186770205244,0.0341485399078437,0.0340859506935442,0.03417106841238,0.0337575732316764,0.0335895889874076,0.0335944480792675,0.0333986226233926,0.033327653511592,0.0331701951410812,0.0329966964042952,0.03272463242032,0.032383614049722,0.0320350519025524,0.0317033028217454,0.0311517883511945,0.0308956344455834,0.0304249556208124,0.0295180709045216,0.0290123635507917,0.0283572750857518,0.0276008721848658,0.0267858031234766,0.0258400683195742,0.0245794284861504,0.0233455202066538,0.0221112081031002,0.0213137140918055,0.0198531820358001,0.0186929864535531,0.0177882480495958,0.0167093375973234,0.0157931930912115,0.0153422735082997,0.0147649614612732,0.0141642444265734,0.0140105154246335,0.0140399147579597,0.0137513319184424,0.0135390402050249,0.013871980391001,0.0135090950356275,0.0135682469036098,0.0136502810863189,0.0135022444783347,0.0136563971815318,0.013398256051141,0.0134299281178682,0.0133746350189839,0.0134799465644978,0.0134593432341895,0.013582668095848,0.0137436806017728,0.0139746311657895,0.0135275755697393,0.0134782917965547,0.0135761680343306,0.0133933327463204,0.0133980513844765,0.0135783793036749,0.0134659837055164,0.013506508749501,0.0131324279788611,0.0133451813395246,0.0134188455700244,0.0129387177541677,0.0131235765665081,0.0130803294383396,0.0131363863506344,0.0128471575955812,0.0126585081279684,0.0127966454882756,0.0124046392835134,0.0122467716861053,0.0118767893956095,0.0119102037666316,0.011888245639563,0.0114478414780475,0.0110181378738495,0.0104519272023829,0.0101271956877901,0.00984004047302282,0.00943882761905143,0.00922882056669811,0.00832928266957762,0.00808065228149253,0.00773441977631368,0.00693615098604774,0.00632035912023683,0.00572098978308235,0.00520514876950879,0.00457886046591494,0.00385420981505012,0.00339299320721772,0.00255206892267206,0.00210577781463868,0.00158578817185074,0.00138900965838339,0.000671514593434961,0.000252576157423881,0.000405394860688995,0.000245233390620257,4.64335681868469e-05,0.00021127850288319,0.000122293463213047,-7.25546387996718e-05,1.35236024614938e-05,-0.000304378817301824,-3.32188475099068e-05,2.14207112215646e-05,-3.64288611787446e-05,8.28801766415913e-05,-0.000175968223694725,-9.16615459844605e-06,0.000104337639380456,-0.000136742913853551,-8.12737791162936e-05,-0.00017533609667088
0.0335656518866284,0.0340029572205381,0.0332276289114577,0.0332774243584661,0.0334868537232927,0.0332965948294105,0.0330217282427344,0.0330485276157864,0.0330271302575249,0.0331371748658562,0.0329204686049148,0.0325976105011642,0.0325862358047078,0.0322467146161349,0.0318913495338441,0.0316065945795448,0.0314677295642064,0.0310519359758671,0.0306117385332765,0.0302655467182213,0.029770247468103,0.0292084785900861,0.0281620318738689,0.0274517302224179,0.0268436387520793,0.0261346828342228,0.0251106409076732,0.0241071085773558,0.0226522595978612,0.0216647936186814,0.0204874007979318,0.0198345226985183,0.01836255238604,0.0171249640945532,0.0164137199794425,0.0155077408329032,0.0148109582961368,0.0144225697613713,0.0137144538180453,0.0135531605591784,0.0133395716216628,0.0133249901488875,0.0131842164171279,0.0132888753325681,0.0131537501752454,0.0131803279084671,0.013275011937121,0.0131978024388938,0.0131660973177937,0.0129942428251457,0.0131440707150627,0.013391617102696,0.0131202565453866,0.01338826435269,0.0132798186454992,0.0133278238638514,0.0130549965898493,0.0128635229479198,0.0132316803045883,0.0133489314896534,0.0131718815692797,0.0129519971018559,0.0132983712548655,0.0127774963851992,0.0132227813957282,0.01295115478131,0.013025826103303,0.0129082269926776,0.012985889915134,0.0128576955647052,0.0127195863557398,0.012973075121775,0.0127793432878966,0.0125216778576473,0.0119338340755616,0.0119611302975298,0.0118611480983848,0.0120457496604432,0.0115430252047862,0.011103537421257,0.0110889882108001,0.0109638356772929,0.0103702643714486,0.0101843703619207,0.00933960187125718,0.00925335828723052,0.00903839309781947,0.0079775195097679,0.00805652079483717,0.00695412721933123,0.00668152948530748,0.00607968937909676,0.00554008738518742,0.00488368550379377,0.00478621900702363,0.00386116941749135,0.00325871243988879,0.00286169450085636,0.00216327042542618,0.00150404183633484,0.00121551709201369,0.000798136754952093,0.000770405861007169,0.000376234075979721,0.000215586002381044,0.000201154460465743,0.000134597485827972,0.000230137308973395,6.4899789928761e-06,1.59184521006003e-05,-7.80185225225925e-05,0.000248249604539627,-0.000262329824740396,-5.10636840463326e-05,1.8445526337541e-05,0.000137078701358359,-0.000117735172707495,0.000138335090413174,3.67924006417872e-05,6.82286763781775e-05,0.00022187236640622
0.0327206983671006,0.0326715305064325,0.032646662308328,0.0324064461573478,0.0323899917160165,0.0324449354038247,0.0326666287746448,0.032275125835953,0.032478468752422,0.0323701888292486,0.0320770819673448,0.0319860639744673,0.031769358252836,0.0314570298595968,0.0312858830839899,0.0310389911236975,0.0308585327207953,0.0304697506290093,0.0299540447586391,0.0294201994042676,0.0291557263883016,0.0286968123542171,0.0278690233891671,0.0270442068333982,0.025937790616075,0.0257137710623564,0.0247112519283018,0.0235198766471194,0.0226157067644454,0.0213865083435026,0.0201795882321755,0.0189436278309195,0.0179816457882848,0.0171255638557408,0.0158131675755609,0.0156101940746295,0.0144691377740835,0.0141691964243569,0.0137733370756866,0.0131657399665305,0.0131511441463263,0.0127537558338268,0.0129080760404197,0.0128566258863973,0.0128217350862913,0.0127051951724085,0.0130536838252239,0.0125544946009544,0.0129646032934147,0.0128649782838275,0.0130084461986457,0.0129344969283555,0.0132893253773968,0.0130589947812882,0.0125292480633952,0.0128906578023941,0.0129076192488767,0.0124914766051839,0.0130248208218317,0.0130245974277992,0.0128416139058526,0.0129353604642544,0.0127216169435935,0.0125572541740118,0.0126474376981738,0.0127500679676567,0.012691894443956,0.0128182506532262,0.0123631409440802,0.0129017570887551,0.0124479948482492,0.0125360253007436,0.0122680084305345,0.0123287172696696,0.0118365691328407,0.0120351375636151,0.0116782962868131,0.0113817153351998,0.0114635610587853,0.0109246318526374,0.0107880522037537,0.0104044304931316,0.0100769560721563,0.00990490368221959,0.00917683012261693,0.00907686330625916,0.00834395983859585,0.00819714186904582,0.00747183368823034,0.00706123312493447,0.00668473455319897,0.00575566923807251,0.00542818057810468,0.00499599734125768,0.00442532562811218,0.00386505213060667,0.00300104364882418,0.00261970181356609,0.0018065208912157,0.00134242731624018,0.0014654864688935,0.000640556691842941,0.00066974460481071,0.000117465470103634,7.56405995750568e-05,0.000235834245224213,0.000150882576327298,0.000222620879055288,-0.000173092446006118,-1.68694738588492e-05,0.000147792530973604,6.47625550518164e-06,4.05878364807346e-05,-0.000111255868679278,0.000253263334109385,0.000318120826137055,6.76357287434648e-05,-0.000175280881232358,-7.84653815951838e-05,-0.000377987531324857,3.30990934702035e-06
0.0321631467992582,0.0319925325702509,0.0318900402348348,0.031949534570357,0.0319404128989817,0.0316808284606456,0.0317986593847087,0.0315554563371234,0.0313752368691344,0.0313421152822147,0.031500055313386,0.0309700611106875,0.030853102339221,0.0312649628276546,0.0302605666819892,0.0304637174534417,0.0299558148295143,0.0299884261618879,0.0293408813076935,0.0288315168984188,0.0284193229386209,0.0282338469143246,0.0273847214131071,0.0266498575736258,0.0259646100477739,0.0249885826868038,0.0237971750977164,0.0229772365114383,0.0219513565482641,0.0206992276958903,0.0197096952989881,0.0188366731012281,0.0177535032712631,0.0166398949595893,0.0157257310404855,0.0147527463228459,0.0142765199744532,0.0137723791307522,0.0133483133633118,0.0134509907909923,0.0128684713707642,0.0127763211345595,0.0126804594901106,0.0128335252485422,0.0127395209558534,0.012631995972009,0.0125039574340715,0.0124999483597949,0.0129269186552568,0.0125061650081663,0.0124022059312247,0.0126106452713193,0.0127422369062266,0.0123678923992275,0.012422921398129,0.0125996755534655,0.0124814575482474,0.0123196247232044,0.0126510622913464,0.0124372338222805,0.0125593993608683,0.0125065163181202,0.0125746140271422,0.0124158548095751,0.0122870907128007,0.0122301566971413,0.0123520050766074,0.0124463592436234,0.0122043048176019,0.0121605519851962,0.0123522954148838,0.0121229318169539,0.0120069512574288,0.0120700780215179,0.0114928086582942,0.0114149901478689,0.0113014519998391,0.0111283813705209,0.0112779922717099,0.0109272404901169,0.0107642669168847,0.0098403997918038,0.00966365985551231,0.00952315467218714,0.00915484307620686,0.00869727642390954,0.00827301363231398,0.00779525584822692,0.0073272225149023,0.006879742594417,0.00655207647229937,0.00596829564817212,0.0054774254877057,0.00488434551469515,0.00442629081232863,0.00340064082106747,0.00300383527159776,0.00230450317393738,0.00192768258501954,0.00140423567494649,0.00125954794776593,0.000725515538558682,0.000406093246933255,0.000231617812785776,0.000434395539315566,0.000105060971463092,-5.06836969942626e-05,4.46562954297174e-05,0.000290998816222832,-0.000110712970164199,0.000175870029667636,-0.000221579983430583,9.89281005950982e-06,0.000115505164189364,-0.000269373970178205,0.000212495799931122,-0.000344054167353752,2.0747037663564e-05,2.57072272537842e-05,0.000112271470538633,-0.000260787790921443
0.0317403976613608,0.031357456733827,0.0309524990463358,0.0310212711409691,0.0312416933137007,0.03123005973701,0.0312043805436571,0.0310973678476822,0.0308878480442965,0.0309125128333489,0.0308903626662635,0.0302754338760803,0.0303616952902092,0.030276624850756,0.0300101184424402,0.0297468144406329,0.0295320858899672,0.0289736482459345,0.0288540903043526,0.0284246547883635,0.0276434382534567,0.0272930665078444,0.026863243844657,0.0262179290385439,0.0251650731324697,0.0243862948253088,0.0230874041707616,0.0222236548910779,0.0212240623330455,0.0202810061588961,0.0195626621592456,0.0183672826856903,0.0171638262783838,0.0165401445020691,0.0154187726532329,0.0150625635994832,0.0140051820585135,0.0133397503618316,0.0131741195045447,0.0125899502778147,0.0127769957438628,0.0124314307061536,0.0123343851494419,0.0125349037164307,0.0125793687421153,0.0124440896139393,0.0123732464171215,0.0125748658211236,0.012149975967856,0.0125640116818269,0.0125519585367877,0.0125019702327822,0.0123517340071164,0.0126413517476873,0.0124248836530886,0.0124556784355395,0.0121276123181064,0.0126557855711465,0.0125714834285607,0.0123088348278841,0.0120982036628315,0.0121915963539742,0.0124269667948967,0.0120915674758199,0.0126222043534984,0.0121342829689132,0.0122686838558282,0.0120280953411236,0.0123587815480749,0.0117278535149426,0.0119377592980652,0.0117480782862857,0.0117601081373886,0.0112927261245523,0.0113884064411852,0.0114071232766223,0.011250501618379,0.0109944383483491,0.010823523407966,0.010587171877774,0.010172632986203,0.00993732423891973,0.00970226909569648,0.00912419008264705,0.00928908123019183,0.00828715858676192,0.00846545094209396,0.0077084991999979,0.00727605831630174,0.00673599588526863,0.00634327980347424,0.00582196166360026,0.00548079440251526,0.00456450253477569,0.00431392782887414,0.0035939340785499,0.00287927332522183,0.00224910356004416,0.00199388318395059,0.00147257543575558,0.0010394781302339,0.000717633315547872,0.000534517059452867,-0.000169543011813435,7.7620691683012e-05,0.000226860333988905,0.000167494606238196,1.62935022686522e-05,0.000274563174739762,6.78533148717258e-05,-4.77465006090606e-05,-0.000309273643145867,-7.96725855102407e-05,0.000310228429995501,-2.41227250673513e-05,0.000256320184195516,-6.99143784689285e-05,8.01584433942168e-05,-4.25925215368675e-05,0.000151302311692322,0.000128417806800522
0.0302978534463636,0.0308849030828408,0.0304700767425204,0.0300980637538945,0.0305292475358142,0.0302781265328199,0.0303610226674462,0.0302108015907253,0.0302601737810475,0.0302631311478548,0.0296435489323842,0.0297249557741652,0.0296483584494422,0.0295534001608082,0.0294284992703601,0.0289524813255208,0.0285356576151253,0.0283128909431835,0.0280519983534376,0.0275965159313979,0.0270241909203966,0.026696797628523,0.0260621410416776,0.0254799304065023,0.0244762927735715,0.0239221097702295,0.0228246848369145,0.0218105000992843,0.0207978080894086,0.0198742562531274,0.0188355137792141,0.0179087403821013,0.0168357585415914,0.0157051409977015,0.0148552244831015,0.0138697215988769,0.013673237896739,0.0129791532945353,0.0131678467026486,0.0125296327449102,0.012151329248896,0.0121196184366736,0.0121141906159478,0.0126414809812302,0.0120622332396253,0.0122765770058992,0.0120833330436293,0.0122061632844737,0.0119597497733834,0.0121304143697722,0.0121797994664529,0.0122058322611951,0.0121034089525395,0.0120699293579858,0.0121332704985351,0.011973253192325,0.0120111936681243,0.0119688529796047,0.0121130100001874,0.0122729858837389,0.0121104263167302,0.0121152392382301,0.0121413321104116,0.0118440875685322,0.0116370414249879,0.0121196402659459,0.0118991893160585,0.0117493689111129,0.0118400369858201,0.0118721629191118,0.0117105296586451,0.0114034047204151,0.0116252505146936,0.0115943019700831,0.011205122800881,0.0110621071773897,0.0110234248217999,0.010892934913559,0.0105084571069713,0.0105250794823855,0.0100910808877602,0.00989974586099063,0.00948799983073765,0.00901910412140944,0.00909372447690218,0.00865601891408468,0.00814072751367825,0.00738180176484878,0.0072114093626847,0.00671024609281275,0.00596223334171521,0.00575151953759651,0.00507123470141061,0.0045879779393364,0.00399516420087499,0.00353546126992912,0.00295713667141434,0.00267879582265424,0.00202665294222175,0.00153286502598686,0.00120525132469954,0.00056979944424856,0.000291630140734444,0.000290235170514381,2.42273741577886e-06,-5.06890457260226e-05,-0.000233004272685,-0.000117602137739835,0.000344215792370358,-0.000252101960135943,0.000109014409461992,-2.99611350645184e-05,0.000206739220099856,-7.3243456221101e-05,-0.000120392336485299,-0.000197275851788945,0.000148843093424619,-9.98272125228705e-05,-0.000117850886658903,0.00014136976006005,0.000100977904706838
0.0297575002082412,0.0300266806490678,0.0300290510310918,0.0295558295659651,0.0294937055861655,0.0292026377329587,0.0294599547873002,0.029830803262163,0.0293619868278586,0.0293386443406399,0.0292831910323678,0.0289742833261854,0.029001397930338,0.0284169975007461,0.028463382795211,0.0279909301605638,0.0282295667208713,0.0277719562713266,0.0274640795832404,0.0268048708636406,0.0266241316085667,0.0261622653485517,0.0252614120692511,0.0248577037966319,0.0239088004159642,0.0235101126585032,0.0223995690375697,0.0214147777277403,0.0199943470398617,0.0192820284264026,0.0188453911079689,0.0174353417689078,0.0164345200016411,0.0156332296230201,0.014715597035279,0.0138232985168682,0.0134755306368194,0.0131419131815763,0.0124819226666998,0.0124711486724008,0.0119730085460789,0.0120171473521233,0.0118531900815412,0.012108939409649,0.0120090302147537,0.0120722574763662,0.0117475872459705,0.0121246022198699,0.0122063154393163,0.0117414425632691,0.0120199944975598,0.0119677001293121,0.0121532973030253,0.0122357835132063,0.0120599962190538,0.0118608545912033,0.0118965830437107,0.0120834600627124,0.0119849425617538,0.0123864106248691,0.0119764990439663,0.0120335368001329,0.0120134657995328,0.0116370976883362,0.0117391638386941,0.0118745003686832,0.0116326626232205,0.0116638190473684,0.0116545462546443,0.0115476279305849,0.0116029572590037,0.0114513170892828,0.0111756544092581,0.011074475247024,0.0112235995018393,0.0109692160587946,0.0108752891868049,0.0104702002957412,0.0106487606060819,0.0102710475961177,0.00971485389277628,0.00987568978137648,0.00917311142717256,0.00898490878445789,0.00854675664934344,0.00787622820437742,0.00795059257679234,0.00740885232630719,0.0068112939183123,0.00667690725800231,0.00628389897629373,0.00545446059553649,0.00483538282434511,0.00444256810674613,0.00366168329543955,0.00348655918694588,0.0029214923214375,0.0023995779573977,0.00164525200070907,0.00162041348217581,0.0010941737311003,0.000584236364553054,0.000437527188686393,8.26837050145823e-05,0.00010215746333059,-8.13581391753721e-05,-0.000105161492983162,0.000191521449145166,-7.64472222658964e-05,0.000151759857806537,4.71639081214163e-05,8.65670062590555e-05,-0.00019711583026706,6.85538377496684e-05,-2.05206107755367e-05,5.46084300511998e-05,-0.000208747932770725,0.000412491995965901,0.000176368677156039,-0.000381194367238236,6.0391697208598e-05
0.02920421680202,0.0290637476188294,0.0287994685962495,0.0290287936980193,0.0287782880178391,0.0288185782982637,0.0285134230242532,0.0285816772691314,0.0284476225683884,0.0285021266351472,0.0284645191596658,0.0283281108990958,0.0280065642915251,0.0275871800698358,0.0277863338240334,0.027758887760429,0.0270770678241143,0.0268944983834551,0.0266588207241847,0.0261541661210469,0.0257968503853979,0.0255715574354457,0.0247244339322598,0.0240586890680458,0.0231655933775603,0.022945397624558,0.0217749212977031,0.0210576472824001,0.020128450475531,0.0192661428149675,0.0179841418609981,0.017108147012005,0.015970411245135,0.0150313004395517,0.0144325001929187,0.0137624196539413,0.0132917888527651,0.0125354615833209,0.0122715406086817,0.0120378870084304,0.0119465695071159,0.0119435712982627,0.0117819008926966,0.0121144041769894,0.0117942502953026,0.0115345037039158,0.0119282339463391,0.0117802820070842,0.0117902240099683,0.0118592486086607,0.0118755084051311,0.0117859111541425,0.0116184919541757,0.0116331595808302,0.0114466133014917,0.0117569451888795,0.0117941178853983,0.0114704196103604,0.0116318540963082,0.0118223283664816,0.0116690999064632,0.0117119511660227,0.0115756120976886,0.0119172469532215,0.0116268734617926,0.011603935222656,0.0116133598331703,0.0111746571252043,0.0112542963856322,0.0116644540739338,0.0109676670813594,0.01114362123082,0.0110385259554258,0.0110195656934992,0.0110609742365957,0.010711770985428,0.0102509133148401,0.010604332932473,0.010125012466116,0.0100375204022027,0.00957740838259171,0.00954634942967732,0.00938556760064165,0.00856232652304308,0.00876758261887225,0.00793224836725961,0.00787346600683674,0.00718413662593097,0.00649914072174671,0.00613437733599904,0.0057981309037027,0.00547428487267171,0.00477983272850274,0.00431582894553722,0.00398151667981446,0.00312849461545765,0.00268577849662548,0.00252835065708469,0.00203296779392411,0.00136118497850683,0.000975458304981732,0.000497345795267874,0.000832126841305914,7.14425441713476e-05,0.000395897310292611,0.000309984946606071,-0.000348539041364687,4.79304199346059e-05,-3.96832763450903e-05,0.000388022444083499,-3.46156961004304e-05,-3.44721983702211e-05,-5.10804925575942e-06,-3.83063308349954e-05,-0.000236206859116533,0.000141884203013509,1.64659996313448e-05,0.000110360223894792,3.24273043450729e-05,2.25761808871559e-05,-4.64103758671219e-05
0.0281994117754503,0.0280078427226651,0.027842243506441,0.0278504788465686,0.0278209213497486,0.0281432354573228,0.028007670456216,0.0279384827880119,0.0279092026492941,0.0275293345666221,0.027636133806661,0.0276070004137553,0.0273215563236856,0.0273851576693291,0.0269888495499559,0.0268789862013871,0.0262993414972054,0.0264142633613501,0.0260665113669262,0.0257324164430805,0.0251718219857554,0.0245901984329579,0.024024933044773,0.023453401931226,0.0227676542095147,0.0221158610876774,0.0210608528359313,0.0205180937859714,0.0197337838035827,0.0188206296420182,0.0176709733920601,0.0168348063968557,0.0157404632292655,0.015011793062182,0.0145975071200728,0.0132972210048113,0.0130025310749118,0.0127116317806094,0.0123786710207225,0.0120837823121712,0.0113712483854639,0.0118408970947863,0.0120189124242827,0.0113201935209627,0.0114505628067875,0.0115371727043958,0.0115803708828993,0.0115956034210146,0.0115614341271782,0.0117830873369877,0.0113403858049629,0.0115349938072694,0.011541341780786,0.0114327596841108,0.0113789710000414,0.0113027620173604,0.0116578084012891,0.0116703720862962,0.0115229448359327,0.0117203887190987,0.0114173784564989,0.0115263505309311,0.011523304229598,0.0118464003207286,0.0112599261513718,0.0111996378133195,0.0111762815899997,0.0112477084742503,0.0111460721768034,0.0113367495399308,0.0106736893816346,0.0110860914467134,0.0106160130834847,0.010433926113053,0.0110146316418051,0.0108021847902292,0.0101926464614157,0.0103810590537994,0.0100482526553112,0.00963671335371154,0.00942502856481874,0.00933245841730266,0.00883045040871747,0.00826365754544291,0.00852270593848698,0.00798697382608179,0.0073925936104885,0.00692923877071081,0.00651119460150189,0.00624262846294351,0.00567045876085523,0.00542698896644328,0.00504492812468268,0.00435699136390651,0.00390742980829495,0.00335330990371711,0.00262023610314088,0.00200153196090192,0.00156550898757646,0.00173186659770643,0.000916576285467854,0.000654178949831344,0.000309702615392507,0.000250077448995688,0.00041180419639726,0.000301088307290063,0.00012698233149966,-6.13724863462381e-05,0.000161251798533734,-0.000364041603433711,-0.000162766287790556,-0.000108572043462375,-0.000102976078030845,-0.00013585650520483,0.000195844641069762,1.96873343643938e-05,8.60352590880295e-05,0.000126156755745291,-0.000261373834198022,-0.000225773324684977,5.92566872600134e-05
0.027346789669521,0.0273529430344334,0.0273676000236877,0.027476294617449,0.0272616759932766,0.0273405196157573,0.0272819622743322,0.027121463780541,0.026942502970776,0.0267686116572553,0.0269357009490677,0.0268116366327528,0.0265676157227332,0.0262929941300318,0.0259913346016158,0.0261263099675911,0.0256437877065323,0.0255893512756007,0.0251713809681488,0.0248529323855859,0.0242711947607016,0.0237048432377611,0.0235765226419203,0.0229542117011809,0.0223445938275629,0.0215909486849816,0.0207985514044917,0.0199192037046438,0.0187193313004885,0.0183621841480764,0.0173117094330618,0.0165305896361411,0.0155394869681198,0.0143368216322192,0.013919138295291,0.0132415828204535,0.0125991755757708,0.012380364619173,0.011873408119447,0.0116085174454765,0.0117845865661575,0.0112876115721687,0.0114455455359058,0.011526990414393,0.0113613774872055,0.0114542195007981,0.0115920764603701,0.0113255057959668,0.01147240593299,0.0114776281159984,0.0113397789656273,0.0115485890333153,0.0112744374706965,0.0114204802159925,0.0111459755965334,0.0113875723663629,0.0110238876816729,0.0112810819180723,0.0113121393933873,0.0115087862462091,0.0115311719051211,0.0110834225604362,0.0112750972310323,0.0116542834729458,0.0113298001157343,0.0111813204919173,0.0112374306361459,0.0110993726968569,0.0108979015365526,0.011185222309096,0.0109443691944116,0.010659434638342,0.0108084533898869,0.0104058024282195,0.0105716301817678,0.0104043220198442,0.0101030182186298,0.00989349659715082,0.00948058252255102,0.00956369062650724,0.00941516704727087,0.00889656536975997,0.00874420479886026,0.00868918961475615,0.00827899188836525,0.00776774258724782,0.00738997752636492,0.00686997829878547,0.00635136344197427,0.00614586560867084,0.00584980166577185,0.0052058344987281,0.00470171819607865,0.00411337745517955,0.00382372512938596,0.00307290174948669,0.00261658455598282,0.0019717404061053,0.00163690218476616,0.00108756123826719,0.000868915938677268,0.000470303602366696,0.000575866721454319,0.000347262972960095,-0.000248188276570549,0.000293000352629641,2.16567898569595e-05,-0.000143708241363091,0.000317918129007176,4.57298543299765e-05,0.00018653832174391,0.000125821015621089,0.000146539678764156,5.67341501024155e-05,0.000110200043251442,-8.39213770867353e-05,-0.000195477775674774,-6.88366217727127e-05,2.86182895990684e-05,0.000159817875447184,-6.62293054968518e-05
0.0265880978265963,0.0266420227622447,0.0261843687186824,0.0262571827516111,0.0264277447838203,0.0266892938607096,0.0263628433725316,0.0260613665592894,0.0261833636831938,0.0260418818926701,0.0257541873217668,0.0255677260413332,0.0257490103216371,0.0256017535745258,0.0251479394313501,0.025295944724454,0.0249388675963748,0.0249845387089162,0.0245353217296114,0.0239451152642538,0.0236753222119342,0.0234292957412451,0.0226306431826387,0.0219993964993186,0.0215928540181167,0.0209193115491707,0.0200740911938267,0.0194161799543244,0.0187116478478414,0.0175382401211462,0.0169336349520049,0.0159829780136924,0.0148324163265391,0.014430957339416,0.0134568744795744,0.0130290483688132,0.0125138434771648,0.0118998339222739,0.0118327803521835,0.0117051316682605,0.0114147153212785,0.0114170908948654,0.0113707759097401,0.0112342416320395,0.011241123186399,0.0111524021722052,0.011064267498131,0.0113372860383363,0.0111021116981538,0.0112283327385104,0.0108072509398085,0.0109651212647196,0.0112829675944159,0.0111098415367374,0.0111331319501047,0.0114301353114356,0.011437111028616,0.0111633546609626,0.0109702830283152,0.0112048794730878,0.0111820428212391,0.010840034758287,0.0112401041629847,0.0110153970307082,0.0107705763470842,0.0110289587930612,0.0110431536812925,0.0110158469715672,0.0109485796173438,0.0104021084099724,0.0108857904291274,0.0105413554237181,0.0105803797909573,0.0103390590647235,0.0103670271801113,0.0102591590716794,0.0100932092815364,0.00988127788829709,0.009705199538187,0.00974022847117465,0.00916383845829589,0.00891108092675755,0.0088062291792595,0.0084856583085144,0.0080325821535283,0.00783797803007253,0.00767019143785443,0.00727310923551355,0.00652418470947179,0.00612907443041253,0.00547452557458888,0.00522466892468358,0.00473927219186555,0.0043051936209113,0.00361068166936162,0.00283453719093849,0.00273970767419141,0.00213319233767922,0.0021425342426238,0.00112612814208462,0.00105987750952119,0.000817224975342903,0.00041635702128643,0.000553119162698373,2.6465319634437e-05,9.54741975995646e-05,0.000108988201489835,1.19246671367261e-05,0.000194166769076448,2.78676544695224e-06,-1.83744176783462e-05,0.000241313537191399,-0.000150820428948793,-0.00018539272977688,0.000422055608655174,0.00012891564878917,-6.46602959078185e-05,-0.000142752972357801,0.000103750620061986,0.000309817345139892,0.000275231589764308
0.0254524050352876,0.0258033547723334,0.0253558877434377,0.0254581525496058,0.0254812898851941,0.0254310859631705,0.0252962755231442,0.0253703450926356,0.0251846121879774,0.0251173504007804,0.0251809888654574,0.0247364515984308,0.0249554186209488,0.0248514591771748,0.0243995523123074,0.0246086325191232,0.0239621644560925,0.0237312859673482,0.0236125172558122,0.0234068834376394,0.0227819082174198,0.0223201958610025,0.0217516141451621,0.0214132025812396,0.0208251039620245,0.0203116525287884,0.0193682888346977,0.0188383714564678,0.0181418854388297,0.0173014100478436,0.016153864695131,0.015497604627388,0.0145883332187393,0.0141089896406377,0.0133732542715027,0.0122213156152088,0.0124105145615939,0.0117913973031784,0.0114139699141357,0.0116649137413429,0.0111106333187047,0.0112783489032839,0.0111365551719946,0.0112025230710509,0.0111545737859711,0.0109645249527993,0.0109958533856446,0.0112329626023721,0.0111218557992956,0.011046001675594,0.0110220654187765,0.01105146339357,0.0110432886679864,0.0110629879161838,0.0110506336357873,0.010648939626938,0.0110579659057085,0.0110870732038711,0.0110242544080269,0.0111401122429362,0.0110585207474273,0.0109938381704325,0.0109238197703708,0.0110669521914734,0.0108681720768408,0.0108439638686061,0.0107892421706103,0.0107657444342944,0.0108109318200285,0.0107144996851171,0.0107791864550913,0.0104698333660989,0.0102778408814112,0.0101179100055734,0.0102045810941108,0.0102127669681366,0.00982340110377036,0.00982964963872935,0.00965391331077733,0.00928233995110555,0.00916780442318497,0.00883152952684005,0.00852316357734371,0.0084487026235257,0.0077851131042484,0.00732294839178824,0.00714280998018115,0.00659388776619542,0.00624055725301904,0.00569673474247207,0.00534987068576469,0.00511885600720643,0.00463057539598399,0.00403711229820084,0.0037107131175838,0.00313737152574868,0.00256536977283632,0.00230370111864111,0.0017163096820312,0.00124090709241654,0.00106738503438581,0.000754264406643618,0.000244365532991579,0.000310212285639556,-5.27949844683253e-05,0.000114022780359305,-7.00579960291572e-05,3.18238594842408e-05,0.000139974339459671,2.23478660266862e-05,0.000184842828080852,0.000106096298631248,4.32808989459343e-06,0.000153546325345391,1.81171568596307e-05,0.000107630489929448,-1.95016709569242e-05,4.6260407835138e-05,0.000174954830533084,1.68514203070115e-05,-0.000250688479051752
0.0248219029110535,0.0243209519914155,0.0245107959398969,0.0245892665375136,0.0246746314859451,0.0245709168213647,0.0243386717592648,0.0244866847128457,0.0242859983322041,0.0240821494981644,0.0239972714698671,0.0239671181635385,0.0241260517035929,0.0235540566492117,0.0235194367961885,0.0233506875583742,0.0232517083043712,0.0230537037958414,0.0227659516277969,0.0224815175427805,0.0221002319694143,0.0218487563302287,0.0212870697725954,0.0204402674745949,0.0200228263860164,0.0196983192911755,0.0186876368352193,0.0181644724743622,0.0174554728723129,0.016937058092248,0.0161429730197966,0.0152902176314473,0.0143091449466942,0.013699278176357,0.0127918068234322,0.0124903287680362,0.0119504307452956,0.0115413102331502,0.0110545321734318,0.0111653516788314,0.0111815719233754,0.0112665029290116,0.0107642599584311,0.0112434992442945,0.0107238573283293,0.0111934769494904,0.0108322314844896,0.0110811799264894,0.0108483907193861,0.0106354839545442,0.0108237303257558,0.0109004791299148,0.0105230185282386,0.0108977014141583,0.0110757579303819,0.0108115714475792,0.0107981465884325,0.0108473468381853,0.0111096191864317,0.0107153755121695,0.0107163290718388,0.0107592012142464,0.0109043878092085,0.0109431186969409,0.0107201586502678,0.0104773929994477,0.0106543048031051,0.0104515161352268,0.0106571987732572,0.010837228736119,0.0102620764706634,0.0101969985822766,0.0104556340847054,0.0102750192715042,0.00973158247244535,0.0100708055953688,0.0101606480249423,0.00936614930420078,0.00955058938615829,0.00932353224026159,0.00900188662742058,0.00883358736535999,0.0084600603817089,0.00805947337634179,0.00788569371588418,0.00751506742639113,0.00709578914771172,0.0066425566418552,0.00631475433363746,0.00590011421666942,0.00549857762492355,0.00482263118245879,0.0045498310679149,0.00373131274453073,0.0034707105026344,0.00285580400544685,0.00250624092646873,0.00207311091900552,0.0018335904531805,0.00117037782235985,0.000897116547717654,0.000728601477604484,0.000516349752458044,0.000390969515395587,0.000117551904795974,0.000142534990906127,0.000149320156869318,0.000183133868592523,-5.49231111205394e-05,-8.81032223784741e-05,8.90644443328063e-05,-6.97879891418445e-06,-0.000123102772480302,-0.000153420886320708,4.47780597837282e-05,-0.000128012340662305,6.73628978554741e-05,0.000125856539005576,-1.83337411918864e-05,0.00011371765947453,-6.157146053455e-05
0.0234780469265766,0.0234996189985297,0.0234219188405516,0.0235716003727035,0.0237207780376592,0.023381282088157,0.0234307739948436,0.0235696445138632,0.0233263017171809,0.0234675020165178,0.023140045555845,0.0229128552027749,0.0229963713308998,0.0230779304130341,0.0227044908847711,0.022303144847458,0.0224495308019169,0.0220199751433607,0.021583924030928,0.021559746639243,0.0211049837258014,0.0210518472188031,0.0202328316323497,0.0201066881728351,0.0194733886712219,0.0188472696194303,0.0181669889559643,0.017853147167109,0.0167556275160082,0.0162487875179883,0.0154753645990605,0.0146649391184259,0.0140749150333355,0.0133300131454523,0.0128127266129916,0.0119931459357815,0.0117259811742005,0.0114753326430021,0.011006005608123,0.0108335628076653,0.0108796266882748,0.010728781426976,0.0109170792320187,0.010746636172914,0.0110093245657353,0.0106506080106849,0.0109880236900632,0.0109060652098709,0.0110968541041026,0.0110464472633358,0.0107277912517426,0.0105716954322335,0.0107442520738263,0.010807374857648,0.0105249715895769,0.0106278901557306,0.0107161630733162,0.0107996046665306,0.0106039649592678,0.010608638901623,0.0108077610101029,0.0106820182423415,0.0108093053125753,0.0103691333784337,0.0110214380266932,0.01074626431655,0.0107456149253087,0.0102045536671033,0.0101905042840965,0.0104722094902624,0.0103875729640884,0.0100270913791001,0.0101855753149757,0.010053331977607,0.00958734114335549,0.00996212042344317,0.0095639351288064,0.00951514205943686,0.00923383985982739,0.00934611506413904,0.00852214242475233,0.00849540322117566,0.00837508326470415,0.00799779678342109,0.00784627682653345,0.00736284594167886,0.00701097695503789,0.00669746912447412,0.00609067781074394,0.0057892609587593,0.00527108952550538,0.00474810795074491,0.00457721310855272,0.00411020219958839,0.00329917795961916,0.00280581932769253,0.002293617467965,0.00197402608896686,0.00188489376931244,0.00131068291604962,0.00116874870556287,0.000793507711194909,0.000241239034271115,0.000170260084796546,1.83592616313644e-05,6.73995481987698e-05,6.97217783770504e-05,-0.000181501761371589,0.000181801896543171,4.73728264748629e-05,0.00016320707196015,7.22151578146228e-05,-0.000146508939429317,-0.000263120035129065,6.08856123436396e-05,-5.72640816403172e-05,-9.56841079148867e-05,0.000123280098048372,0.000150512711142669,-0.000345260891436723,0.000116400010676912
0.022525631489363,0.0224692788951926,0.0228165904746933,0.0227352822294386,0.0224398021994806,0.0222065425475619,0.0221939047272617,0.0224136003178205,0.0224581402463179,0.0221353974680646,0.0222712972721554,0.0220970368642399,0.0220486069644782,0.0218009953391959,0.021797599856849,0.0214558332434581,0.0214679342671781,0.0214130408989379,0.0207397565484235,0.0206206003222465,0.020091101544402,0.0200872291722419,0.0198107797989445,0.0193870207536491,0.0184244629320407,0.0182118420265666,0.0175408573631893,0.0168026523599533,0.0164741085799956,0.0158421123834897,0.0149602862699001,0.0143557431956053,0.0136970221348776,0.0130941500289411,0.0126549344628266,0.011757776929061,0.0115258424683336,0.0113745038263472,0.0110634715905039,0.0109770519188695,0.0107764199452317,0.0108116487697316,0.0107623506356008,0.0106879451161585,0.0107506081909443,0.010664227157752,0.0105807833097736,0.0105885845684537,0.0107521691186322,0.010738755454231,0.0106131019081379,0.0106176037746602,0.0105741965586226,0.0106240686736411,0.0108647424341159,0.0105863398953468,0.0105974960369872,0.0105802150396797,0.010628992271827,0.0104162842917798,0.010830357428757,0.0106718962551735,0.010337748525653,0.0105977461851552,0.0102516492712496,0.0107838364287909,0.0101887958291872,0.0102907579600422,0.010437080287982,0.0103751099848276,0.0100251973830221,0.00994220491136895,0.00976575565625638,0.00997503558716156,0.00955713298473984,0.00963817818125175,0.0094484620300521,0.00936477141084504,0.00936504656890086,0.00910248319460198,0.00855389060163608,0.00812533065964403,0.0079630756525468,0.00775902641848966,0.00749338822389523,0.00731820473234916,0.00665633255268963,0.00613254289809346,0.00600208716594243,0.00538259823289693,0.00522458029049146,0.00473817598277795,0.00477739432665785,0.0039976462209612,0.0032911429856172,0.00266016667012687,0.00226801169392233,0.00172868228577839,0.00112938434252317,0.0012374980065044,0.000951468742718601,0.000782790562610258,0.00034971210027858,0.000299013833711849,0.00024662235783791,0.000140831174798428,6.65450960503418e-07,-0.000177629880124556,-0.000169161618049091,5.05972282418479e-05,-6.8039054862748e-05,0.000122332935048134,3.8180252271091e-05,6.33111360249133e-05,4.95523487338723e-05,0.000289384525251028,-0.000118291161760311,-9.56782683160216e-05,0.000316647672231637,-2.86989347562121e-05,0.000143957347462962
0.0213239748001612,0.021564116875895,0.021380407532288,0.0213790176353349,0.021430814643307,0.0214341843622884,0.0212140108976535,0.0211471605622834,0.0211736023091345,0.0212242567706145,0.0211086142232697,0.0210214822164453,0.0209281313306409,0.0206514505951928,0.020782299436156,0.0206257540294965,0.0203519021932292,0.0204389502036239,0.0199260823898988,0.0198892261877786,0.0192685133440445,0.0188859138271071,0.0188500075199404,0.0185555116448,0.0180183354782039,0.0172139672306009,0.0169733630333739,0.0162232303047564,0.0157526194464808,0.0152153858127244,0.0146131108559811,0.0143846836123584,0.0131240278261527,0.0129027647033657,0.01196117882696,0.0116882033331332,0.0112408127285025,0.0109498666124445,0.0108067746165907,0.0106505209776144,0.0103554009407258,0.0102759148680811,0.0105418261057012,0.0105542175223678,0.0104538273382675,0.0102342386344809,0.010455403598552,0.0103288360447765,0.0107553905646506,0.0104377227836238,0.0102451656677681,0.0105064120449707,0.0108640197569598,0.0108507117551161,0.0105342071027555,0.0101458866749409,0.0104729718903414,0.0105160930761674,0.0104113997133246,0.0105724133480439,0.0103808343114684,0.0104868234344056,0.0106106272331026,0.0101151449188077,0.0102745278899576,0.0101929055455413,0.0103153479123329,0.0102456363778843,0.0100112408888798,0.00994705482087148,0.00985135599037067,0.00991005299717998,0.0100020095920844,0.00940221080325194,0.00944270342242971,0.00976741848293561,0.00955531769271215,0.00931527752038158,0.00889737243409102,0.00869003273645686,0.00858361286258907,0.00813745207070221,0.00791652161422116,0.00785372954702836,0.00738597028434931,0.00727783047247927,0.00666996506730528,0.00599823827921467,0.00590483748136774,0.00562406009135639,0.0048796113111794,0.00460228183706817,0.00427622249247803,0.0035861272652945,0.00310731921349759,0.0028221262051477,0.002392541061781,0.00167225596449423,0.00155065710413488,0.00139200421171134,0.000918031975479038,0.000700024577254501,0.000415753887170437,0.000313743514523587,0.000208682641315484,-6.97831140995779e-05,6.23462767550887e-05,0.000191621222593694,-6.59349226849988e-05,4.53343935952705e-05,-0.00045053453179012,-0.000100031439558151,3.35135156514513e-05,9.95092786910879e-05,-8.13094399567571e-06,-0.000186107672442225,1.03162825802766e-05,3.41219997209744e-05,5.36762730201947e-05,-1.38173822894515e-05,-9.50332674966085e-05
0.0203516357387425,0.0202416472505068,0.0203967990714553,0.0201444815510125,0.0204183352347594,0.0204854748799376,0.0204994314683117,0.0200355747408644,0.0202857094464195,0.019946787853082,0.020197482153055,0.020249287753353,0.0198832394947692,0.0198082682735366,0.0197887948444499,0.0196098996663264,0.0194968168918083,0.0190465123607607,0.0190096824833235,0.0183958638862005,0.0184574659494826,0.0183478256550429,0.0178010495234043,0.0174965832654064,0.016944846036159,0.0167556457064229,0.0163238425519946,0.0156781107323841,0.0151241429431443,0.0148363996549001,0.0139284605900815,0.0135418700516617,0.0129363784984091,0.0123772580000509,0.0119369667103712,0.0116412741158604,0.0113597991339724,0.0104036623140708,0.0109197547906856,0.0103964531529641,0.0102314289237734,0.0102680736579498,0.0103308613330928,0.0100093747573263,0.0101224928895423,0.0101178587096138,0.0100711077906764,0.0103042664136446,0.0104972644414707,0.0102922333013493,0.0103175711465548,0.010107118995816,0.0103187345784702,0.0102661242004669,0.0104258603255441,0.0105718999295007,0.0103679156170917,0.0101770855504572,0.0102485658764533,0.010341531609832,0.0104820723859548,0.0100901586869792,0.0102439246548288,0.0103504835783444,0.0099612109915937,0.0104623579080222,0.00995138717325569,0.0103514813494686,0.0100567339895954,0.00982686906021008,0.00989712646111587,0.00971550958881456,0.00978120135898557,0.00940830332438529,0.00958249030124559,0.00897054950354985,0.00908015224253803,0.00890441224378007,0.00887705745532415,0.00865471205517442,0.00857583772751662,0.00849839541207566,0.00771029763221148,0.00746357528259429,0.00737201821229084,0.00683768179438513,0.00660631299185674,0.00633055036584145,0.00565945237014063,0.00538222106936099,0.00531410917496825,0.00449977301143871,0.00382460940304653,0.00378212142736783,0.00348455557755113,0.00245029398386742,0.00255704697920281,0.00206661326974701,0.001578446357112,0.00117460599531104,0.000894699419906049,0.000632297657661615,0.000458594918749471,0.000231454243465728,0.000132095970937763,0.000257833720999629,-0.000145022088112452,-0.000256817515851111,6.27267414948871e-05,-0.000243725400204926,-0.000266076409321671,0.000103756554069926,-7.24971324052424e-06,-5.13695471497016e-05,-1.9098720629026e-05,3.89383769332844e-06,-4.27554760788826e-05,0.000313171160503313,-0.000193004242233837,-9.70849949231657e-05,0.000178421355802362
0.0189782915311976,0.0192273719135674,0.0192381712351847,0.0192122367695437,0.0191527815685075,0.0189766418998467,0.0190059291983758,0.0190473585210493,0.0190558925999879,0.0187363471151929,0.0188948882611046,0.0188183239222196,0.0186916173624635,0.0185744666411639,0.0187615484746407,0.0185457795524794,0.0182384772547867,0.0180813057875103,0.0180616450328407,0.0178089143992199,0.0171886585760362,0.0170723903944746,0.0171677277880086,0.0168002961681416,0.0164067000935271,0.0157947274206101,0.0153138179994452,0.0149986915865987,0.014531232550675,0.0136954869319807,0.0135841525524062,0.0128872142939416,0.0124431571775958,0.0118965755884803,0.0114693474652245,0.0112446293850813,0.010729143601619,0.0103474528913252,0.0107220491412314,0.0104743461429243,0.010365536973148,0.00999108249078189,0.0101851825868504,0.0101731440543962,0.00968791655175012,0.00998289685339358,0.0102340555856346,0.00991475123471093,0.0100403870095798,0.0101097558725907,0.0100489213036917,0.0101890788926063,0.0101443950016592,0.0101541797506543,0.0100958793324806,0.0099999932924661,0.00989099005218683,0.0102069250653774,0.0101507207550049,0.00978025312909437,0.00999326550046227,0.00997110603317786,0.0103721482311811,0.0101220772300555,0.00970099622725901,0.009862285629668,0.00988361616918029,0.00987141466332174,0.00953123798221294,0.00988010521252844,0.00925704879616397,0.00956560284349176,0.00975991218020454,0.0092298196206362,0.00938496797330553,0.00914556621823699,0.0091886751410415,0.00897685587176403,0.00846650422032862,0.00848670538958934,0.00873418740520481,0.0081425597903741,0.00752138427800921,0.00735506983380688,0.00686113385698191,0.00666228899369242,0.00655869025565155,0.00575178403921137,0.00564409174243799,0.00532712805425063,0.00478362139728744,0.00432562704717013,0.0039106214085553,0.00339501172106374,0.00308249707043252,0.00269476197651023,0.00219785509645913,0.00179661520659226,0.00177309518998806,0.00125722811997304,0.000688737388327745,0.000689977353226806,0.000512075592458053,0.000270471829182393,0.000141683300182892,1.64369194126674e-05,-5.67752812852445e-05,-5.61065275636558e-05,1.35652912814944e-05,-5.62533330930324e-05,-0.00023871156876954,5.13509189397934e-05,0.000145446432935675,0.000304822898595942,-9.25677891939766e-05,-0.00011693369507885,-0.000123993369482578,-0.000272216687077423,8.46274210917777e-05,8.74545595005466e-05,0.000221890285142245
0.0178820483345415,0.0178479291609351,0.0179945980456267,0.0181753211137701,0.018211115348922,0.0176938997353701,0.0180773633147345,0.0176017452846476,0.0178431738834083,0.0179249853493607,0.0178838955749094,0.0177594122856148,0.0175718462371072,0.0174524113949729,0.0174974298131521,0.0174373426818316,0.0170579506167901,0.0170321343124767,0.0170915873865194,0.0169863972467847,0.0164039241237658,0.0163842734512641,0.0157042392624762,0.0157522135403504,0.0157416493170746,0.0150997526097079,0.0145586114138739,0.0141031889376945,0.0137510536665644,0.0134162191178428,0.0128301031363012,0.0125564199139525,0.0123309847824578,0.0117239727222813,0.0111640984223062,0.0109546733697727,0.0104373520156607,0.0103820760520582,0.010195243149202,0.0102946239572474,0.0102081102791185,0.00987457650938175,0.0100176119479106,0.00995495561455866,0.0100619927155283,0.0100381126361146,0.0101521402128516,0.010088825557362,0.00968746544679317,0.00989504087680899,0.00990331426344369,0.0100161005505049,0.00995299171501191,0.00995255929587957,0.00987633025223021,0.00976500576886993,0.00977047853223495,0.00970598767283918,0.00974353907377311,0.00987976200932436,0.00998740612175864,0.0101137503160343,0.010056852804591,0.0096484067938985,0.00966731461319642,0.00982519249769596,0.0097638357426755,0.0096234981645994,0.00929551230740374,0.00960883699690235,0.00955025457385587,0.00935889562591487,0.00917968665268627,0.00928636593833994,0.00936881542242121,0.0088455611685002,0.0084556052278521,0.00854286286073229,0.00852939194203067,0.00841049932936769,0.00808295574101517,0.0078001983245175,0.00781309760188848,0.00750304958015006,0.00691538044353821,0.00673872257827691,0.00615833681074163,0.00565077989400219,0.00541959222777193,0.00511077065202902,0.00479164003031184,0.00430908094142944,0.00388718043697536,0.00375221286993638,0.00297604006868472,0.00266752161657685,0.00212910723285015,0.00166309069816926,0.00122613924493651,0.000859649352077665,0.000656833407712749,0.00061651669273354,0.000676023927788451,0.000138866746507995,-9.30229158294786e-05,-6.89114268123048e-05,0.000178239729763765,-0.000199317483711139,9.27375115526238e-05,6.37888148266249e-05,-0.000181166980070298,1.95684096324863e-06,-0.000194177894903339,-3.32366277689499e-05,4.80104197509843e-05,-3.95508402932575e-05,-0.000469118878162504,-0.000159951414738203,0.000137634135585347,-8.66225017323791e-05,1.95392968074233e-05
0.0169794894163566,0.016736743664477,0.0165462459309321,0.0167331053564172,0.0167944420780383,0.0164002637059342,0.0166733779550437,0.0165418089837986,0.0164872831156882,0.0165323807288637,0.0165398144308736,0.016699118553176,0.0163963282545725,0.0164642227127571,0.01627374066546,0.0163822817832682,0.0161478300669244,0.0158343716813183,0.0157801637700189,0.0156808405967909,0.0153268802560528,0.0154206953568547,0.0151204206860849,0.014864405956529,0.0147927656428799,0.0141250443593216,0.0136880376072663,0.013306393760489,0.0129914723564344,0.0130402511084172,0.0122668334017162,0.0118220997461365,0.0118275128509464,0.0111844633407717,0.0110720799096028,0.0105115150464645,0.010347998544853,0.0100108674475637,0.0101097541861066,0.0100757645969253,0.00981195374414738,0.00993992972682602,0.00979555945744457,0.0100641557619403,0.00956569891193119,0.0102746176742703,0.00987569900761849,0.00951247558395995,0.00974750190772356,0.00985161221925624,0.00964522114974479,0.00979266802742069,0.00966896968840755,0.0100557079088236,0.00976627650634879,0.00973907324913325,0.00985807206177527,0.0097395530002643,0.00963333098363271,0.00944829418165202,0.00971696537429115,0.00955675054418638,0.0094786218030311,0.00988637790458978,0.00944061925310203,0.00954764304530028,0.0097514540043312,0.00926556959452697,0.00957572030781751,0.00961326390541871,0.00930599254799456,0.00932802598826458,0.00911207922656764,0.00905711664000843,0.00915055994792163,0.00897856870775697,0.00838856145640084,0.00823493545397347,0.00828161539480232,0.0082404184643595,0.00773090581571298,0.00740012693350211,0.00720508598492435,0.00716768207935079,0.00694690703334434,0.00644749535546861,0.00630437345933606,0.00588518800300225,0.00573272295372744,0.00521351678943411,0.00465398807931433,0.00409568761919153,0.00377260956770481,0.00331033470218107,0.00324339447744849,0.00287734901504853,0.00207095348524212,0.00187293752547053,0.00117832818800592,0.00105705154342997,0.000808488332976712,0.000390002848243939,0.000596616688409441,7.0570697559918e-05,1.57469331514621e-05,4.97472290468298e-05,-0.000202021208098006,-2.06167418259543e-05,5.60306852621882e-05,8.70476369026064e-06,-0.000123838411258445,2.58808746621665e-05,-9.8722597354145e-05,0.000101413589787756,-0.000129858331349805,0.000118276310855216,2.95250476481768e-06,-0.000286518613889979,-7.17704107859833e-05,-3.01190692484393e-05,-6.95692994745618e-05
0.0154487163828093,0.0157427187926849,0.015438838123479,0.0157265533739911,0.0152306201438299,0.0154015213604804,0.0154065190228603,0.0154076512148365,0.0159628475143002,0.0152581267310563,0.0153644904916551,0.0153899727553918,0.0151795799744999,0.0152820851862016,0.0151301705658212,0.0151596174635233,0.0146749049715813,0.0151153177883645,0.0148287341460165,0.0146826468023608,0.0145379813442101,0.0143684859415553,0.013865142542525,0.0141182658140081,0.0134274686148704,0.0132824575758391,0.0129802510948334,0.0128101124816212,0.012480679334324,0.0122064618397952,0.0117222528662142,0.0116292860662929,0.0111814236689008,0.0106561297875824,0.010403111627982,0.0100348177670599,0.0103966459825908,0.010186938464799,0.00992422936936237,0.00957771386581218,0.00977384364255462,0.00968774694397041,0.0097952417318334,0.00962949845522121,0.00980570618936834,0.00931926064058667,0.0094164825203886,0.00933082752032593,0.00955749956216346,0.00943496640755713,0.0097660625626733,0.00946076443234288,0.00964492725248039,0.00960334448359685,0.00950370696943309,0.00923145737305103,0.00933930051289404,0.00933243216095424,0.00949934259506789,0.00956167474907537,0.00959013344645707,0.00964220587106978,0.00972511145398219,0.0093059821383192,0.0093932115911428,0.00912492112835337,0.00951189708336822,0.0092591078821991,0.00922443689259467,0.00927210414509407,0.00934786708519059,0.00901660201640293,0.00913438800138278,0.00891885471655241,0.00897559709457377,0.00852340817951521,0.00833265166882594,0.00826077034514675,0.00819766619995237,0.00804022437927297,0.00763782618068134,0.00785205755309089,0.00707282656000842,0.00716842999063341,0.00678268644222892,0.00620432447818227,0.00602383775649393,0.00567404577629317,0.00536455968547977,0.00487603003524323,0.00450962045461753,0.00398588582661621,0.00371744623416799,0.00354178608980475,0.00279497204367457,0.00252298772488075,0.00203909202977564,0.00163916972116893,0.00128293403597358,0.000778638247826436,0.000592907795266294,0.000489850382295081,0.000308277109002727,8.23394798015466e-05,0.000137864169399945,-5.1420741050728e-05,-0.000110262029880778,0.000111031966405734,7.28911110962087e-06,-5.95886044790332e-05,0.000102074670346784,2.47338440837572e-05,-0.000408019675605192,-0.000331666954165278,-7.35791772492466e-05,0.000119928284545733,-3.98290857944741e-05,6.7646642894755e-05,-6.85710647801774e-05,5.94851473951526e-05,-0.000183416451337062
0.0142443592340904,0.01429386165732,0.0142541365709164,0.0142525593483118,0.0143443509548861,0.0146189851278447,0.0143668871815709,0.0141994255055367,0.0142788383304362,0.0140781302692209,0.014297874623337,0.0141972082213885,0.0139847636806825,0.0142600973736255,0.0138424426074061,0.0139396501056769,0.013790052063943,0.0136313018721002,0.0137450043335619,0.013449871967872,0.0132623966232662,0.0134530830768379,0.0131299171993161,0.0128422059022683,0.0128955421166878,0.0124473493118357,0.0122298386348021,0.0119430151674653,0.0117483042713648,0.011726881395311,0.0111900864144137,0.0108948614632218,0.010764206195211,0.0105377436516311,0.0100229031784977,0.0101492362303826,0.00938307719034598,0.00967189735900584,0.00962898857895192,0.00950037831874679,0.0096129886134059,0.00957187577465107,0.00931558136019786,0.00944256777467788,0.00916453132378089,0.00934543898729564,0.00931581403608981,0.00902798413389624,0.00932949894089038,0.00964145408835375,0.00938972434892164,0.0094291719755882,0.00953969182815893,0.00952266840939116,0.00924293013603755,0.00948114388946388,0.00934568897626014,0.0092784074032507,0.00936920545708243,0.00950319967597398,0.00935803641204039,0.00918465485542385,0.00916196069044568,0.00938395187249228,0.00915835870410511,0.00915747450870496,0.00892913560221468,0.00912637888032895,0.00885127099944852,0.00897131914165792,0.00889477520417032,0.00900234846723682,0.00893099494377941,0.00861259998713601,0.00858930520540801,0.00870056824534028,0.00819604213969522,0.00829522829421553,0.0080692733087168,0.0078970780238824,0.0079080063305631,0.00731079849834112,0.0071916261228921,0.00654687427493699,0.00638305980534939,0.00598515431506822,0.00557163007824559,0.005198501212355,0.00493632156933934,0.00506810878947209,0.00468052689953067,0.00383979538832299,0.00334675785519772,0.00340614458736334,0.00275883811980419,0.00241042896812755,0.00203941293471279,0.00152531283691781,0.00132758253325041,0.00056145597258369,0.00095430848408114,0.000565443081421852,0.000255652673067143,0.000444193755363966,8.30989502838289e-05,0.000317386743363243,-3.20201633627891e-05,-0.000144780444310958,6.94149178283145e-05,-6.41486031581998e-05,5.21992374888308e-05,-0.000138068911079323,1.21896092722626e-05,1.80706694531539e-05,-4.7577809630087e-05,0.000310510941668537,0.000158512094848336,0.000462853191442974,2.48403285826564e-05,-0.000217446008886813,-6.05336402018003e-05
0.0129250509071734,0.0130035350937878,0.0132116075802166,0.0130015429914383,0.0131034811704093,0.0128301145931626,0.0132125096501709,0.0128849698921848,0.013211041637836,0.0129194205383786,0.013078017625617,0.0126087276550721,0.012598034925031,0.0129978851488819,0.0129040695365073,0.0128308546046665,0.012716887140759,0.012639289923005,0.0126246805195925,0.0125121113773631,0.0121449243052408,0.0118679692097604,0.0121775520254364,0.0119098354859777,0.0119409384010294,0.0116246287093996,0.0115576089369968,0.0113353451865427,0.0112540551801575,0.0110308868680206,0.0106275453968909,0.0103362577585699,0.0100718395936484,0.00986849808038451,0.00991285699189279,0.00950609686576788,0.00942664684279602,0.00931469573785557,0.00924572457239957,0.0092087709623084,0.00905222434122006,0.00927232909807426,0.00904858980076965,0.00910060152464137,0.00949965840718073,0.00905612059725269,0.00933568727871817,0.00916758448992559,0.00917983488579417,0.00942942742712145,0.00918817678322496,0.00932027407043246,0.00928810640994641,0.00900737440189169,0.00918793757971684,0.00910651237406539,0.00931289223994845,0.00903655058838587,0.00910445649853374,0.00944145022365144,0.00904225572175939,0.00910844889720124,0.00880722814946605,0.00861913485216322,0.00887160372991155,0.00867400262966107,0.00913113436337742,0.0089493635072692,0.00900761484052415,0.00901022505748306,0.00868402889502393,0.00821080039261508,0.00853904432093588,0.00867126207679915,0.00838335635992994,0.00824850556565441,0.00841773611572676,0.00788126636756507,0.007847815120803,0.00757019522436561,0.00745919689543996,0.00717201134892297,0.00656300542663373,0.00634448002601752,0.00657774608873237,0.00607636579855835,0.00603255769528177,0.00531465022967674,0.00489230423511,0.00445463385293112,0.00425946614546128,0.00384139531661782,0.0036247917953564,0.00301377143366112,0.00276637638966509,0.00231096752102384,0.0023005114440425,0.00184681281439592,0.0012390467984206,0.00108395985709136,0.000730376210114898,0.000410343937292049,0.000258495605895216,0.000388256768160403,0.000247974914530487,-0.000216277519334282,0.000108784217564476,0.00016294500793082,9.16169129185374e-05,-1.85873167243403e-05,4.40407846841428e-05,0.000193338694931811,-0.000117837053128871,7.31423611531844e-05,0.000147281773557651,7.73734646373244e-05,0.000406995827804248,-6.54151833200848e-05,-4.81881152166462e-05,0.000138145929304698,5.51544497766521e-05
0.0117400027343172,0.0117307049345839,0.0116497646279902,0.0119435125637292,0.011955325835316,0.0122281542338343,0.0116050866490269,0.0118659352370499,0.0117133692753493,0.0114514506147052,0.0115995991838813,0.0117085377494884,0.0118035579969587,0.011797229236804,0.0117105247298517,0.0117073866822403,0.0114340192031211,0.0114704975678228,0.0114550402436577,0.0113824732957039,0.0111335139866542,0.0111424750958342,0.0111413110748647,0.0108269787331918,0.0107467718503369,0.0109131890946806,0.0104475192155333,0.0103160207480287,0.0104273850756132,0.00985052736637734,0.00993663002478572,0.00960923034015285,0.0094654021359374,0.00957979802420305,0.0093569330039825,0.00919198319694919,0.00931809389582937,0.00906357359200448,0.00902700422095752,0.00907340244947036,0.0091073829990767,0.00893114623285199,0.00875635381257124,0.00901965834503564,0.00931209368991535,0.0086242959646804,0.00881838528834062,0.00862508932114319,0.00882360842639963,0.009116448036177,0.00883188272682666,0.00884660046463639,0.00881576929766194,0.008721422678663,0.00881870076920128,0.00881558669388995,0.00880359696889201,0.00834790591301821,0.00883864712096548,0.00886723685393417,0.00891196041151023,0.00901316700045239,0.00871368156794593,0.00861174190922287,0.00889238669663308,0.00870386476242798,0.00873371772716402,0.00854002037540528,0.00841304392278909,0.00876860646283063,0.00889103793883071,0.00818457858275345,0.0082074309215136,0.00816271182315866,0.00834344695926559,0.00797390452741006,0.00802787372343255,0.00776308082534411,0.00753047808088982,0.00725658781628882,0.00707769831838312,0.00713775816705296,0.00667404200132667,0.00637869566616577,0.00652980513894844,0.00572794099228757,0.00580207376844946,0.00507104728953893,0.004921593312963,0.00463711136766561,0.00402826753576524,0.00394923860508757,0.00368323052673398,0.00333904408234943,0.00237292947224917,0.00227127435605035,0.00169523347930651,0.00153429452897936,0.000956078244222429,0.000957254528511184,0.000638047846736634,0.000421929196107889,0.0003596150636331,0.000150266909316674,0.000300961059912094,-0.000156658066499264,7.92408849612571e-05,-0.000254785072747643,4.25946595127056e-05,-0.00021285210889792,0.000143701138536821,0.000120981314838725,-3.28323006821214e-05,5.46850149495972e-05,-2.59935099893745e-05,0.000191036542164345,0.000184609152157836,7.43523734446373e-05,-5.55908858817283e-05,0.000329475450782993,0.00011496043891952
0.0106826059212101,0.0105167213527917,0.0107705491644425,0.0105808658079173,0.0101890697097132,0.010750013527944,0.010326003664091,0.0105492370278939,0.0103544192459421,0.0105248338875509,0.0107196260986653,0.0107780104073145,0.0101037154647581,0.0104685137997881,0.0104621760934785,0.0105145765341064,0.0104978725301729,0.0102174623036151,0.0101797438409184,0.0103335666842985,0.0100716463425455,0.0100619904061201,0.0102083741154894,0.00984231066623054,0.0099543855789141,0.00987780650193907,0.00960559988122774,0.00978253460702803,0.00968649503146934,0.00948221619209736,0.00935837806078153,0.00909840555782919,0.00920798101100721,0.00907883291621255,0.00891222617690335,0.00927466361332975,0.00909242213174076,0.00874000816480425,0.00891545545906924,0.00857169981897695,0.00840737959667469,0.00882905904252456,0.00899115269936625,0.00860601277151397,0.0087022876012603,0.00872609178290598,0.00868148471924667,0.0089652337375151,0.00832239210927896,0.00868225198291445,0.00864131930486332,0.0089586062734065,0.00853890533959031,0.00880551201840927,0.00843201005857865,0.00857046897642964,0.00853196216787114,0.00891673174134111,0.00851477850466308,0.00880501470015461,0.00876749983325435,0.00877033526681035,0.00881452103290301,0.00853172956158033,0.00866049683877214,0.00848660605564751,0.00820954113061331,0.00838816744961653,0.00825196125054408,0.00847728969315231,0.00792302446285828,0.00818331764502581,0.00825850432682924,0.00792466115945228,0.00750485432691677,0.0077251003105054,0.00795483831239526,0.00772138082570485,0.00736280015286657,0.00742949474816392,0.00707516600842673,0.00695464857755761,0.00672207846984426,0.00627162886073845,0.00598740127714931,0.00603088185741722,0.00562154287274698,0.00506293869727846,0.00470314581510379,0.00424070376541154,0.00422079282654012,0.00379278155835731,0.00336419227670135,0.00287731660179925,0.00236565090116211,0.00227677068404689,0.00171726209936115,0.00162959562278799,0.00111481654875855,0.00104867233176471,0.000899704748396968,0.000362669086463681,0.000333673373605083,0.000216340401921498,0.000103978695203685,0.000168242564118301,0.00019952950042153,4.36629941660036e-05,-5.97330006607183e-05,2.05891948862104e-05,-6.13779709787446e-05,6.71233897825417e-05,-5.07791283366668e-05,7.08822294729502e-05,-0.000152783841055476,0.000100815721464111,0.000112338002534423,6.41396178195111e-05,-0.000108131670120155,6.06968055891899e-05,0.000154476798101276
0.0098293399710984,0.00916866358515161,0.0090834877321866,0.00924816664222734,0.00913845648777678,0.00930238621761918,0.00923831379908262,0.00950937877590921,0.00912329727816261,0.00959245819305986,0.00908483303958635,0.00898270704870352,0.00938133498800611,0.00907447100958526,0.00937283668913677,0.00936962249213695,0.0092594014543451,0.00931851279723538,0.00917328743698624,0.00879048148981957,0.00905382700880633,0.00925046906592235,0.00928136023800684,0.00868102851529222,0.00923254021991918,0.0090349950279387,0.00898264641430639,0.00906936259594431,0.00882969795905419,0.0089106029153678,0.00896590992454788,0.00883727817753768,0.00878662171872763,0.00858224458784582,0.00872545324214203,0.00895268177983621,0.00863223371441151,0.00843588125267063,0.00842812840333616,0.00843541881469224,0.00854377182418866,0.0086473789893947,0.00847372401059465,0.00809794420651653,0.00851762868404514,0.00830511570201402,0.00846338830148075,0.00855495931226108,0.00831293616402344,0.00874014017097778,0.00862061096600002,0.00847881087436528,0.00825115435829997,0.00817623657663512,0.00851657725872223,0.00810430089614583,0.00839909156336944,0.00854789871552718,0.0082650524067045,0.00877339124961489,0.00834759173576286,0.00837222443165915,0.00827441473517659,0.00797901203721067,0.00821257950019799,0.00815514156805685,0.008423105858258,0.00813492916866925,0.00814003217527961,0.00807263325227002,0.00775544884702975,0.00807253828993972,0.00813475715767348,0.00778150023867096,0.00771702735728904,0.00762680909775858,0.00737185302683916,0.00721022182006859,0.00737752708441452,0.00708474409762338,0.00682345498469008,0.00658554471555534,0.00660529718636086,0.00611672122560215,0.0056955213262888,0.00543239551270606,0.00515963964527375,0.00495712159875496,0.0046857552170989,0.00430534577999575,0.00438917885752647,0.00355223196013914,0.00344548615776365,0.00264543849103528,0.00252591682480444,0.00217409013920961,0.00181383229880132,0.0015888147912821,0.00117035260585375,0.000879684068439165,0.000641080678392011,0.00040727799436184,0.000118131573587798,-5.53910350807314e-05,7.61266279708134e-05,3.52803226083402e-05,-0.000168541398642921,-0.000285270337608952,-0.00020057361280253,6.28621078875047e-05,-0.000108909250252065,0.000116045881869265,-0.000269339064722382,7.35161123925283e-05,0.000200981281330849,-0.000337679928464634,0.000124694152437644,0.000158486649789507,2.47008828737642e-05,3.30667653166653e-05,-2.61618473559247e-05
0.00788806923849254,0.00813396372254069,0.00822814751368984,0.00810864877561252,0.00823170041215802,0.00798778946604562,0.0079368044923723,0.00818131743738646,0.00799671650367573,0.00803571687979223,0.00805472622404806,0.00792525117821447,0.00811893203766547,0.00813901902786879,0.00826751186258447,0.00832896945073793,0.00787079309215913,0.00808091101008503,0.00808834142275966,0.00832555650331355,0.00789857407362947,0.00829446884755665,0.00817786539201094,0.00795590181278683,0.00810042019382042,0.00835252579274987,0.00815748721288273,0.00808637764021168,0.00817722960346902,0.00836477468802587,0.0083787618041116,0.00792913222135096,0.00822661844152095,0.00803236357517751,0.00822709142272582,0.00811304695364008,0.00822089539600179,0.00815192713347404,0.00804799769457539,0.00817435745304279,0.00828798843902781,0.00807992319047054,0.00797750083242559,0.00826369838074778,0.00806528116532283,0.00787247445090544,0.00807363827743279,0.00798597871226119,0.00831295427191981,0.00801306277098568,0.00809095814272649,0.00772176717896589,0.00810487306720578,0.00785827750859371,0.00822670909698804,0.00827153871495812,0.00816892606794026,0.00809228077922393,0.00813460756403518,0.00817799123453635,0.00779283702335553,0.00815205369630083,0.00825563684811392,0.00819188631369242,0.00791849204861624,0.00797744579048606,0.00779234362679747,0.00779790661086909,0.00776516516447852,0.0075314759999852,0.00768330411997349,0.00758083909670068,0.00761172426718442,0.00754752324251963,0.00761984648365347,0.00701806710457506,0.00716953822642224,0.00712745864130737,0.00693127760172473,0.00672131141333408,0.00636334023014545,0.00643122387241813,0.0065772374411898,0.00585970098921326,0.00557910896589581,0.00551225853134211,0.00528067470911081,0.00488882673442492,0.00462964040495068,0.00413929434614831,0.00351288609909228,0.00348513768867024,0.00314738983468177,0.00255197521099322,0.00253130952002114,0.00204973125601882,0.00165547131754101,0.00140569492598704,0.00113774904370944,0.00108906697622016,0.000661105463537219,0.000296412627282917,0.00024294401589289,0.000153771334657158,0.000187265048277626,-0.000221014801450606,1.25329825558168e-05,-0.000142904337547262,-9.19823769224233e-05,-3.35920619018552e-05,-4.79964823802298e-05,0.000192213279634183,0.000262644557176501,-7.63139354467521e-05,5.39256430829094e-05,-8.17167044445614e-05,0.000109703271940538,-0.000191380971174344,1.10978399280164e-05,5.6616864017552e-05,0.000215190972230642
0.00667067153181526,0.00685563014018302,0.00698256236118011,0.0071011705368018,0.0068930937652649,0.00705358727169257,0.00728758658440996,0.00668717420126342,0.00720424536656686,0.0067667023635664,0.00695240254425087,0.0068764376615524,0.00690014857600646,0.00715003730194329,0.00729539240905732,0.00667398307126737,0.006941567893711,0.00704020467928537,0.00717501607288192,0.00705499638110884,0.00724687911473777,0.00721418766046049,0.0072559266568766,0.00718587806384985,0.00712368883142505,0.0072576017928058,0.00730296046837148,0.00743014919924199,0.00722306665403079,0.00731749179241562,0.00752869434458761,0.0078430548930331,0.0076176666667214,0.0078616763587346,0.00791506908428916,0.00781561849829487,0.0076830264211429,0.00793791576698502,0.00783597262166202,0.00759568320491723,0.00767953829487194,0.00776404677543629,0.00782797737614726,0.00798129400675621,0.00786425772919443,0.00804340908369158,0.00806197539700816,0.00777474894384212,0.00791531331918033,0.00761786146769811,0.00787518049502097,0.0078191027658023,0.0077314509637369,0.00773274092310506,0.00764753319514664,0.0077836300349875,0.00751608167436806,0.00782244701373276,0.00790293723830219,0.00766556353447418,0.00768515918478206,0.00785548671370013,0.00780102610641084,0.00759534800653245,0.00773494070369207,0.00762988232825802,0.00798963584189371,0.00753608008978676,0.0076222398819022,0.00748487487494588,0.00764504530134356,0.00763833299842009,0.0072878681391473,0.00760421300094281,0.00737914468483533,0.00732006395602667,0.00699117658864465,0.00702575181426154,0.00682533362729826,0.00660878850985462,0.00641481962844366,0.00614725641110508,0.0058236069810514,0.00547115663955781,0.00582450219304917,0.00532477931643057,0.00514924136232216,0.00461735244077156,0.00425642860868013,0.00407654442415737,0.00386353923480246,0.00331975758101131,0.00314252118005308,0.00285226867982555,0.00224475603191337,0.00213020660855367,0.00171916368581629,0.00159516497105341,0.00104557484297345,0.00100257131325261,0.000710373642530506,0.000484534859085585,0.000461401309888048,0.000185332649559772,0.000243433969985507,-2.71333954352276e-05,5.38023467171854e-05,-0.000208260100645149,6.70320363373914e-05,-0.000142317790238693,-0.000181215560454248,0.000134938634853609,0.000268740703123699,-0.000146946043723618,9.86137885162276e-05,-0.000214600494100629,0.000195508122700428,-7.4530707008142e-05,-9.01381417633159e-05,1.87761547690242e-05,-0.000339411170065341
0.00552813764177283,0.0053546145202399,0.00554175325757879,0.00557891357821489,0.00576988667878951,0.00565048874718703,0.00589214798429916,0.0058416329737748,0.00532731403660862,0.00575820192994206,0.00553785137765295,0.00572943061273261,0.00540992593008063,0.00597061702382198,0.00573988704044051,0.00549259588786802,0.00572751131710434,0.0057257213556969,0.00602655259252187,0.00592230441117924,0.00591803235280479,0.00607771571211442,0.00634007188436285,0.00645311232431724,0.00629329502789611,0.006277638477506,0.00702502247192649,0.00620201561128062,0.00663897681713799,0.00687905334784523,0.00691436474163717,0.00708395113205752,0.00712585472785876,0.00704951158575223,0.00737818372678782,0.00738456676467482,0.0074376670655324,0.00744812127287447,0.00769571327893518,0.00749773831314672,0.00739039624492302,0.00754207961608111,0.00784825685798875,0.00760262546634857,0.00777404669957608,0.00745556899403152,0.00726242424687102,0.00744652343003258,0.00779224858675341,0.00757609871600538,0.00740132866174404,0.00762682580415958,0.0078199993500537,0.00780114837557829,0.0076479092000037,0.00743275649398592,0.00746076305221703,0.00740527574966527,0.00748930887984182,0.00768074359650049,0.0075423134408773,0.00765760479906575,0.00746682522974834,0.00778386251947473,0.00721178048724836,0.00746450991633004,0.007384375968047,0.00749759536841666,0.00740700347014009,0.00752415105686784,0.00725534804856391,0.00763849099695334,0.00687447177057475,0.00722458286538898,0.00654605457052498,0.00690244083529726,0.00664157813742434,0.00653898271009587,0.00630591228162816,0.00602657917098823,0.0060303663735792,0.00599463834134555,0.00560897370584325,0.00546652737211568,0.00543461137233837,0.00505456957758653,0.0042598412960572,0.00440374242320102,0.00397292494826777,0.00351464771051941,0.00365737229769169,0.00318710956684751,0.00298502100984207,0.0025525907820788,0.00229162515737639,0.00176210087090488,0.00143753854637566,0.00137476325454434,0.00115047587461287,0.000964679263540629,0.000493223802032756,0.000216846454518819,0.000234789752385197,0.000264042516633431,0.000194616416338841,-8.5563080980413e-05,0.000165052614366196,2.63329099082318e-05,0.000147739028582636,-3.72528870090013e-05,-6.51993073556014e-05,-6.6975207705905e-05,-3.33215227674691e-06,-7.72283893420583e-05,-0.000227996675260429,7.17057209654163e-05,0.000204375533549538,5.97749432000127e-05,-0.000204436856517812,-0.00034680414730098,0.000242407981306961
0.00430736224357078,0.00411462804254468,0.00450675757788285,0.00464598070066881,0.00436388597332716,0.00468886147786722,0.00463170852971322,0.00422766166336696,0.00466163344003687,0.00446900142736585,0.00461774139260904,0.00465770216290022,0.00445621373346378,0.00492071224467256,0.00456613796919676,0.00482045682241656,0.00467889249349872,0.00481120322370442,0.00500330094884,0.00470634648668982,0.00520677722173079,0.00515479995645555,0.00504846794061777,0.00523535735493812,0.00541030649340022,0.00532711182935748,0.00564058780517678,0.00572295723249209,0.00612623054596073,0.00621438503228062,0.00649194537674167,0.00641668579459394,0.00650942509022868,0.0067943545205559,0.00715653616932483,0.00705743331582095,0.0069360070821958,0.00728928123866196,0.00735886434137101,0.00691659334031469,0.00739848650486117,0.00706136826577352,0.00731120332748564,0.00726621668980944,0.0074199241276758,0.00723421249819987,0.00730189736864097,0.00713241425327701,0.00716357323871511,0.00754433085126459,0.00704918221376378,0.00713696575860641,0.0073108231007861,0.00730974170979836,0.00720927778919142,0.00725183187554015,0.00684959878084229,0.00714857183143637,0.00704199544203991,0.00729529282696133,0.00720708919874408,0.00720408825746153,0.00726027028075941,0.0074634649992016,0.00718965658439407,0.00729641607582372,0.00720315589371528,0.00678255186653575,0.00700281897516903,0.00694243918011806,0.0072929307263162,0.00678899617741607,0.00683362515573838,0.0064836415001549,0.00680544721262348,0.00648329451836653,0.00649058905842471,0.00664010894068754,0.00588614158582476,0.00587692882116596,0.0057290408203481,0.00584088958562876,0.00572884925780238,0.00536436493047458,0.00517195180089969,0.00476248540139532,0.00447580175430242,0.00404505445847325,0.00409451472301707,0.00388574153231496,0.00349975206901807,0.00290369487178786,0.00255268040552566,0.00244016371149205,0.00220969666557666,0.00193447121507906,0.00162760387428624,0.00135413942501414,0.000966365637677175,0.000738759573583562,0.000703883987182533,0.000564712063211608,-2.67234591511042e-06,6.46457647978992e-05,-0.000239690974645059,6.8284369648414e-05,-6.11040619241516e-05,-5.27516910203129e-05,8.5556520525419e-05,0.000119202301407913,0.000230597788245154,-0.000157750881686174,5.24932602333848e-06,9.79165627018175e-06,-0.000104287460786903,-0.000294807514804539,0.000222531527649436,0.000254831574906735,0.000122285816649484,-0.000114100662149351,-6.6754189620996e-05
0.00347185015438314,0.00313043508270069,0.00303301077690693,0.0034756100711532,0.00353019602232744,0.00324673095269867,0.00365630228654864,0.00352071471882203,0.00342680191063522,0.00348088138726295,0.00334973389989572,0.00324398522398618,0.00366764351457851,0.00362819041866153,0.00377831669976308,0.00366319916213287,0.00371123285099118,0.00397333291049181,0.00382716765198729,0.00384177243360292,0.00412120053752316,0.00394055544834883,0.00422503158343986,0.00448254607481156,0.00466256765456462,0.00469327947179028,0.00516178471378577,0.00514547657098799,0.00538775468555152,0.0052198176036118,0.00580284417030298,0.00593896096877543,0.00598110450317047,0.00611120824235903,0.00655507021006293,0.00636360962905549,0.00661925498971482,0.0068846856582317,0.00675609396917096,0.00695528082445537,0.00713515795371568,0.00707387412840873,0.00676144261472304,0.00663256981219906,0.00696510682653662,0.00713368088252771,0.00691613509751052,0.00697725802039719,0.00680198744853293,0.00704894853700699,0.0070665629882398,0.00706382706745896,0.00713095726122692,0.00724599931460543,0.00720534486321364,0.00721221571607925,0.00754666493339848,0.00667433495966265,0.00688045731414514,0.00681788236194165,0.00711386469933836,0.00688156889505359,0.00686243398890373,0.00730342738132238,0.00712194773472542,0.00665048144687899,0.00693874952191095,0.0067726391450634,0.00671536577074546,0.00685359479059321,0.00658286497418728,0.0064498212437921,0.00644890184244724,0.00635244735543853,0.00597535920936537,0.00626352148359927,0.0062040445848175,0.00577954764064982,0.00613252332046376,0.00587983451917547,0.00547565210998545,0.00545919251460632,0.00522103169449591,0.0049405097209299,0.00473370920966604,0.00430164524850658,0.00438288547336059,0.00396662073031031,0.00392782229222287,0.00390245133634085,0.00299237909108672,0.00289742002385394,0.0025015897355734,0.002369883556262,0.00215489168525753,0.00194603933286358,0.00121982914573321,0.00129607383891056,0.000832573163740951,0.000887398271940132,0.000570092825637468,0.000465804713630438,0.00031946520964124,0.000140840156814678,0.000251900315530406,-0.000184676219476738,-4.8257548445724e-05,0.000107669804264534,-0.000105649857901743,-0.000150893411236048,0.00015403006906033,0.000151498248901668,0.000100093188422213,-2.18068045215464e-05,5.04330376421207e-05,2.78332582093741e-05,6.71459123901498e-05,6.68398236397615e-08,0.000179404252399919,-7.13269665793327e-05,0.000126552851354222
0.00225021284202558,0.00197440936815566,0.00211648776212118,0.00198950826910314,0.00204389498095677,0.00246114965418188,0.00226564179125195,0.002213917670263,0.00227854239160428,0.00235934785974766,0.0022902406154979,0.00239112286620795,0.00230718904026824,0.00244135608180812,0.00265001570042231,0.00250261269063558,0.0029782449508513,0.00264451658320426,0.00260432356929542,0.00279445800170454,0.00319461482014649,0.00331465606034572,0.00337065002663104,0.00376143042071772,0.00387246073446055,0.00383810627424273,0.00379483132810884,0.00435070042291635,0.00457796565106139,0.00465357902076729,0.00491328042331086,0.00529574893192956,0.00540140993205633,0.00581659238214273,0.00604716322609123,0.00601828527361214,0.00629947968944797,0.00643507392849164,0.00675807334467174,0.0065702495198531,0.00674460996600069,0.00654268995534802,0.00657125222025096,0.00662498314921371,0.00668560668379766,0.00665069952591233,0.00635254845633801,0.00710471918711557,0.00678658758786754,0.00670620864216806,0.00670172545586615,0.00668342946562293,0.00678020610372895,0.00663716390527746,0.00673623225075516,0.00665824628511431,0.00662695952106538,0.00670238775880367,0.00682718137352871,0.00671510990104856,0.00664878230589046,0.0064532961998586,0.00644461129514282,0.00640101079398195,0.00649883327069192,0.00631718098273281,0.00623541374692426,0.00663324979283133,0.00635541433594844,0.00663648071297825,0.00616552047193994,0.00630307380984695,0.00655990327392581,0.00615977834459474,0.00646184113254648,0.00603173883173596,0.00613982497780398,0.00559862020102208,0.00541317365607392,0.00556443435257227,0.00531382505557815,0.00548778051515317,0.00480834956934613,0.00501513369131302,0.00447305663265455,0.00428889071204841,0.00456754613926161,0.00395686964460345,0.00369990101573999,0.00354025280660543,0.00303111615539313,0.00327591218849958,0.00244680034470684,0.00243222840623358,0.00180024644655387,0.00168837335606543,0.00145407596936007,0.00148411301646492,0.00125118015254456,0.000740978165623616,0.000300581723822712,0.0003120366739457,0.000173313294193626,2.10992567012205e-05,0.000177254768810068,-0.000105459481846265,2.98426691730404e-05,0.000124990470637215,-4.12378987603889e-05,-0.000240639196802038,-0.000196231160547517,0.000100038848988356,-6.91013982041863e-05,0.000251385507859955,8.78618503529053e-05,0.000348386560562503,-6.23428199448392e-05,0.000403658848904563,4.3676917387154e-05,-0.000105909444070676,0.000173177210881042
0.00132636447941215,0.00114209513962619,0.00109703408328094,0.00124295883702318,0.00132182478984472,0.00106363799038372,0.00143019331119011,0.00103086807540794,0.00112249784277163,0.00112758593190987,0.00117087804096462,0.00150194381840435,0.00154964551378616,0.00126245230738241,0.0015499066192985,0.00170752202818277,0.00155444274531994,0.00173745013008807,0.00197930728841152,0.00204454005978293,0.00213676053828668,0.00223812698495806,0.00237949470420058,0.00275365477961939,0.00246403844329467,0.00326787367335186,0.00299358180724656,0.00356752631527402,0.00377886003472941,0.00416732498981306,0.00410943860895042,0.00499611691679673,0.00504809975067108,0.00529178081174126,0.00554627956219202,0.00557255988403007,0.00573582387536589,0.00614098854550089,0.00594582155125465,0.0059517117699433,0.00607630020480724,0.0065586597785103,0.00645526799512483,0.00643733314981453,0.00629019447754778,0.00627000654009309,0.0066229117884293,0.00615386373890067,0.00655774297179868,0.00619251204413966,0.00626486391012475,0.00632090942074018,0.00634967545540266,0.0063685311481309,0.00660096421334943,0.00626942098399741,0.00597492244851965,0.00630164037171109,0.00619538947783175,0.00628497074104136,0.00586190236599125,0.00613591251056807,0.00638563931369077,0.0062194549747395,0.00647050137909038,0.00604037548711786,0.00617155285118201,0.00615705156927113,0.00596420928719684,0.00624191188774747,0.00649435974756098,0.00626365616834093,0.00563528976871897,0.00590674631730783,0.00585197825317431,0.00570050179694186,0.00565213712989611,0.0054390584977783,0.00542422351937464,0.00502364688325048,0.00489923465373667,0.00473796461517432,0.00458816528880777,0.0044176205185787,0.00430255122555379,0.00415757128462067,0.00417816426455586,0.00369963624776943,0.00325216259320501,0.00319526726441618,0.00324492071767289,0.00242758162792663,0.00249811455813867,0.00247160964926982,0.0020431990304894,0.00167638070425548,0.001268785685461,0.00116775490767972,0.00104111453692057,0.000811215991566427,0.000495260439858647,0.000425825615526752,0.000427562550708342,0.000248022058225991,5.11057360350526e-05,0.000208922624647912,0.000159463266493899,-4.44065733217603e-05,-0.000282326211334219,-0.000120115269297,2.16241435156746e-05,3.76477622699504e-05,0.000246218450079808,-0.00013603802493114,0.000162978786119894,7.60047140454784e-05,-0.000142122148972785,0.000110119128433209,0.000242732589276793,-4.14823796741546e-05,-0.000266154115447146
-0.000205792271591426,0.000105789646184447,-8.43451590112937e-05,7.69781236467966e-05,-0.0002832088325891,-0.000236230826576303,9.8784738258872e-05,-2.50450328543031e-05,0.000149492811593447,0.000355103528613912,-7.62687834844159e-05,0.000171429909066216,0.000270336648904843,0.000500454845952319,0.000519609237375256,0.000460906706528235,0.000391781975512808,0.000487010318031166,0.00120011602068734,0.000850632588714451,0.00101453531464677,0.00129896957898863,0.00162324169178092,0.00163276179335254,0.00189265546851384,0.00218956998824869,0.00255892278732264,0.00250264632336743,0.00304100582699447,0.00350079783234637,0.0036401509908305,0.00408875484967383,0.0047330623540885,0.00486995440713959,0.00516596535621232,0.00532208494684934,0.00554937153825114,0.00536828406421576,0.00587078849964614,0.00587152744983378,0.00591044962930314,0.00604185346810871,0.00558752726764975,0.00582689887939538,0.00581358478862956,0.00606834252737177,0.00624620287868183,0.00610579517853649,0.00589423659052876,0.00605922963831652,0.00605732477195316,0.00606929860108878,0.00596365960897525,0.00580536014161437,0.00564799356223488,0.00593270012583533,0.00596883265547645,0.00575470362793942,0.00610265305241329,0.00620154261662034,0.00601325190453007,0.00608302471977406,0.00602381249788823,0.00600363817442389,0.00569053927371155,0.00594301626171511,0.00607346945532553,0.00598011372246248,0.00563951349023241,0.00587219425809926,0.00611288059270542,0.00576807915546589,0.005732803313097,0.00570966088019112,0.00546647345873843,0.0056406586889085,0.00549636770974364,0.0054041621823148,0.00506460076460037,0.00504031693476944,0.00490163680472341,0.00452406713890515,0.00463932190183494,0.00430457101853078,0.00406795926326974,0.00398825801825812,0.00376752690256604,0.00344521793300827,0.00338495044978267,0.0030949972918017,0.00276189486246192,0.00243791039281502,0.00225302751880307,0.00200751048640499,0.00195223823921291,0.00138889930531521,0.00136920476401829,0.000968104112387676,0.000663102864313083,0.000889919795557592,0.000278469326351376,0.000441862689605252,-1.8292089253974e-05,-4.98762651220571e-05,9.54921751168266e-05,0.000145344455904983,-8.48872118383593e-05,-9.88235895315457e-05,-5.46457842121558e-05,0.000128163582111737,-0.00021828877150683,0.000106566186475232,-0.000209169750005268,0.000155616395719769,-0.0002540197617034,3.67158416938581e-05,-0.000202268600297394,0.000122375956508686,-4.85236693629187e-05,3.04610161739046e-05,-0.000156924703952129
-0.000923548555881394,-0.000838731644196214,-0.00082959259500359,-0.000829063190848957,-0.00123519499993096,-0.00100630868706146,-0.000847389505323916,-0.00107585994294483,-0.00113156788833107,-0.00121155149182315,-0.000840143923858475,-0.000378669887573048,-0.000588106692586628,-0.000270640623643294,-0.000485717974742352,-0.000155892357825362,-0.000322449368477011,-0.000220879940524718,0.000221110952186179,-0.000152548688573639,0.000349297974162204,0.000404898881337852,0.000648312371875868,0.000502116719661588,0.0010000447080126,0.0016667310198268,0.00173664070381663,0.00238215699700832,0.00258328365404455,0.00263447506294812,0.00314480757440896,0.0037455174705121,0.00393563912484361,0.00451019956547819,0.00477334566426476,0.00486149789051631,0.00525284224402716,0.00528547437863717,0.00570047604719898,0.00608965738042372,0.00555843538112493,0.00563493257449497,0.00566802773973103,0.00582449636314208,0.00598140741730854,0.00578809840345171,0.0056171071700221,0.00545742766458324,0.00593489126260158,0.00545765995884714,0.00572257801716879,0.00557170014092075,0.00534881148331484,0.00550326851267756,0.00569615438160414,0.00556086767755712,0.00564188729587228,0.0055720863225352,0.00545866652012372,0.00539282650908659,0.00565417776556597,0.00556631383002194,0.005409215941644,0.00580015924106107,0.0055576752121137,0.00556497384223561,0.00566462522521494,0.00565228873889867,0.00563922919556286,0.00541098343385975,0.00571436199961506,0.00537059444670481,0.00526555867609802,0.0054094835110517,0.00546650096064824,0.00533009704112938,0.00493414807433361,0.00488428192096098,0.00482779029143812,0.0046503659332168,0.00424589065038257,0.00418253817588761,0.00417716144090123,0.00412297273685992,0.00396424959668307,0.00371146379251408,0.00363255233869708,0.00350521201601284,0.00320016133328808,0.00294755047493577,0.00235207449818135,0.00250709507408929,0.00212659680369086,0.00185194727667671,0.00168635683319889,0.00140458154308672,0.00102643644151012,0.00109147247720634,0.000761481577231343,0.000500571184139882,0.000387101866268413,0.000258690908830838,0.000314495233207519,0.000118711140443188,6.00718243266943e-05,0.000110368149057772,-0.000178833959337846,-0.000273003215568566,-9.81804612580121e-05,-9.2826427104722e-05,-8.08716326615871e-05,8.7063172678586e-05,-0.000273853422761066,-4.50137303841624e-05,0.000270142512005313,6.2515152437876e-07,0.000142250304656474,-3.64376057680882e-05,0.000311643008520593,0.000329826889188822,4.77477483387877e-05
-0.00261556968200234,-0.00196040898580004,-0.00196529219617309,-0.00180504171472486,-0.00212328278810752,-0.00194139957897322,-0.00193120738291109,-0.00183506037730532,-0.00193456583090824,-0.0019699498607462,-0.00138731414790448,-0.00207956980153088,-0.00187543926243516,-0.00171018444479523,-0.00141438844400512,-0.00152739443152136,-0.00105362743712949,-0.0014171454882727,-0.000733302998050668,-0.000537159792727344,-0.000536758111648119,-0.000171311098233756,-0.000343300551138195,2.18605665204041e-06,0.00069193736160245,0.00066481365300581,0.000981919669506644,0.00138849119206483,0.00182059364056632,0.0022014571109856,0.0024956884752083,0.00332646094227553,0.00335180347232657,0.00404113313475606,0.00446736492185692,0.00459439934698633,0.00475060659816841,0.0053138721973894,0.00517651658996514,0.00530549144856095,0.00535105807832576,0.00531879265057233,0.00556782902055574,0.00541795344750899,0.00540680513501171,0.00563180762920206,0.00528463643150424,0.00550370299428866,0.00550893718403497,0.00512508351327552,0.00527412374614991,0.00539117822987333,0.00535200543543746,0.00551221262411355,0.00532470684230811,0.00526125398963336,0.00503724532061737,0.00495327341995696,0.00574835591015783,0.00500578952164037,0.00520208083764843,0.00539839550252028,0.00523857884948842,0.00535576027783171,0.00542226827339305,0.00535777900533229,0.00474978306119165,0.00542295506397841,0.00482723436547052,0.00520881904386107,0.00482486887914003,0.00517567845183799,0.00505980332245364,0.00484602817946385,0.00479431826970201,0.00481430363351169,0.00475047724680186,0.00466120973570005,0.00457989745720385,0.00479603933721266,0.00450928229688142,0.00407608361735721,0.00425710338772731,0.0040325246208932,0.00375663825975997,0.00350765112364305,0.00336297768714237,0.00322793288233884,0.00282983279296767,0.00261704146824998,0.00261563538478302,0.00214670776625679,0.00230573185030906,0.00189777885653344,0.00169147759927121,0.00137105931415362,0.0015736385213932,0.00118973480802666,0.000755665547665091,0.00053470616409551,0.000460341254500927,0.000192094481567321,0.000215637468221802,0.000227291040643454,0.000161937865248376,-0.000128891036029648,-2.86321596510346e-06,-6.75070444723602e-05,-0.000109581894806926,0.000316346212111691,3.7989282987248e-06,-5.99293220848006e-05,-0.000263026498801732,5.54869598439459e-05,-1.04397364616473e-05,4.20946144867097e-05,-4.83385205448388e-05,0.000235877060996499,0.000129001325029457,0.000100257269751563,5.81438323342011e-05
-0.00299613445788456,-0.00306489437409464,-0.0028379927700365,-0.00301325810068676,-0.0028646087445309,-0.00275624654613211,-0.00266545631304877,-0.00297616886580158,-0.00293226433139428,-0.0024256079590252,-0.00273942576322777,-0.00249594507343879,-0.00255511384868635,-0.00249815501827698,-0.00244731347417245,-0.00238122788722338,-0.00182297323627456,-0.00192442913342663,-0.00138881537143369,-0.0014217655767338,-0.00111231008324315,-0.00117696552521181,-0.00117097059271561,-0.000652043413277984,-0.000262884772311827,-5.37228094660432e-05,0.00015131014457877,0.000945741069798409,0.0011497961173123,0.00180876363223165,0.00196976925429182,0.00258113543916266,0.00284327002704397,0.00334655261897158,0.00383770813917879,0.00428200796478469,0.00455849142060662,0.00460066234753224,0.00476582832031992,0.00470169724033466,0.00482576606125221,0.00490754441731226,0.00474852882625081,0.00540070554864282,0.00492895466107039,0.00499570050860963,0.00513673534942241,0.00516904471281641,0.00538282516589776,0.00482800043429164,0.00521576798747805,0.00500810697151736,0.00500772960826383,0.00491814708363273,0.00492281345823579,0.00494185849683709,0.00500722731216985,0.00484568568597226,0.00491848563127967,0.0049207113964173,0.00481795701639961,0.00518316555635642,0.00515194374113402,0.00513510508185059,0.0049149531416099,0.00471334168253283,0.00500354480231266,0.00494435653586478,0.00498195005606583,0.00503437595140602,0.00477663114090162,0.00476044912503997,0.00456545856409251,0.00480165767371093,0.00454217690160793,0.00439333449194035,0.00467799773985369,0.00423970698945269,0.00439550343406297,0.00436609986745242,0.00398226512306691,0.0039051757796387,0.00384417729439511,0.00369151191912671,0.00367631085790282,0.00330037723282316,0.00376412431597856,0.00305364175499959,0.00279582338115006,0.0024819148135638,0.00264343050177315,0.00205317928376387,0.0016600766818354,0.00178105301433233,0.00171714384531254,0.00134000498334024,0.00127570025270986,0.000816487509477541,0.000979761211532495,0.00035710238791614,0.000345004200381638,0.00015232894031332,0.000123398028669368,2.29100881629089e-05,3.41542771366659e-05,0.000130218620290482,4.98708129404682e-05,8.50990907971261e-05,1.80573206958535e-05,-0.00011523854954632,-0.00011390019051803,-3.40817337999452e-05,-7.37267665726593e-05,4.80351907107167e-05,-0.000124001752193329,0.000209700405632096,-0.0002923753452577,-2.87425462869271e-05,0.000100582915264419,-3.82718333374264e-05,-0.000158008197765835
-0.00392991880523651,-0.0038826429781356,-0.00389051331181808,-0.00397030536464804,-0.00395159085314323,-0.0040154941661746,-0.00379780375823865,-0.00371961776069504,-0.00373841025608189,-0.00367073146080666,-0.00375400012199833,-0.00397309882480291,-0.00338000274723444,-0.00340393375135007,-0.00334383902910504,-0.0034173787948014,-0.00259881793250969,-0.00299825895024586,-0.00282853650226931,-0.00274862584427272,-0.00232273930933919,-0.00204102721686468,-0.00168325059724384,-0.00172801488979637,-0.00132626895969675,-0.000593570815663256,-0.000232748767096173,0.000198074468151599,0.00079331729126028,0.000960280778959417,0.00192563124412041,0.00193300983051551,0.00238951669849524,0.00284595780807885,0.00331500449103355,0.00396088412040641,0.00410768820154963,0.00408558062713916,0.00455138500280912,0.00460347522140727,0.00453411112504038,0.00459062353840924,0.00448449918061947,0.00431822871498965,0.00469670674984712,0.00475400170177344,0.00476767443296103,0.00477690428226456,0.0049695398289822,0.00461974527515416,0.0047371903028443,0.0046604393274708,0.00487955411453051,0.00451724821056249,0.00465376175665062,0.00470943170327208,0.00500142696996281,0.00460188396152673,0.0044835190939392,0.00444943167660517,0.00472835929638947,0.00461707809437307,0.00441798440106024,0.00441869918913531,0.00465174767395184,0.0045430933700782,0.00456886913730428,0.0044000098348878,0.00451161328963953,0.00431685793334189,0.00444159230288237,0.00426329677942364,0.00412976140154999,0.00418588247215824,0.00424461085627264,0.00426970160231389,0.00457035034164353,0.0040746805192529,0.00424644397283893,0.00404600886723317,0.00363989604979701,0.00381504386302049,0.00344191534821816,0.00338279782410849,0.00340156231541613,0.0031277427845189,0.00307531014113603,0.00269743918900402,0.00268543806358886,0.00230079303330787,0.00228345070024182,0.00216396855341306,0.00230153990005409,0.00146304856442396,0.00125766910937131,0.000849594032195963,0.00135069408463362,0.00101613613848476,0.000689216033343482,0.000538430158827849,0.000155174938431226,0.000320117293733276,0.000283414174850769,0.000160125819567725,-1.62775630268012e-05,-0.000108529980697206,-5.5414892714216e-05,0.00029282550780816,-0.000217586954900644,-0.00022899698341061,4.31701830668284e-05,-4.94056141500907e-05,-8.86274530992497e-05,-1.21847345911467e-06,0.000278597643554085,0.000227529164658358,0.000254308082047313,3.68230361011483e-05,-1.42193163433844e-06,3.98430206515529e-05,-0.000178463995544002
-0.00499041281990807,-0.00469760281722083,-0.00508152945942689,-0.00503695476304332,-0.00458936692565133,-0.00483355328631707,-0.00471260314961277,-0.00493671528027233,-0.00484870067467477,-0.00481589326577584,-0.00452688352274661,-0.0045355008796271,-0.00440154659884717,-0.00448748294941126,-0.00415776445890259,-0.00405121673147356,-0.00388183872172229,-0.00392854579628722,-0.00391548062734813,-0.00319726203605076,-0.003105173904437,-0.00303192309583656,-0.00249100815856365,-0.00250291340813047,-0.00190132356523034,-0.0014435173392234,-0.00132654736142301,-0.000126325661240046,0.000279469114775835,0.000322422453353976,0.001026507511778,0.00161849222625973,0.0020079524731783,0.00275695347238987,0.00298868247490519,0.00327200282301944,0.00369851011517482,0.00388990355755353,0.00418967102387584,0.00414225324517796,0.00415468391109476,0.00458438283095854,0.00433750444142278,0.00442728700088356,0.00411897552822577,0.00421337874334854,0.00440207250625178,0.00456257291213076,0.0042039567298008,0.00424614403468322,0.00434054124122268,0.00429794788886834,0.00433632298437356,0.00409784691781712,0.00432594701284043,0.0041498515138594,0.00429231124365653,0.00442574323624567,0.00418666275193738,0.00420424282254073,0.00407473197550676,0.00406235936450717,0.00420412592883515,0.00437076638563536,0.00419519769811028,0.00399813797781063,0.00416683341135679,0.00429008997164134,0.00422489669734323,0.00406340170838804,0.00446388465194002,0.0039059368797855,0.00400888626767021,0.00403955783539453,0.00382672705164391,0.00388750422316236,0.00386525622945253,0.00373013179812389,0.00381507457431635,0.00377658586890272,0.00339683964421693,0.0034533021438881,0.0032573771866083,0.0034304534119316,0.00328362665667563,0.00279694080812306,0.00289721967834048,0.00261679440989607,0.00240143000196398,0.00219166292046377,0.00204324907116945,0.00173768277519525,0.00156188951070291,0.00154133067427839,0.00156033605317988,0.00118013645296421,0.00102758786657241,0.000529088119007256,0.000894482927851802,0.000471655582789557,0.000123423505416887,0.000156345488630438,0.000489891293170191,0.000207584506414442,-0.000101402278460816,-5.18198821893622e-05,7.46543283755586e-05,0.000199037501541851,-0.000108708077192007,0.000232045726807573,0.000161378324338866,-0.000104196509947051,-9.61911367842608e-05,9.10757415670348e-05,0.00018605084225684,1.15956610817271e-05,8.32844252524471e-05,-0.000137659986841407,8.68219876791984e-05,-0.000248901798498347,-8.00446838470574e-06
-0.00569945516294924,-0.00580743639979912,-0.00564928604924244,-0.00550096290153694,-0.00571110197301628,-0.00575504873346688,-0.0056442522611202,-0.00554622553844082,-0.00537992377605328,-0.0055376720585772,-0.00524503772393713,-0.00515681956551343,-0.00508980059449722,-0.0052526513947423,-0.00502445721300608,-0.00472608139091525,-0.00482814995986416,-0.00436714741657467,-0.00431683203497248,-0.00412576972585776,-0.00356895598227161,-0.00361856427615308,-0.00333911980184418,-0.00273099903630018,-0.00252060164794669,-0.00202269105528147,-0.00162370830978294,-0.000914333617659672,-0.000728508554736288,-8.14922584591411e-05,0.000457773338421303,0.00128726040425589,0.00158803822578003,0.00225663947432759,0.00258905399535322,0.00278520371193739,0.00302611582833844,0.00363191679663202,0.00347276859375347,0.00361539713489435,0.004169347065529,0.00397601004139258,0.00414745582606077,0.00395789458991421,0.00383827854091307,0.00373111539654096,0.00392461380229627,0.0037969098531096,0.00421666196098429,0.00410024908536445,0.00413935685536033,0.00414216361860562,0.00372728141811744,0.00406782474338031,0.00403502502056326,0.00385021397193894,0.00409569278478109,0.00418747221287939,0.0041114999302655,0.00410754833072837,0.00377395197020574,0.0037550244808696,0.00381489516817854,0.00383918216764864,0.00364607841680476,0.00385362190537469,0.00368442941632725,0.00409172274005698,0.00392523679727796,0.00366704099544858,0.0036292243534012,0.00391656843591719,0.00400264201531897,0.00373961007966563,0.00352026883204565,0.00385347351789241,0.00391217824503752,0.00384009362960762,0.00349679959844783,0.003103829475134,0.0034067521657509,0.00343680271804618,0.00316109624459576,0.0030800621071991,0.00279252445399687,0.00278064802459486,0.00293344290272606,0.00258837941684167,0.0023755035275185,0.00210942957895211,0.00217399802934478,0.00176042927798707,0.00190090805863182,0.00163918672901347,0.00148715719985245,0.000886020502005454,0.00104522676074176,0.000559086785993588,0.00070287762417699,0.000781815738754372,0.000203913078447737,0.000282515896283984,0.000251116818494335,0.000391714242984898,3.86348026449159e-05,-8.96176338839972e-05,6.08754067012828e-05,-0.000126908527363051,6.15672386535311e-05,0.000146467081715467,0.000149223485655586,0.00015398146518233,0.000138221051873435,0.000101663965811064,0.000193904956293955,0.000110313207625015,-1.08706703575843e-05,0.000172385105951828,-6.53337387494895e-05,5.60065779649947e-05,0.000107276583742467
-0.00641410547103823,-0.00666899515715029,-0.00622728889940679,-0.00663843420289109,-0.00644383651018793,-0.00655742660403677,-0.006551034078875,-0.00622630876568273,-0.00630688918337715,-0.00612455901012265,-0.00581765694509644,-0.00619017305337714,-0.00630016987908502,-0.00601218376475213,-0.00582163662864184,-0.00576423353092907,-0.00540927283542123,-0.00525943695955596,-0.00517721320430754,-0.00486215008329133,-0.00440945840574713,-0.00397216507788765,-0.00371233132146469,-0.00375094129180794,-0.00335089057691144,-0.0027086617434787,-0.00224218752964715,-0.00196054962501206,-0.00108084833505811,-0.000575513470623264,3.26748091310121e-05,0.000372281256143984,0.00121961608178054,0.00142510271734792,0.00200851460977526,0.00252416934872016,0.00269163831208508,0.00317244996373958,0.00299314037583675,0.00340367906701015,0.00361505989300938,0.00372371995256315,0.00369417101438585,0.00379527956524315,0.00358538078767151,0.00350113854728773,0.00366060228278987,0.00365124966927115,0.00399094707096121,0.00366764425029593,0.0036475500544832,0.00347048306801874,0.00401729019279948,0.00349357078241383,0.00359583297285428,0.00347028879654343,0.00383385558751488,0.00385734387787362,0.00337132817586818,0.00352264697505393,0.00359451946406549,0.0037479494377641,0.00348939607364363,0.00338544898451874,0.00351971349765805,0.0037489312871261,0.00358783871953099,0.00373081667090841,0.00383361993187999,0.00373973055707204,0.00368231764555124,0.0040264429981778,0.00351519292091645,0.00366248706722892,0.00341649919805703,0.0033412945561891,0.00336523069163343,0.0032842576512256,0.00308837471578673,0.00292612025940363,0.00307569381678894,0.00320542100735046,0.00295859109272812,0.00291434817643608,0.00251727271575347,0.00255083637759643,0.00256804558604753,0.00247549117940936,0.0021427211447625,0.00224319997783311,0.00130928399387023,0.00192838790922377,0.00185455899952056,0.00164177754359179,0.000830264654240823,0.000632863297842186,0.00109105556109544,0.00078307919845895,0.000622163395133453,0.000533871730523609,0.000313926100390385,1.33730067696173e-05,0.00019191362654196,0.000112946489994644,-7.8855199980766e-05,0.000148925945472415,-5.52448901716351e-05,0.000209718982176253,-5.34104592915661e-05,0.000116130198889859,-1.08158592564254e-05,-0.000297051216713426,0.000305078262157211,0.000120032494515253,0.000199238915004021,-3.26721490848996e-05,-0.000309304915608676,-5.77755572376815e-05,3.30407376407136e-05,4.12447659022432e-05,2.89900099728461e-05
-0.00746015074588427,-0.00716550650436661,-0.00713068311943736,-0.00732044971674478,-0.00725298789263906,-0.00722702855235979,-0.00693490041551899,-0.00728758118947304,-0.00735151238025871,-0.00680554426342544,-0.00688814846976137,-0.00645730346551954,-0.0068496743140611,-0.0065425591851138,-0.00659246002666481,-0.00647572741232431,-0.00593390997348452,-0.00611253076498434,-0.00588173133322097,-0.00564410672868793,-0.00544947856757784,-0.00492748536316146,-0.00457072086213884,-0.00421908237102776,-0.00372296456207418,-0.00354471339945655,-0.00254632272126913,-0.00237993891314958,-0.00173463325035247,-0.00119274242733137,-0.000688202619502088,-0.000126852284225104,0.000729983499694189,0.00113510891439581,0.00198929082846021,0.00221192996817909,0.00224982597061085,0.00287735359152882,0.00302221381764992,0.0034253275064841,0.00302361958154179,0.00331062800233127,0.00313091570544152,0.00331393926401461,0.00301651925055705,0.00348569740735334,0.00324524861108358,0.00358523207943947,0.00363741367274203,0.00331766377525684,0.00319241662242246,0.00324212576952622,0.00290683972197972,0.00333933193094394,0.00367279738400303,0.00317723139187647,0.00341985046474398,0.00315997384140992,0.00332122159781886,0.00357719082093237,0.00314420485866711,0.00316628790021413,0.0033193226132687,0.00330766871638379,0.00320234421116279,0.00311099440395086,0.00319447275248422,0.00316442288137761,0.00339871648830829,0.00306838511376729,0.00336042956743377,0.0032210781246506,0.0034174197023171,0.00315535911444198,0.00289880430747797,0.00313722200530686,0.00310112439525209,0.00290996256512049,0.00322037519613477,0.00286912296590817,0.00257348705212175,0.00279372020230012,0.00258718139392013,0.00261727238530302,0.00258275455086195,0.00255461506008235,0.00242150899103866,0.00192575453352033,0.00217153097210833,0.00197326879232198,0.00180910488399064,0.00150268333650198,0.00124727727831186,0.00125283324660883,0.00137124120491398,0.0012340871554693,0.00088303916190405,0.00053832918153684,0.000737150843228816,0.00052507971785029,-4.10812090503793e-05,0.000170053682883462,0.000112149826486585,2.95092032599083e-05,9.18340103030942e-05,0.000253655083368539,-0.000232228131161069,0.00011954811997557,-0.000118703237437811,6.22972408047693e-05,0.000222935314074875,-0.000171833435251846,-0.000217879266284438,-0.000336453817272772,-0.000257734886312608,0.000148181227808525,-4.67426672047408e-05,6.7172927269255e-06,-6.35138437828988e-05,-9.49246903567366e-07,-0.000124385235202895
-0.00819231917273738,-0.00829960890590347,-0.00822921174212286,-0.00805256515791046,-0.00807241178499963,-0.00799537947345779,-0.0078077399485025,-0.00788039239164221,-0.00792379558804384,-0.007543141347751,-0.00789463743847484,-0.00769609211217665,-0.00767577400130593,-0.00711855063519998,-0.00730562137827249,-0.0072630687944765,-0.00687422372650662,-0.0067512249657764,-0.00626872651486189,-0.00638218664492215,-0.00615523135884805,-0.00569141947873109,-0.00515933160152818,-0.00453007165963002,-0.00491636600618801,-0.00417167572932722,-0.00341813978452555,-0.00255780539230788,-0.00236961069014305,-0.00158361898959153,-0.00113646625609712,-0.000553336645155453,0.000561565607222223,0.000850695929783652,0.00120818305836187,0.0017426451560812,0.00191379872488362,0.00255138223957241,0.00262087643373318,0.00296256051384253,0.00281794637401391,0.00306377955217403,0.00291175095286175,0.00308843240378635,0.00297581844876644,0.00316934069402108,0.0027866799210872,0.00301461672792496,0.00291627645412194,0.00291564535035192,0.00285993791942573,0.00289463480446283,0.00301956161618887,0.00341957083649333,0.00291366772114632,0.00309062564208973,0.00316963260737447,0.00281626115339062,0.00295783379290008,0.0030573350504006,0.00275419632257387,0.0032923528280402,0.00307916511706472,0.00288346179065212,0.00283500791527615,0.00307334098493744,0.00351796835314691,0.00307238514454516,0.00296543636161015,0.00291119333163181,0.00303217863971457,0.00266319935835357,0.00307676085163654,0.00287621512444716,0.00271607963617224,0.00263797525939902,0.00258443079733787,0.00292638921161832,0.00263965422161766,0.00277499578575919,0.00264103909864246,0.00265013660524453,0.00267581865549838,0.00239391581184112,0.00231757109910415,0.00222536385560482,0.0022328335388543,0.00198878921116341,0.00181142134240765,0.00183222243308519,0.001664755080457,0.00151933663235926,0.00131248253621404,0.0011058828054904,0.00145949806872664,0.00101241970849766,0.000773992668723278,0.000578772063467044,0.000321369855319105,0.000442273152703355,0.00023909387647379,8.4488704236101e-05,0.000303757341282327,0.000252440402031879,-0.000151409745230976,0.000159865826681596,0.0002486082732238,0.000259958908665451,0.000222963751496284,-9.33632606659982e-05,-9.97261841662711e-05,0.000205974169618759,7.42978271883842e-05,3.08824298516442e-05,0.000238573576841813,-0.000224463204273109,-2.4788108638609e-05,-0.000317664287356102,0.000331834167059906,-1.32465169908594e-05,-0.000102009471014045
-0.00877516822029967,-0.00867029273280384,-0.00866785852119551,-0.00884108242075516,-0.00856010956348938,-0.00864827118454292,-0.00865542377519747,-0.00865366391238351,-0.00839276836238422,-0.00845499246165278,-0.00822124438190127,-0.00833708913645743,-0.00812070492031692,-0.00821138853848824,-0.00787910641423939,-0.00798787926615204,-0.00768040262961065,-0.0075184595811322,-0.00735384076123506,-0.00693214941148451,-0.00683700291185238,-0.00633462288238141,-0.0062869654627184,-0.00540223347133492,-0.00543468111796289,-0.00454332003432859,-0.0038510289609925,-0.00344702692115629,-0.00316059532062763,-0.00205584501517117,-0.00140162423298422,-0.000834290440175113,-0.000426642211849919,0.000604208483321557,0.00124295070294109,0.00144392329102053,0.00191633944466365,0.00230015791175363,0.00256324825203832,0.0025692015928645,0.00234178788226148,0.00293128742263948,0.00255777373304312,0.00293353676663635,0.00279467865601409,0.00288308499013587,0.00289016658337826,0.00289031680489976,0.00261523498035663,0.00260196042416861,0.00300117803713047,0.00292390478356773,0.00275668574941417,0.00289135235648184,0.00286406357868292,0.00278250515115253,0.00299955703808517,0.00315323327233776,0.00275887881418469,0.00265309458302875,0.0028830104942569,0.00262116472660133,0.00258131392295898,0.00304400851451765,0.00289584651382296,0.00248778558985568,0.0028032901466415,0.0027658790069051,0.00258912608554298,0.00266942971432065,0.00276712436314242,0.00239703391751361,0.00265499691785741,0.0027024726918606,0.00245061289258584,0.00232874556996764,0.00259533271941989,0.0025822727307613,0.00231014113962351,0.00236349791354054,0.00243085182235815,0.00208729097547904,0.00232323023829333,0.00225781616374607,0.00184974612558876,0.00172622410589465,0.00186460248368287,0.00189665808235151,0.00176540699474093,0.00199669576928814,0.0016798062762984,0.00155773224412456,0.00110837145234303,0.000971318856880941,0.0010729123417007,0.00101854205318237,0.000449299273505326,0.000427449596828521,0.000364710467154806,0.000231195116068623,0.000506541942127167,7.47209248808788e-05,9.38761155059254e-05,-8.32491724818524e-05,-0.000153406485111683,-5.75111007901964e-07,6.98260443611536e-05,-0.000168425130727814,0.000137373149326202,0.000303644483941668,-0.000280130849447892,-0.000172631044421058,8.21322588981859e-06,-0.000107330962585242,0.000277119390092632,0.000229730915977938,-0.000289298755959979,3.77917419392359e-05,-4.32383373824163e-06,-0.000145273862792034,0.000203390251441413
-0.00981944938720775,-0.00988505318613316,-0.00927513145299374,-0.00950431166798824,-0.00942839791865525,-0.00956723213844741,-0.0094247931959973,-0.0090020223102298,-0.00957713178205436,-0.00900237047855073,-0.00914001582529498,-0.00902055029964389,-0.00898973953605296,-0.00860868547039314,-0.00848652006385541,-0.00847804569093,-0.00839225396730764,-0.00827862978911975,-0.00763038124261683,-0.00757021689408702,-0.00704322637598557,-0.00679298983634116,-0.00651482576239044,-0.00596819537536112,-0.00565460043080944,-0.00518894976002746,-0.00444581582025695,-0.00396204500169915,-0.00345385226123307,-0.00255410047932918,-0.00223856281387551,-0.00139217418526997,-0.000671448020699126,0.000104066676517387,0.000318900609421195,0.000999834195435928,0.00188956609753334,0.00183358818198767,0.00164612787859595,0.00225757130299093,0.00228058653029108,0.00251303669961518,0.00238873328350946,0.00235649120340236,0.002481373655604,0.00257658224037214,0.00243395082822332,0.00249742674533136,0.00263858952430991,0.00248211589800258,0.00253368273295472,0.0024987808469394,0.00245486958495887,0.00240651290998721,0.00236723538730429,0.00207667297473136,0.0024659498135148,0.00210825001840071,0.00241717256094396,0.00228209247631576,0.00243971018463069,0.00266473783514984,0.00265869915280846,0.00219911849136482,0.00234549567757369,0.00234288333281933,0.00225621548992575,0.00202976734518135,0.00237270900855761,0.00254814552751652,0.00225455647923581,0.00214736306012216,0.0023939649218729,0.00235044857806267,0.00236022421970961,0.00224002280874416,0.0024136519811343,0.00216440804997911,0.00186470818489985,0.00197351755761272,0.00186961129488441,0.00200194098417967,0.00197146422976201,0.00186242913164029,0.00196655963991339,0.00202076162862928,0.00170880240593113,0.0016835895798783,0.00154364128783037,0.00117706810547085,0.00133823927766182,0.00135147878178582,0.00132891305442635,0.00101364148807328,0.000869297935543765,0.000894013096797474,0.000806400820475854,0.000691591353589404,0.000346868698434008,0.000144549999857552,0.00036464809302883,0.000126572693713842,0.000112237886678263,4.23855862458327e-05,-0.000233536123971013,-9.90793080945508e-05,-0.000164364010287319,-0.000100457925183176,-8.74704655939835e-05,0.000136253025178922,-0.000403377013568531,-7.6182771451983e-05,-0.000115276427115491,2.96478286246356e-05,-0.000169539679409734,-5.28392449752407e-05,-0.000238688967739884,0.000311548558889732,-0.000186840212746282,0.000129166492956187,-7.51425256547362e-05
-0.0101865665997508,-0.00989559083218089,-0.0103280679969229,-0.0103523489723186,-0.010145638935092,-0.00989750357223077,-0.00984813650329467,-0.0100183787083354,-0.00974385024109138,-0.00979950116111715,-0.00955649575255721,-0.00976665931276612,-0.00958136616618441,-0.00929572153912222,-0.0090841780973203,-0.00901809166611744,-0.00861878082925156,-0.00859083007306793,-0.00808904486722064,-0.00831718378590247,-0.00801163411080765,-0.00774292052275772,-0.00702157378184747,-0.00647767045638923,-0.00603374437692039,-0.00581160135499822,-0.00510294504156971,-0.00450621452582398,-0.0036785517584737,-0.00346638026900188,-0.00254499262870923,-0.00168572252922334,-0.000875543428413144,-0.000246386558207629,0.000200857353788187,0.000527040249012455,0.00107148363810516,0.00153744976627681,0.00187893527872191,0.00187000533339087,0.00216484207497282,0.00204866470974797,0.00224974033352111,0.00205544043192853,0.00225143397294657,0.00234304461882902,0.0020737838422468,0.00209671851037474,0.00228473887910984,0.00200838077314065,0.00192070508641697,0.00194395017424733,0.00203119572697394,0.00208895770641018,0.00219969088405377,0.00217067477247889,0.00213864779099546,0.0020441305637472,0.0020903466994186,0.00223067800387041,0.00222734076536218,0.00202241623245717,0.00185262797428221,0.00236333801138039,0.00211320513264839,0.00174758592736237,0.00199258976304608,0.00221787297555363,0.00213195165296255,0.00220487725048176,0.00221056313382663,0.00190857138449038,0.00202265527408044,0.0018330595101329,0.00206107613674285,0.00198024668397541,0.00197040990228057,0.0018140717275906,0.00192129553916991,0.00199422535409664,0.00196281762025084,0.00142883955861594,0.00181113341610465,0.00187717398756875,0.00156381720216777,0.00156981490215185,0.00164093141475915,0.0016525424322651,0.00131627215618884,0.00163963738145389,0.00127314894803954,0.00110905579094584,0.00136247466980784,0.000928738302813387,0.000852020208101396,0.000783605150421846,0.000542573810712498,-6.61329393436929e-06,0.000637908891688943,0.000281665470724288,5.18558783031758e-05,0.000226400599544735,8.85757706928962e-05,0.000167086814907838,2.54605359875969e-06,0.000274358753207304,1.28986951147531e-05,7.66963837790645e-05,-0.000236106678700594,-8.28516929073403e-05,0.000103202649645237,-1.26089437917567e-05,1.21833534598199e-05,-0.00015194405579899,0.000181822398382226,3.63217850827901e-05,2.21625026417686e-05,3.47439846041704e-05,-0.000268600079752312,-0.000255346646288662,-3.55819555224847e-05
-0.0110636835296999,-0.0108440983663087,-0.0105540583189497,-0.0107267145220038,-0.0104169137647359,-0.0104652979195762,-0.0106138823481051,-0.010671898041578,-0.0108412316695595,-0.0101748044076303,-0.00980011463338723,-0.0102577670248267,-0.00991975210377883,-0.00978827501957177,-0.009832593990922,-0.00967356062582975,-0.00956935459152628,-0.00916232371400977,-0.00885941774800664,-0.00851289142521698,-0.00863891929158742,-0.00802777173407455,-0.00771298748925854,-0.00701892206200201,-0.00661458580830806,-0.006583009484216,-0.00536344225369084,-0.00484983140268074,-0.00426949718766459,-0.00350668148456963,-0.00293138515327485,-0.00166860588885102,-0.00149975390324283,-0.000649068777138483,-0.000476938179961252,0.00050753474036788,0.000837284621254987,0.00107994180841188,0.00175092411222456,0.00166665002580214,0.0012646434477746,0.00178925453890913,0.00181948105787603,0.00211763712042133,0.00172897990189541,0.00217852241377834,0.00175809814765327,0.00174832949273453,0.00169350982291311,0.00222305499428647,0.00159731869082521,0.00186062854706559,0.00211988670826521,0.00189278582848442,0.00206996483841211,0.00183933419690135,0.00175823849903396,0.00190222498233876,0.00189985552441307,0.00187648690651875,0.00170775157824503,0.00166255644696032,0.00188731206553128,0.00173154908247111,0.00161526056200403,0.00207970172023098,0.00155745684617919,0.00178484316801702,0.00189859763913913,0.00195250037844586,0.00168705774173457,0.0018407035228752,0.00162610207799399,0.00174739166197461,0.00183416799916065,0.0019941927436679,0.00173950948692533,0.00161565149383735,0.00128666386218325,0.00152467619379362,0.00148102056540521,0.00181043939912056,0.00151519122218684,0.00206102650938232,0.00174297255215349,0.00166433293114324,0.00143249361834546,0.00158498725942986,0.00125393160265258,0.00116571777171734,0.000921006315223218,0.000947771261486057,0.000931148213887599,0.00107787501832049,0.000866746338927434,0.000787174581615442,0.000500124292998493,0.000554513465255344,0.000452318485781178,0.000613400669935255,0.000204699776724877,0.000100066879233482,2.60349940599925e-06,-2.30302423665823e-05,-3.30852387636851e-05,1.67114046979898e-06,-0.000252773454239519,4.81560550441081e-05,0.000238989659071091,-7.08778968717481e-05,7.16595479777607e-05,9.15618677678843e-05,-8.2356410191723e-05,0.000238907084401473,4.17394901574614e-05,8.4212643333156e-05,-0.000177740204555331,9.67702204586819e-05,-3.33794313753547e-05,-0.000226695804880588,-0.000319314542140262
-0.0115909939719056,-0.0113437609281347,-0.0113611634661322,-0.0113101346447803,-0.0111061959165554,-0.0114913248047329,-0.0111405252876636,-0.0109017787984159,-0.0107925216068777,-0.0109973380858524,-0.0108116152519228,-0.0107697805620143,-0.0105413369874937,-0.0103720473660118,-0.0105041958900541,-0.0102447492810249,-0.0101563621773524,-0.00975243308894527,-0.00959073041578175,-0.00926689563886541,-0.00905523392243073,-0.00829855632662238,-0.00823789687199116,-0.0075554851725584,-0.00720307817345013,-0.00655919068356565,-0.00577477131785368,-0.00506788062084677,-0.00486767868586183,-0.00385052845096638,-0.00298310907980965,-0.00229958981595058,-0.00175271725046414,-0.00117357112250756,-0.000370139860130856,5.75741396642892e-05,0.000430107940441647,0.00110483608781252,0.000972707770598064,0.00143893745653941,0.00148912804126629,0.00126209850335659,0.0013237272202767,0.00168036366526457,0.00128679988783694,0.00195974067063482,0.00150408682428204,0.00148309270433647,0.00164888414780339,0.00145127565396104,0.00188595041099414,0.00149090489363642,0.00159733141998784,0.00126044463671715,0.00177784211634855,0.00131633227816635,0.00165066301080213,0.00149873149823523,0.00185392987438492,0.00154906732842703,0.00158921379982016,0.0012440730087372,0.00164241953161626,0.00155339638672467,0.0015895782669797,0.00127409388080798,0.0015937815608062,0.00161932999306402,0.00152925441170709,0.0013458106987609,0.00157912393087881,0.00162328459236476,0.00180797074848519,0.00165897216320065,0.00162086864627238,0.00125219660563792,0.00156514343623859,0.00144743259407082,0.00164605732143738,0.00158724600109172,0.00139245090454133,0.00121394241699468,0.00141713650969803,0.0013789832940921,0.00107266030569398,0.00116661456677262,0.00138615803615004,0.00166349214810192,0.0014183920431165,0.00104215196547461,0.00101092310000758,0.000815154439558687,0.000764753663472799,0.000813248133096421,0.000593952238700059,0.000619916834575081,0.000579540557846074,0.000483289037929818,0.000155530292746129,0.000216036810278247,0.000125145025481913,0.000165817023488419,0.000369380170917673,0.000132181599835904,7.49459766870168e-05,-0.000203636939896048,0.00026342377925719,0.000243372087437227,-1.19019118158176e-05,-0.000214286791482562,7.73171120273668e-05,-0.000138022906487468,0.000117499270795118,7.75362600059781e-05,4.89687651910522e-05,0.000264773821724388,0.000171338912704083,-0.000282876479115087,0.000291957319924622,-1.66954041705414e-05,0.000149417973914879
-0.0118716562489729,-0.0118778681599905,-0.0119410614285029,-0.0117337010904127,-0.0116111845719235,-0.011631435269353,-0.0120139265054435,-0.0114736605794024,-0.0111712661341655,-0.0111677033543001,-0.0115800478933224,-0.0112860576102068,-0.0112828168009793,-0.0111048537602391,-0.0109036710837388,-0.0108060884233373,-0.010378403167797,-0.0103399468141935,-0.0100565198422769,-0.00970376010105701,-0.00946821309634276,-0.00889922441697503,-0.00831444794493863,-0.00820292796212513,-0.00754194076997247,-0.00713737950053875,-0.00626083037587435,-0.00557177885929691,-0.004948581530525,-0.00437857276098416,-0.00350297119439601,-0.00259476046028921,-0.0019224684454788,-0.00153847620767901,-0.000739249639126805,-0.000141724846132056,0.000150224231287339,0.000682816703410315,0.000737460332991635,0.00110429905900066,0.000943603649088159,0.000928907224351812,0.00138651137501398,0.00135826205799143,0.00122324381331163,0.00127773895674979,0.0013304079428568,0.00135119562629583,0.00149952757719475,0.00157162104699693,0.00121228006128042,0.00129996150574486,0.00139470964697474,0.00136446233602285,0.00138663249597487,0.001340457007268,0.0011663174733417,0.00134176089609893,0.0015231238983808,0.00129974965801719,0.00128545318098223,0.00127772379685072,0.0013040282120737,0.00134980492187903,0.001613842426748,0.00112333326265579,0.00129443294352766,0.00146283886627543,0.00126748329868665,0.00103142747553205,0.0015142446157383,0.00117550204413517,0.00175251576920338,0.00149700830581616,0.001372142356982,0.00117850298273757,0.00129713580784103,0.0013416369201245,0.0014065061578412,0.00123605585504217,0.00110030363877717,0.00121397214754859,0.00121238086119499,0.0013206923119714,0.00144947768315113,0.00110589926218157,0.000942420254579229,0.00102822916851235,0.000719725406886809,0.00112706203458842,0.0010496317156517,0.000951170695468209,0.000849666084088898,0.000802956340152852,0.000509424942325007,0.000522347568077857,0.000568009904027312,0.000378936243915692,0.000427979301345806,0.000515245915770207,0.00035271842774846,-0.00010496112175996,-0.000193598221414601,0.000337787839863008,-4.3872749436142e-05,-0.000105419459932465,-1.65302737782962e-05,-0.000112965354449229,-2.47035876112421e-05,6.40720695574656e-05,9.7406736027081e-05,0.000198707908323554,-0.000262737166286443,0.000109929767913429,-0.000119847567026929,2.89953373187205e-05,2.55514341195906e-05,-0.000216754981868736,3.35991152852817e-05,0.000265886177567391,0.000135565655420157
-0.012156822806006,-0.0122140843339866,-0.0124291438399303,-0.0123119393469123,-0.0125049643946254,-0.0121868231149695,-0.0119575568575373,-0.0117072864533857,-0.0121222365988417,-0.0119134076024159,-0.0121003151427335,-0.0119235694053842,-0.0115899238642486,-0.0115596801433116,-0.0114075998802363,-0.0111813481674725,-0.0109238981847819,-0.0108046286214298,-0.0102162605129658,-0.0101088110218312,-0.00955878139635983,-0.00922170891492846,-0.00894897598384119,-0.00812121340224885,-0.00774580541624938,-0.00755753874478891,-0.00689387504354417,-0.00614385843676555,-0.005124046406609,-0.0045886176235766,-0.00374990610033102,-0.00305565568503285,-0.00225197639160821,-0.00173501543694407,-0.000797215248280871,-0.000509854715226769,3.96701385795506e-05,0.000675133721783368,0.000686758748154023,0.000899534906400131,0.000944408290077706,0.000921959558466015,0.00120223186941319,0.000929859401788326,0.000936396940570629,0.00106649687800394,0.00117981625204703,0.00114409931064969,0.00100488951036175,0.00121740846001686,0.001250269864806,0.000969210563129554,0.000809341403805248,0.000828352440290677,0.00131365657517079,0.00127884051449901,0.000984245206229195,0.00069456228875469,0.00113861727743467,0.00079717329662851,0.00131741020016984,0.00105465667761557,0.000819571914441866,0.000950852371560369,0.00108686479583763,0.000827250467468974,0.00122718360102428,0.00121008422849492,0.000934681410026258,0.00119618664010444,0.00127985316341065,0.00124861237284614,0.00102434380061017,0.00087871114995825,0.00102265974465351,0.000696476562588152,0.0010717055399969,0.000964539003851438,0.00105580833139605,0.00108772581627932,0.00132062075537558,0.000684387017133908,0.00118131119143453,0.000647674909803804,0.00109750202595509,0.000907679791516782,0.00127894243305505,0.000871738366485078,0.000726103336554006,0.00126086642213148,0.000488451521440657,0.000619586841259437,0.000411759343877865,0.000649855892808737,0.000766582038703825,0.000538290271673031,0.000770045730517741,0.000365382103296824,-7.71860535357519e-05,0.000137003207694664,1.70819045033351e-06,-8.01638713139745e-07,0.000352409439549875,9.73177312645462e-05,-0.000103879113512233,-9.36228451863831e-05,0.000122960369413685,8.17821735590463e-05,4.13365232190238e-05,0.000208631067588756,-0.00012220682414205,-0.000337460991112963,-0.000130104292242434,6.53225039958565e-05,0.000157744674748401,-0.000372851629431311,-0.000346026044742762,-0.000168832215067082,3.15436329046465e-05,0.000258000476150743,0.000135577737395674
-0.0129889602450174,-0.0128214303230478,-0.0126280872159068,-0.0126856368285088,-0.0127747813454491,-0.0124663216814696,-0.0126747636664062,-0.0122295645867718,-0.0126156447002543,-0.0125963442367944,-0.0124057590643072,-0.0120354077384402,-0.01179137673175,-0.012183068186474,-0.0117891596889621,-0.0116406886577109,-0.0115081763221671,-0.0110688449371691,-0.010720331421925,-0.0103547603881575,-0.0100911269772354,-0.00983629277063488,-0.00957122518526281,-0.00866204659896043,-0.00850779996762474,-0.00792889422977218,-0.00720329167038072,-0.00671184641417336,-0.00567122117358904,-0.00474527172775276,-0.00433739870369842,-0.00337709227417371,-0.00229761996606749,-0.00206160033348491,-0.00117533951114431,-0.000576518395212543,-7.90389161908445e-05,0.000462567644704891,6.75693923182073e-05,0.000429508122155807,0.000961199540849034,0.000937643038637951,0.000496329710961921,0.000778003636331406,0.000675217414695242,0.000701939736075897,0.000808724891995603,0.000789869971395553,0.000913190911333467,0.000668867876617376,0.00103524150043037,0.000804829360438039,0.000870827237980099,0.000983666229259478,0.00102987523729975,0.00102230600486506,0.000953645945267389,0.000738562701900047,0.000943273146501481,0.00124581034895354,0.00101072617011997,0.00117499641779829,0.00109163503767381,0.000380135819319596,0.000990682124536184,0.000780077116494424,0.000943226934419686,0.000934439349034921,0.000605576681194786,0.00098202198853358,0.000772261355590997,0.000678558043436782,0.000971674671162915,0.00114759453652447,0.000481218580905626,0.000702290588886675,0.00109229673789554,0.00103063352560135,0.000882605188825835,0.000790130047652673,0.000941849443651795,0.000874180400142956,0.00111703727934563,0.00110005268964812,0.00078485714551527,0.00108495340047449,0.000594131950033494,0.00109477494624481,0.000720865026129482,0.000722516376870188,0.000794074133962507,0.00064862281768618,0.000617584234668932,0.00077282269141828,0.000516328354334453,0.000620586552222813,0.000380420662930814,0.00056187183595315,0.00038565816937869,9.86255540563278e-06,0.000141594506737231,0.00019598339799731,7.98959919894802e-05,-0.000368309088274455,-5.77356298955946e-06,0.000445396051103009,-0.000104904209469048,0.000294591062594349,0.000110257209870538,0.000163729096171948,-0.00012333257085242,0.00012209535301622,4.78213983030243e-05,0.000230666353429863,8.62939343859163e-05,0.000221319800088784,-0.000290518658984364,0.000157559254598144,0.000160842984849693,0.000139154714222941,-0.000267779774294445
-0.0130003171566612,-0.0133241526202375,-0.0131383823711239,-0.013327686806005,-0.0128932940770491,-0.0131394329907173,-0.0129477598568639,-0.0128607975361591,-0.0127391592007641,-0.012947253660951,-0.0125866265443859,-0.0126968726443268,-0.0124676559222015,-0.0120410544529211,-0.0121831848331481,-0.0117895651028344,-0.0115061228170534,-0.0113921619991201,-0.0114020368571338,-0.0109668292161046,-0.0107603740123319,-0.010116939034939,-0.00970566048935438,-0.00897838243775388,-0.0084779873350969,-0.00802572159765979,-0.0072856445717784,-0.00679978030662562,-0.00574781128178704,-0.00546921708283697,-0.00429389604702776,-0.00382208687613023,-0.0029622830300579,-0.00214402954251991,-0.00142098674808434,-0.00083592552257044,-0.000430658173130649,-3.87787469161609e-05,-1.45196145274199e-05,0.000189737345676185,0.000331338404972579,0.000449672082210455,0.000845458382779811,0.000601128962199846,0.000743107105688812,0.00069559248993557,0.00041356250216104,0.000574927700445789,0.000549693814934038,0.000897069759261706,0.000527884849584466,0.000550925973034039,0.000393586036713873,0.000562237691367212,0.000496162903717395,0.000571922780524659,0.000472293622057626,0.000531598397825297,0.000600338841162347,0.000702570533595396,0.000652031518316726,0.000461209225685066,0.000626857039486843,0.00064083015747489,0.000538888670137535,0.000473677300224804,0.000791606906801667,0.000903927596641141,0.000557339521880476,0.000675654053010588,0.000624229327098546,0.000851764557207091,0.000664182777071444,0.000931512833608797,0.000545659689858295,0.000692724011761877,0.000704925223485662,0.000295485484023929,0.000386733704218844,0.000566366231845078,0.000751888407247297,0.000943876209292474,0.000542889119498479,0.000687891014881697,0.000541036354270783,0.000820939027312548,0.000713371861959811,0.00078305078367246,0.00106568992531297,0.000974766913982331,0.000799843356617016,0.00070853290873699,0.00024421319339371,0.0006189756372945,0.000379882498532199,0.000606736636807926,0.00064456482199188,0.000306292533657175,0.000373939629183574,9.0800059558252e-05,0.000118344623758119,-2.71210967015263e-05,0.000256105449387228,0.000316709988612173,-0.000151795490808063,-4.62136830612136e-05,0.000268117956425084,-4.70657456802559e-05,5.70502832311776e-05,0.000335839499172223,0.000262678629908177,-0.000210343694915207,0.000109158345715068,-0.000229081094788022,0.000143989833036267,0.000221071449144764,0.000110320363162307,0.000257801175590056,-6.37776634296345e-05,9.25284372379028e-05,-0.000112731337087316
-0.0135776981903288,-0.0135889527314557,-0.0136359992369297,-0.0135695425762382,-0.0133533274439651,-0.0131481320158962,-0.0131754205092599,-0.0133371261763209,-0.0133550851163721,-0.0131236276795123,-0.0131516688146571,-0.0129667981113967,-0.0128464692428654,-0.0125120541911884,-0.0126241460634218,-0.0123467867968998,-0.0120739251675989,-0.0119224000903838,-0.0117870265827428,-0.0112361117509983,-0.0108312498128849,-0.0104825104659906,-0.0100129703710862,-0.00963880763944426,-0.00879020978137615,-0.00831850893420914,-0.00769464192091125,-0.00699635776820809,-0.00632944741170025,-0.00550836924789559,-0.00471804914398032,-0.00384836950306312,-0.00315405089911881,-0.00260593465330585,-0.00165226403025521,-0.000869303427818933,-0.000811265607143068,-0.000602692455135512,0.00010686397720341,0.000341847853407089,0.000135484756964901,0.000494589160165083,0.000600701441637189,0.000627411628193941,0.000469969017541704,0.00074576562311438,0.000398642558801812,0.000364873997024464,0.000443650496280009,0.000329885310283027,0.000577997701605599,0.000527316622703249,0.00039466186813974,0.000512423791497342,0.00039378081029687,0.00088257800827289,0.000581058401851591,0.000314052262509893,0.00031494730316666,0.000385956197183479,0.000421982076022965,0.00039276505900487,0.000219132382049145,0.000714462007071374,0.000398167819784855,0.000252585563921789,0.000259622454913501,0.000593056755096646,0.00045520819906324,0.000598362433281027,0.000193910834908674,0.000595492488155379,0.000615255963134253,0.000441873893686223,0.000445301865361453,0.000605864007615856,0.000179868871418697,0.000548044068269943,0.000668363405658867,0.000477282205718188,0.000731151237870594,0.000518522241845482,0.000758670491092294,0.000814244099421001,0.000559967946809586,0.000533364177283384,0.000464580426434229,0.000684043222228295,0.000733844116313619,0.000473884275973281,0.000741747188172017,0.000579306271777345,0.000653636191635097,0.000556489824335523,0.000176076338152943,0.000486750100925596,0.000118544817389928,6.37652262017117e-05,0.000420304353138007,0.000413251577667545,-3.42419832030213e-05,0.000101817474483702,0.00031729869745074,-0.000130971563451064,-0.000269262367636202,0.000379157789954974,-2.59908206171155e-05,-9.42262512838499e-05,-0.000145053510180101,-9.23997502864257e-06,9.6489709317178e-05,-0.000344515258232509,0.000148798270238267,0.00020097110344564,0.000155458884698765,-0.000189981074675731,3.77426899602782e-06,-2.22638507096453e-05,5.08828968609077e-05,-0.000160368982784196,0.000337708385763456
-0.0139989566108962,-0.0136415474419835,-0.0137086179681239,-0.01372252687392,-0.0136408635647504,-0.013457974959478,-0.0136374087910174,-0.0134694871652977,-0.0135202846303521,-0.0134601869015554,-0.0131601957111003,-0.0132234082441998,-0.0128977597667673,-0.013060324880508,-0.0127117731181552,-0.0125849402442934,-0.0123484625563279,-0.0121864834317108,-0.0119639035036416,-0.0118474570897128,-0.0114472943126585,-0.0105870425168057,-0.0103166292692671,-0.00999132565959087,-0.00908644342583867,-0.00848526462810113,-0.00794440434566924,-0.00707398205625557,-0.0066815458807349,-0.00567621184618721,-0.00498528381936551,-0.00403805741489902,-0.00347597074927487,-0.00244221000880011,-0.00194987790899364,-0.00153926605693695,-0.000825841433574627,-0.000513792675246906,-0.000308578051272963,-0.000108834504184294,-0.000127999912267024,0.000262924722085906,5.05573047744448e-05,6.34964039519005e-05,8.38851098971461e-05,0.000273142037487888,0.00037476922926575,0.000239190753972642,0.000346432305050795,0.00042365209831592,6.07780036331729e-05,0.000232318100688054,0.000264813959305144,0.000337076421684091,0.000217768580664514,5.43899688913523e-05,0.000201030412989562,0.000296628042994535,0.000317908613011718,0.000276067121656806,0.000247626847324974,0.000120801311195475,0.000367835510048122,0.000144786412325666,0.000253310268824299,0.000370820401801147,0.00027260972874966,0.000227004588061982,0.00026597213065184,0.000446463179419919,0.0001913053666114,0.000492616684153583,0.000215157630232121,0.000244929834446963,0.000570215456118875,0.00041565204430087,0.000429373409584018,0.000453381261059554,0.000472246357519642,0.000477114609525248,0.000522269596015397,0.000439774566854189,0.000579078651617803,0.000354757824355684,0.000387027969090303,0.000654150464413789,0.000697814655235339,0.000557087764441787,0.000442990828379681,0.000554668813902357,0.000304094354321702,0.000467743722594387,0.000409959079939033,0.000750296611388335,0.000482871997203791,0.00018781020490883,0.000171854195661664,0.000260394395720646,7.38564221291175e-05,-2.85912705177683e-05,0.000245386563005301,0.000139291701940884,-3.66729650593807e-05,0.000148278578313192,-4.73922237865851e-05,1.30127980065029e-05,0.000205056088472347,0.000181265523294425,5.74073131925048e-07,0.000170940701615088,-5.5141626087281e-05,0.000166927910256164,-5.95972931043706e-05,0.000256165219442679,9.75330507035773e-05,0.000208610180381134,0.000387299814886666,-0.00011712127779161,0.000209951285414425,-0.000260755951613582,-3.65659524341152e-05
-0.0136216118125584,-0.013540628448864,-0.0140154362994152,-0.0140324729457772,-0.0141318962443281,-0.014263700353164,-0.0138799625695409,-0.0139966083557397,-0.0134681254058304,-0.0137224599494771,-0.0136633177984351,-0.0132637629326593,-0.0132559707298556,-0.0132484731088555,-0.0131334438778101,-0.0128523656836732,-0.0125145018430558,-0.0120531082412156,-0.0119976959293994,-0.0114997526944653,-0.0113000347126516,-0.0110840659667461,-0.0104275238378811,-0.00981397406022125,-0.00975000365228404,-0.00887662656452223,-0.0079740990051898,-0.00715428502281329,-0.00666187988422678,-0.00584967507526681,-0.00531257450042669,-0.00415826803385197,-0.00362435217884428,-0.00252080931789985,-0.00201199969488417,-0.00157289117854663,-0.00115104902619911,-0.00095970882190978,-0.000372417972813749,-0.00012743228256618,-8.72696275602028e-06,-2.89728435309464e-05,-3.76122943583509e-05,0.000265332786662635,0.000106550169532192,-0.000151560529945891,8.97311595899112e-06,1.26187315980248e-05,-5.00521766595033e-05,-0.000256716946186588,0.000385846823773047,-0.000202249222461363,-4.09322357763246e-06,0.000155656924635944,9.98843325486981e-05,9.14319015180651e-05,-0.00014956372692107,-0.000180997681296723,0.000364521767787582,0.000342580767534192,-3.80931197727732e-05,9.68994589365277e-05,-2.74476266097231e-05,3.66659241764005e-05,0.000253213391387839,9.33352232160589e-05,0.000391041905258845,-6.96182623021755e-05,0.000111450752775338,0.000250175163366675,0.000269540994649263,0.000528029648683017,0.000366738657763539,-5.36422367541564e-05,0.000164999721969429,0.000143782843118027,0.000251495063552423,0.000307592408909961,-3.60624134394577e-06,0.000459717580321569,0.00021153628277178,0.000158981194043973,0.000345460244465502,0.000538234566400913,0.00036162328701809,0.00035524459774492,0.000335451366369458,0.000390697266430533,0.000440960272422022,0.00033964433339022,0.000708942013891639,0.000433906518264438,0.000507898879989633,0.000186343058154114,0.000285425450756954,0.00035354837972299,0.000434486000599661,0.00022604267665274,4.86988034870003e-05,0.000380244013615412,0.000317738745686013,-1.52115661604802e-05,-6.79890276170461e-05,2.04879202732698e-05,-0.000115189367934685,5.5804539295007e-05,9.76637055726014e-05,6.38082380731688e-06,0.000179771655293587,-3.42829447622275e-05,4.73654165218474e-05,-0.000228898027210741,-6.92920095045519e-05,-3.94779525081267e-05,-0.000130678780649456,-3.67276505152637e-05,-0.000119171116358416,-0.000126484054179058,0.000122336380204168,-9.57819543491347e-05,0.000178623627071864
-0.0140872360992176,-0.0143372644858461,-0.0141343495937039,-0.0141164734279234,-0.0142251216213589,-0.0142392229631681,-0.0142647203043496,-0.0140129908791594,-0.0139421912915901,-0.0138404483043145,-0.0138226595192151,-0.0133468822243423,-0.0135578267884509,-0.0132011806382275,-0.0131003019897386,-0.0130239407808021,-0.0128116104209839,-0.0127269171450539,-0.0122229398973428,-0.0117859406739993,-0.0115284474382628,-0.011208254506741,-0.0107416653363568,-0.0102662576802139,-0.00959090740916494,-0.00902440685052355,-0.00830106770950239,-0.00743980186889942,-0.00691425271762026,-0.00580011733592237,-0.00535722617770831,-0.00443893562689846,-0.00378572746602783,-0.00295934377584068,-0.00258144640236712,-0.00178798262878226,-0.00135409817285002,-0.000830638172924064,-0.000553954208763637,-5.49654227869059e-05,-0.000358271063756959,-0.000157641901453259,-0.000150078265197801,-0.000415619847986114,4.38542209450791e-06,-9.19253156206204e-05,-0.000161485932023929,-0.000154298454586589,-0.000282774778919773,-8.50354840526644e-05,-0.000245140927696244,-0.000163047150855941,0.000159679338053615,-0.000136805787492321,-0.000214379826379164,5.01563204844468e-05,-1.09572978108742e-05,-7.79512917649804e-05,-0.000138010730849707,7.65431491447178e-05,4.543502080385e-06,-0.00029220554163893,0.000157516263675347,-0.000244169374010958,-0.000257055259597537,0.00019257839022967,-0.000407704870268764,-0.000279923408798452,-0.000263481651205649,-0.000103454478406379,-1.50857259349091e-06,0.000166602182496855,0.000211030709763547,-0.000198332626137147,1.26793586973346e-05,-2.47778244702847e-05,0.000229949385974898,0.000131445157616619,7.10377685743131e-05,0.000290037021941074,0.000308285273305404,-0.000225169069339,0.000179581090620411,0.000169524867752823,0.000519569980738157,0.000382563040031784,0.000484624382702614,0.000266875358323292,0.000391189073499198,0.000187227280155726,0.000701645947484348,0.000543174031326592,0.000436424386100419,0.000228463718968218,0.000432072804505476,0.000373419444508388,0.000503509131562702,0.000372229021250649,1.7359825536882e-06,0.000328980253162644,0.000144235180435275,-0.00020529466878792,-8.96844805790989e-05,0.000282106752951315,-0.000232037327265964,-0.000148833246195468,8.23665141525421e-05,-0.000145840687738048,0.000111149143274514,0.000180945659686289,0.000238669535837983,7.33127870463732e-05,-0.000209630664762871,-9.54917890668802e-06,3.96030418825738e-06,-0.000131008211249297,-1.85418665294363e-05,-7.59806341736886e-05,-7.98304745491931e-05,-6.59656597116069e-05,-9.7388117540214e-06
-0.0144551429394695,-0.0143908016147186,-0.0143341594804927,-0.0142416687489827,-0.0145103070341672,-0.0142019409623648,-0.014575889447478,-0.0140845418141481,-0.0138990432158282,-0.0138755898420574,-0.0137856847961963,-0.0136949384022547,-0.0136253047058575,-0.0138810916664231,-0.0132596302011658,-0.0133036482957194,-0.0131330516232837,-0.0126539368054904,-0.0125269354998804,-0.0119427472314269,-0.0117258490577541,-0.0114182586932105,-0.0109112203561382,-0.0103057368213855,-0.00975145888220191,-0.00920203429469943,-0.008714488821152,-0.00766005296129483,-0.0071885367143048,-0.00620648651654817,-0.00525053642754658,-0.00443602494495603,-0.00376510523309192,-0.00312009500687937,-0.00258920748556716,-0.001503279287909,-0.00133944141255738,-0.000900797933249082,-0.000814152444093137,-0.000284475661871979,-0.00034972095749164,-0.000269901326117348,-0.00015191748264945,-0.000207892265490503,-0.000196838368582087,-0.00039681214134523,-0.000205081546810728,-0.000282659862540568,-0.000185863572053823,-0.000250068705252809,-0.000361521073552926,-9.95202752030012e-05,-0.000376283388484759,-0.000417125206196141,-0.000525551502518062,-8.38566142215459e-05,-0.000180401923763348,-0.000428181568512947,-0.000338901325648937,-0.000258400969588191,-0.000237040214301299,-5.65940160882884e-05,-0.000227851104676323,-0.000341602857722745,-0.000298066382208841,-5.40978431661104e-05,-0.000579388198651334,-0.000320542918983299,-0.000161139517766538,-0.000407549506727932,-0.00037532015466287,-0.000231094386649008,-0.00016839754415333,0.000185106084192583,-0.000111520085923587,2.27570008079044e-05,-0.000132291507459767,0.000141323557391201,9.08277516435219e-06,-0.000175125744894895,-0.000113144893420539,0.000459524440822528,-1.88178465428878e-05,0.000130220422826377,0.00040903561073671,0.000281711008555786,0.000386938457508884,0.000444428260656028,0.00044024963064703,0.000358621406885163,0.000452442529285767,0.000307315898070509,0.000513377652146526,0.000378090345067061,0.000295818638796807,0.000592992883531116,0.000212009095921381,0.000136679683975741,2.62966222590645e-05,0.000198820736689059,-0.000153843624492863,-1.21428293611518e-05,-6.30424524744774e-06,0.000233438069685633,-5.97065472371015e-05,-0.000111267699538286,0.000206401293538436,-6.04005590923784e-05,0.000117627502505803,-0.000215187009975208,-0.00026978361940196,0.000249886648715505,-0.000397474664982083,-0.000292774718792367,3.15817725395108e-05,-8.90093846469863e-05,0.000378775780105604,0.000103651252650048,0.000219157007799917,-0.000211725881265026,-2.64755829821501e-05
-0.014555558480158,-0.0142797694651427,-0.0145964623724354,-0.0144154880219952,-0.0144123265019717,-0.014310736843269,-0.0141054076739473,-0.0143940867937296,-0.0144332406040592,-0.0140308633832035,-0.0141784830159092,-0.013884230779951,-0.0136262963375888,-0.0134635867402104,-0.0132623964330542,-0.0131687556939882,-0.0128147738608642,-0.0127685423833998,-0.0122794712904619,-0.0121483664903413,-0.0117954597814357,-0.0115938208156406,-0.0109839473975361,-0.010343027718116,-0.0100702593154843,-0.00924429936114636,-0.0086211358879535,-0.00819967466993416,-0.00725611233357257,-0.00630233385884922,-0.00579364322516475,-0.00465063297095811,-0.00376327048548008,-0.00322231644502738,-0.00268996256694961,-0.00202577768941528,-0.00154028905452848,-0.00127171903897431,-0.00105947505617538,-0.000713012014815428,-0.000326017603325327,-0.000423051621021401,-0.000534988033958461,-0.000470098906620096,-0.000751340556384371,-0.000334548040999581,-0.000443382679167498,-0.000227905544298684,-0.000315885167535012,-0.000331542287694339,-0.000104632963416535,-0.000139421551405942,-0.000345457443733504,-0.000320270047932086,-0.000172478389374329,-0.000304576272509093,-0.000385785951663459,-0.000601144137962036,-0.000352976776194905,-0.000306500668788078,-0.000315363140673562,-0.000371671915445741,-0.000224293026702741,-0.000289009144805353,-0.000446273329696972,-0.000286119044849946,-0.00028803135618588,-2.62664350898544e-05,-0.000199735349964152,-0.000441118231873921,-0.000511446275625704,-0.000438738492985368,-0.000139054120419326,-0.000140731736657572,-0.000242229446013721,-4.17378801318496e-05,-0.00031513179020104,-0.000129133106329234,-1.04449997253874e-06,-5.62033205757677e-06,-7.47477911492371e-06,-0.000188853734730906,0.000198855432074534,-9.77750705635665e-05,0.000297591955018885,0.00023512442100945,0.000248183253304397,0.000134506070764416,0.000272180844937154,0.000410420485469264,0.00023111144414512,0.000342493147354838,0.000367425531630977,0.000634155438431697,0.000321521941160955,-1.4734687647854e-05,-1.9475572920431e-05,-2.91710056345638e-05,-2.48118022921212e-05,0.000128942842597496,0.000434919646680709,7.97247268068484e-05,-0.000141154659590503,-7.00143418445722e-05,4.91299389867682e-05,-1.95389973690385e-05,-1.82535874182933e-05,-6.10273942305828e-05,1.28458650923647e-05,0.00010959192233597,-2.86861276902619e-06,-0.000163931128392555,-4.06799110967422e-05,-0.000269147686457058,0.000283301475576757,-9.45616413346649e-05,4.75267259281417e-05,-0.000264172218247581,-9.73285201392589e-05,-0.000110800981756851,3.26111973692398e-05
-0.014817481349035,-0.0145329114942202,-0.0144393174532394,-0.0145459042933302,-0.014738222220697,-0.0144971623848058,-0.0147542768879197,-0.0144311450970721,-0.0141552789928913,-0.0140286175585797,-0.0142218251787366,-0.0140987622022747,-0.013796521119058,-0.0138335614047799,-0.0134119540853494,-0.0134915933387107,-0.0131408276550535,-0.0132515292140735,-0.0127423779618649,-0.0123146940101752,-0.0116423532768161,-0.0119132982131916,-0.0106733647215854,-0.0107066288423496,-0.0101697787713266,-0.00952530259468823,-0.00892422330367415,-0.00797784557752889,-0.00712546627890232,-0.00678690036368515,-0.00550855731261991,-0.00476826719319442,-0.00400099262354623,-0.00334414725045755,-0.0025180784185571,-0.00213152127071844,-0.00124942471723785,-0.00112888418850292,-0.00107756296622353,-0.000834870539526637,-0.000633492157670801,-0.00067250814480134,-0.000784338699487256,-0.000952298468618287,-0.000315732784418794,-0.000658837275393516,-0.000474480418921868,-0.00067695102727958,-0.00057487630970991,-0.000368547820078895,-0.000747377195562214,-0.000454995636283313,-0.000448863539933858,-0.000500384891066101,-0.000248695890193311,-0.000516346479120802,-0.000633193856332538,-0.000619401816621133,-0.000484918748233179,-0.000360399159585466,-0.000313333156000191,-0.000301801642363212,-0.000603223023356791,-0.000780880355037648,-0.000278732582970598,-0.00038665526922327,-0.000463401638466357,-0.000274829769249198,-0.000710540127846046,-0.000365359820541148,-0.000361334582154142,-0.000411532668461242,-0.000453099294594604,-0.000288448449055753,-0.000357435901290133,-0.000309866792678393,-0.00024520181454052,-0.000349283182253385,-0.000109777138574823,-0.000305618343989815,-0.000368852547194249,-0.000127600681179857,0.000519355910230616,0.000155486607719638,2.12261041351415e-05,0.000213746046610795,0.000161195919248203,-9.59854820122053e-05,0.000180495853952334,0.000147799182285602,0.000245352724221224,0.000410568641637154,0.000390001914726132,0.000169294523363253,0.000397666823983161,0.000369983861335561,0.000156824438008253,-0.000340186924468971,0.000181600713686474,0.000276443121568692,0.000111092412312162,-6.18819859576716e-05,3.8392999376473e-05,0.000172624905719546,2.1427740374637e-05,-0.000100903002584441,9.51078744653479e-05,-0.000137221635312256,-1.1412853881741e-05,0.000245107702140438,0.000187576763810641,-7.21424153131791e-05,3.41249232604446e-05,-3.26376883386649e-06,0.000185018792975101,-0.000188511850634303,9.36748148667918e-05,0.000186503303147383,0.000155707189436754,0.000118157957972871,-0.000122482325008053
-0.0143973375424322,-0.0146232884411301,-0.0145400199271462,-0.014500751873839,-0.0142516351936449,-0.0141798492660168,-0.0145291816363977,-0.0143468924413901,-0.0141278379188237,-0.0141496624974302,-0.0140268378728746,-0.0140357075440687,-0.0142718549925761,-0.0138880635158688,-0.0134096504737692,-0.0132947279077642,-0.0134103264791092,-0.0128312008749003,-0.0126012845799045,-0.0122799388228377,-0.0117639815534486,-0.0113845148828836,-0.0110092897002186,-0.0106184959891463,-0.0100508166070448,-0.00949981710272275,-0.00855497615802912,-0.00784224590718478,-0.00732272242913261,-0.00659283456489635,-0.00593589194592362,-0.00495175550634636,-0.00406314876190301,-0.0033865196215112,-0.00285294433819448,-0.00215941989453146,-0.00188630076187704,-0.00132915953481772,-0.00100189990703884,-0.000672169448255951,-0.000845746365884437,-0.000750294349130388,-0.000418899959333634,-0.00059997448504147,-0.00057622792559809,-0.000590236289301667,-0.000630196000908931,-0.000554518913566028,-0.000523789929632967,-0.000906824423379109,-0.000397763711264108,-9.92296941756867e-05,-0.000567743047685763,-0.000282105806997177,-0.000367286955232531,-0.000198970522984433,-0.000607336772352235,-0.000570026468799027,-0.00033366755462371,-0.000669222574375616,-0.000731502524893017,-0.000755832525138431,-0.000541035838777376,-0.000525647619819315,-0.000785875075385026,-0.000707351381382091,-0.000652812247420532,-0.000547717184440169,-0.000577072586887456,-0.000632672686528987,-0.000723192090912707,-0.000533815282365773,-5.12210482253574e-05,-0.000235697065270727,-0.00030956555355067,-0.000478124098142347,-0.00045906339651569,-0.000439349807068231,6.08266679828594e-05,5.91293147245851e-05,-0.000338132618210657,0.000132571538131021,-0.000110208670382639,-0.000189135156252545,-5.16471139956813e-05,9.62183605777937e-05,-0.000189143323220507,4.63797034658581e-05,0.000528411895572653,-2.79251183200811e-05,0.000334765506220851,0.000566533484660765,0.000345803121024126,0.000363520438153319,0.0003186060886524,0.00046834612712957,0.000331219311542958,1.39764730947007e-05,-0.000129912473755523,4.32412950473001e-05,-9.87864037160297e-05,0.000400514614425905,0.000391749027160091,0.000195520495962137,6.14342536894448e-05,-3.45427246378975e-06,-0.000209685284687872,-0.000112951957351882,1.58131181946171e-05,0.000231399704095798,0.00010968399685248,-0.000297173546241113,2.08696436768347e-06,-9.48463213002176e-06,0.000343509908706305,-1.50192055056119e-05,0.000144075593954949,8.87597018650054e-05,-0.000145218069352973,-0.000172407885555508,0.000212017651599822
-0.014567226227033,-0.0143653282293217,-0.0144113520262584,-0.0145368986978995,-0.0143946390297689,-0.0144168639735709,-0.0140561689349721,-0.0141547399987035,-0.0140428251964805,-0.0139790708203674,-0.0136311409623469,-0.0141386102336956,-0.0136057388522432,-0.0138327630183876,-0.0135128601035077,-0.0133406539750329,-0.0133474277827721,-0.0129554640888481,-0.0129581713431864,-0.0120344223520288,-0.0121030674946847,-0.0112177139864148,-0.0110669930467792,-0.0105583228234614,-0.00990665376320655,-0.00949649593977922,-0.00886256852756636,-0.0079088944730722,-0.00706320725813451,-0.00668608679608728,-0.00583147278135584,-0.00485468920037783,-0.00414513089204174,-0.00346127338241861,-0.0029085799888613,-0.00226040224324724,-0.00197144524935965,-0.00168699705708717,-0.00118533183842127,-0.000813350995004828,-0.000968553425238746,-0.000644724645970165,-0.000793921185812014,-0.000702415086140331,-0.000931658394749054,-0.000696462508493486,-0.000673845862379464,-0.00058206429367871,-0.000822187943560075,-0.000730680382407638,-0.000622783166166105,-0.000508307395340237,-0.000697550646063246,-0.000495891847566656,-0.000661798591421833,-0.000609148449633332,-0.000722463298408988,-0.000792133319270991,-0.000710662583148481,-0.000529239878231146,-0.000876881673588338,-0.000662049316795757,-0.000710390839098957,-0.000550338792315173,-0.000718748247080511,-0.000653127548853148,-0.000726592410523077,-0.000789998301689874,-0.000680355725197799,-0.000306303338952898,-0.000778824182481624,-0.000822236445512948,-0.000480243991527798,-0.0003347066409781,-0.000452708600004707,-0.000431636067806567,-0.000545617105282135,-0.000544416054741715,-0.000403040590158992,-0.000151575564205594,-1.15712982312109e-05,-0.00030220845818873,-1.93664295524185e-05,0.000168455104717462,-0.000139795815888729,0.000137747122807217,0.000274414881746161,2.76925516091841e-05,0.000423934852085871,0.000184700926430932,0.000304760554716595,0.000217801123994732,0.000453603529738501,0.000425538819093063,0.000223886027702798,0.000139933046498557,6.23549650484866e-05,0.000152164177689109,3.69058674953046e-06,-0.000104087003379289,-0.000240843752359585,5.41618670491323e-05,0.000211443939958093,0.000149463876868371,-0.000262302963456263,0.000228059769678578,-0.000262976648819024,0.000210875162409951,9.33539078262859e-05,-0.000166053867211504,0.000108520173921523,0.000171631661779997,8.86199526354236e-05,-0.000172900240213976,-0.000140058212925737,-0.000122913339321423,-2.27921332414308e-05,-5.06998432998227e-05,0.000455028443201906,-0.000360934869277222,-0.000314844355649405
-0.0144021370847763,-0.0140639166800027,-0.0142731836582877,-0.0141531237696478,-0.0144019542838123,-0.0142687944812197,-0.014159698080778,-0.0141215442659441,-0.0143715281078174,-0.0141461111807747,-0.0137811768695385,-0.0140752554564597,-0.0135825604482166,-0.0137717627206245,-0.0132094080533813,-0.0132745512817988,-0.0132868726981943,-0.0129498673053879,-0.0125941252587286,-0.0122067301230217,-0.0121173655839307,-0.0118243724316726,-0.0111879350114067,-0.0104463657500924,-0.0101016924106479,-0.00949954944651384,-0.0085981366827209,-0.00814055077226584,-0.00720724773334397,-0.0066423977045516,-0.00590206388048957,-0.00486309943693129,-0.00434710583662536,-0.00359254151782367,-0.00289608707894832,-0.00250230091019798,-0.00151983016642033,-0.00145979445590406,-0.00100001441677608,-0.00111326230736492,-0.000726673293321145,-0.000648683801768133,-0.000859937096976335,-0.00076337611786797,-0.000517565955739617,-0.000691457335958748,-0.000722341639365033,-0.000897317772776292,-0.00045642887701552,-0.000862438806466112,-0.00108301513521359,-0.000773019965938942,-0.00088684424861194,-0.00106598621039423,-0.0010682348163964,-0.000959898417283421,-0.00076461752048356,-0.000575162671887989,-0.000756803127509296,-0.0010078152331293,-0.000664170865167876,-0.00110166372032128,-0.00070927611044972,-0.000916317698862535,-0.000935351920191611,-0.000838627089109004,-0.000778717885908465,-0.000700670997769127,-0.000740590662077085,-0.000544928889156498,-0.000565247966643074,-0.000593334643350994,-0.000670039518883763,-0.000477006540507623,-0.000455615118401746,-0.000540748287067969,-0.000890395941049494,-0.000636034454350895,-0.000251532045570753,-0.000408318931966011,-0.000381607913175915,-0.0006456396111765,-0.000174433425235084,-0.00012586651148757,-5.51043608717737e-05,1.15813863301857e-05,-0.000120538827338451,2.63319740268219e-05,0.000214435667794989,0.000425169731879746,0.000336221494641971,0.00017566411851967,0.000140324876650695,0.000259389223881784,0.000305824050671547,1.89488438816901e-05,0.000118356870192307,-0.000150841189183555,0.000151977916197277,0.000280219747808412,0.000162941212940641,0.000167663310646842,6.86990582643661e-05,-4.43227584231084e-05,-5.55801640946621e-05,-6.8142629150688e-05,0.000371482328833615,-0.000200934190752714,2.78436104703985e-05,-4.43681761047522e-06,0.000197052912904708,-0.000128099236240614,-0.000286332260413803,0.000223622910827177,-0.000281453050450981,3.88234093306623e-05,-0.000292188228347852,-8.65793078708415e-05,0.000153656416316151,-2.57334283408706e-05,-0.000106812096521889
-0.0145699604111858,-0.0142722913727227,-0.0143125722683711,-0.0143208586253572,-0.0145625973629765,-0.0142172120125287,-0.0141013221977305,-0.0139617433102524,-0.0138965745430097,-0.0139129104051488,-0.0137805645961592,-0.013513848426564,-0.0135636520230319,-0.0138299193008939,-0.0131475464618682,-0.013245242549558,-0.0128870203783452,-0.0125216334512962,-0.0125266974969277,-0.0118881125254555,-0.0118878553269126,-0.0113917843648742,-0.0107726477407619,-0.0104420549544551,-0.0100432076606098,-0.00925841501073855,-0.00857403716565577,-0.00773441501372148,-0.00732525248806955,-0.00650255190310971,-0.00599403944327004,-0.00502268433442543,-0.00427652541839178,-0.00382944917126289,-0.00294713098027656,-0.0025217223390823,-0.0018190420089799,-0.00159061709139751,-0.00117273271961517,-0.0013236200117491,-0.000917321028826347,-0.00109396542791243,-0.000708791016760574,-0.000685286147350038,-0.00102755741112198,-0.00071995002999474,-0.000396039753895206,-0.000876098381478699,-0.00078940391575899,-0.000696667756452396,-0.000882764222211189,-0.000791349552091777,-0.000985840976271933,-0.000766649427051721,-0.000748075853907449,-0.000969869511645185,-0.000990538105473791,-0.000709402920563421,-0.000885989372543522,-0.000473904807926095,-0.000915573187616491,-0.000739481101353662,-0.00112736439153203,-0.000877130405479158,-0.000657211941087708,-0.000959773075344645,-0.000835201046095081,-0.000665756672179107,-0.0010628441020389,-0.000743547119987074,-0.00108283283045568,-0.000679897395128159,-0.000660931242794723,-0.000425686208414768,-0.000357987085335178,-0.000579635549439633,-0.000400028366319954,-0.00019568609041281,-0.000537624525421113,-0.000519353905402904,-0.000226510367407467,-0.000335673061035341,-0.000255300582199434,-0.00030685073097952,-0.000273740968558276,-0.000240004224648742,6.3943957722545e-05,0.000194455415760118,-8.82781684729031e-05,1.66249351671214e-05,7.80290960117156e-05,8.80202244623458e-05,-3.94019270137681e-05,9.70361251389869e-06,-0.000268446210995334,-1.63442138736725e-05,0.000307385794687186,0.000110572164645283,0.000187050300223361,-9.70928055754247e-05,0.000314281407906927,-0.000136544054253681,0.000215167571894022,0.000251879991121698,0.000148507681445673,4.7245030131059e-05,0.00011432519358137,0.000214936779192098,8.09501315218659e-06,-0.000118386617837074,-0.000289576201042783,-0.000198907406636906,-6.03695929352676e-05,3.75882823333746e-05,-0.000179614285551322,3.01162714338022e-05,-0.000242554308715541,-5.76718821655813e-05,-0.000117091025391438,-9.17177298554824e-05,0.000299368543855112
-0.0142587273270749,-0.013799940881747,-0.013915468316951,-0.0141285397481738,-0.0139466402283767,-0.0139850172295268,-0.0139853410246479,-0.0136839661223629,-0.0138679457042511,-0.0135075577717487,-0.0137362302674926,-0.0131194109500236,-0.0134302899511386,-0.0136212531914064,-0.0133128273221447,-0.0126258533266938,-0.0129519364884453,-0.0127317431893838,-0.0123575969874557,-0.0120250001676573,-0.0118191995347153,-0.0114611092282021,-0.0108431225693256,-0.010378624180528,-0.0097463494685125,-0.00925931062827097,-0.00843013943009873,-0.00765340044275118,-0.0071061536810635,-0.00654269423453297,-0.00551784406574627,-0.00488262299506116,-0.00402926718327698,-0.00338494495369162,-0.00335100864233841,-0.00240403734325085,-0.00193006474536455,-0.00141395718935149,-0.000960900756241904,-0.00125889430947042,-0.000882585118649716,-0.000826716659633814,-0.00102156929356661,-0.00122775131715272,-0.000568780390025861,-0.00121837608690967,-0.00101360384611606,-0.000926138449278335,-0.00111011875351933,-0.000893216520702801,-0.000784844553978729,-0.000800417774575054,-0.000740709518439859,-0.000566913458977513,-0.00100707532971443,-0.000989073084242478,-0.000898482793383562,-0.000677803110852135,-0.000822888847500426,-0.00067887244574615,-0.000794186675790683,-0.00103771156605446,-0.000916190238074633,-0.000516214952135021,-0.000822576946109628,-0.000859180763505593,-0.000869626877901907,-0.00083253987938945,-0.000492769421630663,-0.000656612976108269,-0.000496720931178027,-0.000788657668461973,-0.000835662224659676,-0.000637475518552402,-0.000393985854667747,-0.000824885590019454,-0.000799196677866865,-0.000756820354312765,-0.000951628406291955,-0.000433856141044147,-0.000405245401845513,-0.00036257647493852,-4.94526579838381e-05,2.78043566911885e-05,-2.766319877291e-05,0.000130276029186847,-1.96891629040458e-05,-0.00018752069284329,2.54498366586875e-05,0.000258653512271939,4.1611394646704e-05,0.000441299085080568,0.000204952368568502,0.000158188390326368,0.000113114880799456,0.000458916554481684,0.000317931541493674,0.000197100209609957,2.72816913885162e-05,-4.66809958228729e-05,0.000211016559615004,5.18066921274349e-05,8.90293558284437e-05,-8.81007429449297e-05,9.36190881756799e-05,7.19721194995145e-05,6.34895684395251e-05,0.000204627728668715,-7.98629999779322e-05,3.124350063645e-05,6.07703189355363e-05,0.000153183675394227,6.59451330376005e-05,-0.000123535980823549,-5.47638887814783e-05,1.37315566298207e-06,-0.000232231093539306,7.14967748869782e-05,-4.84048120084803e-05,-9.39211659182721e-06,-0.000132972281670793
-0.014077897826985,-0.0138369666066521,-0.013818565401778,-0.0138231975103337,-0.0138264345775091,-0.0138539249195208,-0.0137155047019489,-0.0135595577946698,-0.0139436886346966,-0.0135697184470847,-0.0136227790084019,-0.013153876113711,-0.013153342803867,-0.0129978112851673,-0.0131456958168708,-0.0127714472849242,-0.0127000933865558,-0.0123949664389289,-0.0120441834636976,-0.0113276323089559,-0.0116087949674576,-0.0111727835213641,-0.010547593622701,-0.0100320771458182,-0.00984974003452898,-0.00924103401011682,-0.00844448636396247,-0.007925978969301,-0.00715948759436949,-0.00632887941672084,-0.00581432763299373,-0.0050361341773101,-0.00422948361853535,-0.00374683303617533,-0.00314131544721552,-0.00215224562736409,-0.00164372714837044,-0.00164003930339092,-0.00133174888613053,-0.00104783136426324,-0.00140511687079332,-0.000937520957762695,-0.000885556378182422,-0.000801544884997384,-0.000646405580905553,-0.000876478503158109,-0.00104304263309463,-0.00143322087618335,-0.000984104160413106,-0.00100106584614091,-0.00061735970894332,-0.000822237223188469,-0.000950558176642292,-0.000782548360519351,-0.000970378051984938,-0.000958730058869257,-0.000407624641474297,-0.000777946135753701,-0.000958040956460856,-0.00106341563723126,-0.000596736750760027,-0.000753891555448901,-0.000590288095082503,-0.000952961473869161,-0.000628667016957582,-0.000714057519082933,-0.000728463122431917,-0.00084932132216979,-0.000714448811345676,-0.00041631741466943,-0.000766128578030505,-0.000614131555456874,-0.00084876697369178,-0.000723846122935907,-0.000536146969263827,-0.000583566679973303,-0.00064443391086561,-0.000457198307741242,-0.000502207854442863,-0.000611368576984644,-0.000439480711366537,-0.000144869237005386,-0.000153737224141342,0.000106389313538879,-0.00017235674815404,0.000129339976027942,-2.69600114703426e-05,-0.00018607015361212,-1.04802556355198e-05,0.000253938474912593,0.00032604881728215,4.28804636699501e-05,0.000307322431598343,0.000115615859874421,0.000131780020367166,0.000356735724734121,-0.000133973072022415,0.000456713511789764,0.0001978061029944,0.000219662457747633,9.47155104076581e-05,-2.44807756173819e-05,-6.18996128717341e-05,0.000215567270444596,0.00024931313161024,-0.000147620142888264,-0.00012215505023095,-8.99166895849752e-05,-0.000128298021435689,-4.36593048702192e-06,0.000105445736721365,-0.000139016753999503,-1.88527537386097e-05,-2.20299741705287e-05,9.21504910655093e-05,-2.08490151886503e-05,8.58783873423775e-05,0.000104471025604435,-0.00028455581495873,-0.000298515584497679,-0.000189526403485818
-0.0138527320083822,-0.013487798575474,-0.0134233867755218,-0.0136858323845625,-0.0137296514920704,-0.0135697393385379,-0.0135453545267782,-0.0134645431778129,-0.0134045014156929,-0.0132137202902678,-0.0132578430483384,-0.0131844916723404,-0.0130126947060325,-0.0126147738138177,-0.0127142142358572,-0.0124557140662427,-0.0124700202633183,-0.0123730276633496,-0.0119442267354466,-0.0115472585290902,-0.0114860178012838,-0.0108365465439644,-0.010545340750801,-0.00995302575608205,-0.00944161390511926,-0.00890048971970584,-0.00868347879077362,-0.00791521031226157,-0.00698602230084949,-0.00649094771602877,-0.00531092910502849,-0.00491051803759094,-0.00404428062282725,-0.00321356340225755,-0.00295442554838825,-0.00238526107589406,-0.00227298885397145,-0.00138010854989483,-0.0013250516529077,-0.00132075184539288,-0.000775299437815579,-0.000846260506020727,-0.000876559434375375,-0.000940555719854254,-0.00125522340005004,-0.000847399068670631,-0.00125199133942959,-0.000925858182496941,-0.000766313469805823,-0.000925014523187648,-0.0011915323588223,-0.00109645022115478,-0.000885732722731706,-0.000744483479963808,-0.000938780225726392,-0.000847966141428491,-0.000736226960590958,-0.000870487482734588,-0.00129344456439241,-0.00097158820259519,-0.000875311134585396,-0.000875597859660532,-0.00113467508973312,-0.000985495765621187,-0.000824358634932539,-0.00114832071211777,-0.000980038969550598,-0.000561788496544291,-0.000939037993755229,-0.000844006421089447,-0.000574123651215217,-0.000948959981061133,-0.000855938842484255,-0.000924737812315078,-0.00100967108442292,-0.000767863479888039,-0.000708998930786347,-0.000786599802358128,-0.000244410017212627,-0.000438871585479408,-0.00036131116281156,-0.00067801605137411,-0.000286694542947526,-2.01252945847889e-05,3.63078031212742e-05,-5.74405178949589e-06,0.000153810641907494,-0.000132165040123466,1.63484115145837e-05,1.49186551125487e-05,9.93493172520569e-05,0.000214420376016921,0.000102921119214877,0.00022407264731059,-5.12310484045686e-05,4.69525610719598e-05,-0.000206076011187189,0.000173725552106734,0.000200190777185659,0.000128759708130988,7.53090140671312e-05,0.000154198727872311,0.000120176984369066,-0.000111389685467704,0.000182811600024023,9.37785403404793e-05,2.68447462005278e-05,-9.03564535988304e-05,-0.000168312828382022,-7.90706419697105e-05,0.00023668481405982,0.000107862849464626,-3.57967455856713e-05,9.61942497865119e-05,-0.000204303661883046,-0.000276543945341553,6.90696588009942e-05,-0.000164463030557642,-0.000141920004637041,-0.000317528943390593,0.000110612386644051
-0.0137731551617099,-0.0131272658072819,-0.0135675931458788,-0.0131073630645586,-0.0133255996036959,-0.0132669115241619,-0.0133120836538142,-0.013214067330053,-0.0130753286804192,-0.0131444515551353,-0.0126745365232094,-0.012626192050306,-0.0125167328927239,-0.0127600343513268,-0.0124847417885368,-0.0123987493237343,-0.0119618510397732,-0.0119650401465727,-0.011630547214584,-0.0113495497197256,-0.0111654487575651,-0.0105872332361514,-0.0106096353501988,-0.00966996643000691,-0.0093979943432117,-0.00874085053416652,-0.00787115105972426,-0.00749915603461382,-0.0069649196581803,-0.00612884624154926,-0.0053343345943588,-0.00474701906497437,-0.00398480037029357,-0.00359660594084065,-0.00303707315799569,-0.00247332937703541,-0.00185918226679888,-0.00164934788863933,-0.00132231563194521,-0.00126486074102211,-0.00102181899104554,-0.0011945540316271,-0.000874160190198061,-0.000665520443239069,-0.000914576579607143,-0.000748685830061065,-0.000893314969572521,-0.00070516826146158,-0.000966752058476667,-0.00107555338490142,-0.000992622072291114,-0.000853077145229062,-0.00065366515840881,-0.000522554235921677,-0.000713285764643337,-0.000954678661334839,-0.000681740349161038,-0.000803789540539443,-0.00121658489619279,-0.000844862864203885,-0.00076414406994345,-0.00062614757814452,-0.0008249873768931,-0.000936537882037105,-0.00116576283483283,-0.0011273257763302,-0.00102271428784078,-0.000769582445718649,-0.00099630004772411,-0.00105979985555138,-0.000662525632923856,-0.000767337272060475,-0.000850989076289684,-0.00067319077102019,-0.000865873870604255,-0.00026770860365508,-0.000547876128708676,-0.000439131217187234,-0.000297555145933778,-0.000427204258786591,-0.000468834683939119,-0.000269779860224706,-0.000508632882097165,0.000116926966171631,-0.000370848255709636,2.71485971074498e-05,-0.000237229100369203,-0.000213749476897117,-0.000206368730874604,0.000355069444949365,-7.8809833174382e-06,0.000158787440292501,0.000157681770663251,0.00026025809555737,6.04795661760658e-05,-0.000168354100760228,0.000216055098579415,4.69842462157482e-05,8.08983643002581e-05,0.000149406453667102,0.000111380295851491,0.000181578534806896,8.53546232378368e-06,-0.000127851560109154,0.000139091775535952,-0.000160725444106194,8.67812517263215e-05,-1.31657233524332e-05,7.99837003341279e-06,-4.93284881173451e-05,-0.000174277981933965,-0.000372127339582512,4.38196432753767e-05,-1.47442854422777e-05,-0.000146802714821659,-0.000225084740319863,0.000122123795084081,-0.000164832308351622,-9.93943873323713e-05,-3.87403264096187e-05,8.65598380633667e-05
-0.0128187974768058,-0.0127955677130716,-0.0129802435708886,-0.0127836756435659,-0.0129464229153381,-0.0128444940933645,-0.0130137599179436,-0.0126915793234066,-0.0127960484549472,-0.0128048182446089,-0.0124702626832447,-0.0125745408736468,-0.012650121143054,-0.0121682012354954,-0.011859254360347,-0.0120175591826736,-0.0117716710916818,-0.0117642471150187,-0.0112810840939701,-0.0111166321887344,-0.0105392487351428,-0.0102472534032939,-0.0100467344897317,-0.00945783971359117,-0.00933969523322202,-0.00892445736085792,-0.00787429831003224,-0.00722191658621094,-0.00682418197824014,-0.00622339723149293,-0.0053222380331519,-0.00474887848133271,-0.00400413135480794,-0.00337139891955516,-0.00278976541599126,-0.00267793344567493,-0.00175278253067406,-0.00162891461908043,-0.00158035552657392,-0.00141709829909428,-0.00088273501179011,-0.00121507706616829,-0.000837761989180071,-0.000858843345058351,-0.000958472316290966,-0.000983836636047752,-0.000870620410466601,-0.00110868373604768,-0.000788962284602111,-0.000847106988235755,-0.000886229504366742,-0.000948191832086324,-0.000604330011979529,-0.000791396168642826,-0.00103409215699005,-0.000829703541803152,-0.00101162926285247,-0.00100240639870799,-0.00103797232848114,-0.000749113425873529,-0.0011118288320896,-0.00126551814204446,-0.000891411443197474,-0.000957445756880775,-0.000882813020372838,-0.00109127446857892,-0.000986324793456567,-0.000914686538873637,-0.000605461155420866,-0.000797882147791984,-0.000809646072150546,-0.000602791019904949,-0.000803906442406448,-0.000838416855261111,-0.000464180462125744,-0.000446418670241245,-0.000731583012229299,-0.0004992605767265,-0.000456165344463142,-0.000302107142979729,-0.000270854768415698,-0.000317826550899725,-0.000165896469811811,-0.000186375236731667,5.23249909965807e-05,-0.0002835477267402,7.18614242230239e-05,-0.000136520552764909,-3.43268161463832e-05,-6.06304868695947e-06,0.000335328647870433,0.000330486129198795,2.87792618879351e-05,8.53754238301472e-05,-0.000113675640243155,7.98393702360839e-05,-6.90935769627279e-05,-3.96830587536197e-05,-3.98930869449095e-05,0.000190991458810464,0.000184416224917664,4.22618389196791e-05,-6.69024566821601e-05,3.91781996403198e-05,-7.06211465813324e-06,-8.21657224044239e-06,-0.000230245728219351,-0.000192325818064331,-0.000460773446998893,-8.29045392208126e-05,-9.19704272592392e-05,1.66527949784631e-06,0.000262931545564486,-9.68561847731049e-06,0.00017404820602727,9.45103950699474e-05,0.000165944992564434,1.94048769080263e-05,2.13285261497907e-05,4.14491151639249e-05,0.000219292360698816
-0.0126266401644431,-0.0124606666126694,-0.0128171267840375,-0.0127586020119863,-0.0124904709945685,-0.0126899829154074,-0.0127764378510122,-0.0123779377310105,-0.0125558440256996,-0.0123086360256937,-0.0122509256610088,-0.0120369846221977,-0.012258419074212,-0.011860596603476,-0.011707511845059,-0.0118364167827921,-0.0112446420545062,-0.0112914445129788,-0.0107940877054879,-0.0109867987731034,-0.0105807150422007,-0.0103028037815753,-0.00993047407456884,-0.00929790914764842,-0.0085889022771799,-0.00812347938906422,-0.00791194812976204,-0.00706649280185627,-0.00689773889668748,-0.0058726407540031,-0.00521888877631649,-0.00499068140103321,-0.00406714899748558,-0.00309341305469542,-0.00277078510333589,-0.0024083914433805,-0.00200544574613616,-0.00163383279637773,-0.00137837241862097,-0.000917181977504532,-0.000764597989835049,-0.00102867541473415,-0.00093667324797206,-0.00100737692457299,-0.00128485309449512,-0.000964790778298,-0.000895835099113952,-0.000813320984509202,-0.00108452925309659,-0.000720252468172468,-0.00102768666491161,-0.000993484639807368,-0.000840346904736224,-0.000732555063539591,-0.00083067094935339,-0.000966955294984752,-0.000910581380805308,-0.000761943147436686,-0.000856409285795444,-0.00100322830898249,-0.000705903187212162,-0.000763635624459844,-0.00102075681253813,-0.000989165654687351,-0.000848366098525702,-0.000743938016992241,-0.000850798841142824,-0.000663379133278259,-0.000503668504805052,-0.00117137967728226,-0.000893228068024318,-0.000827023456754895,-0.0010540743515803,-0.000562622580935492,-0.000793670880524907,-0.000714381563570376,-0.000531129890605026,-0.000266306794945257,-0.000626660265525914,-0.000221694172843072,-0.000686277262768786,-0.000107912472911233,-0.000162131816370231,-0.000288997495727895,-0.000130722451722141,0.000133986107965068,-0.000149975168361126,0.00015674105431631,0.000141517085922028,5.63813755747099e-05,0.000142216463787463,0.000292906819453596,0.000327137009953529,0.000306185505829963,0.000387578597584921,0.000368400526970636,0.000425477138639808,0.000160797069273375,-0.000142652244419586,8.67276625929628e-05,-0.000223363515076961,0.000176581856426079,-2.09467366194784e-05,0.000104058376964099,-8.07189224836056e-05,-6.88294836234527e-05,0.000146390896896556,0.000145392995952262,-1.16252645059962e-05,-5.15599541396664e-05,-2.83527086060673e-05,-0.0001526892640319,1.38976369888773e-05,0.000173045780029495,-3.06627794159253e-05,-0.000170721877235244,-0.000420670311062888,-0.000194691947490813,0.000164408629153836,-8.42127203962304e-05,-2.60824788389091e-05
-0.0122651965900601,-0.0123099298592709,-0.0124624173242315,-0.0119485773563719,-0.0121993926419626,-0.0122995786401629,-0.0124268956912831,-0.0118332858570029,-0.0121215276452531,-0.0114775288059428,-0.0117035034794742,-0.0120774703600569,-0.0116330379956282,-0.0118133851572912,-0.0114092270594455,-0.0113764579719089,-0.0110445328681986,-0.010733382639803,-0.0105534363530125,-0.0103514200922886,-0.0101383518967116,-0.0099475972515133,-0.00921239522331016,-0.00873124983473753,-0.00881012803123641,-0.00773896168751088,-0.00726752972943483,-0.0068563521513132,-0.00636958987588291,-0.00592850197992372,-0.00513338420773743,-0.00437530021164868,-0.00378071109498998,-0.00323350886319234,-0.00301663778713873,-0.002162360383438,-0.00185333582956627,-0.00136548899549404,-0.00147264128163843,-0.00131901686578485,-0.000670401745435379,-0.000775614827469526,-0.000481460989086035,-0.00106949373584158,-0.00107286609606507,-0.000984766396821616,-0.000926071287597731,-0.000735503929712704,-0.0012799819931863,-0.000926872220562673,-0.000965611917694103,-0.000966254830548173,-0.00107490557855923,-0.00080483060817545,-0.000906626038334075,-0.00112437946185329,-0.00101449614162874,-0.000987327124011198,-0.000708349376890529,-0.000864210941545359,-0.000928520076238899,-0.000990443033672911,-0.000777562543129827,-0.000876991407770296,-0.00061969053192936,-0.000931119127630419,-0.000707818939300157,-0.000847759482327953,-0.000924173498908194,-0.000763101301986662,-0.000842643932137558,-0.000493915686470156,-0.000703764622318321,-0.000903781329452616,-0.000424654159551258,-0.00068373310051544,-0.000628351231586783,-0.000393758155403016,-0.000590333721092992,-0.000539749046711407,-0.000422106398944255,-0.000287924375939437,-0.000360927157175277,-0.000127494411585029,-0.000275071777416316,-0.000287002693533772,-0.000106332296197193,3.41328757142015e-06,0.000169448511533718,9.32162616839624e-06,0.000177721209669808,0.00017764495270146,-0.000118064565175986,0.00010803165285807,0.000314648923508328,0.000114421350888478,0.000129168275384512,-1.39260610473159e-06,6.61210338806276e-05,0.000150145636107825,0.000208174593163307,8.49213475395933e-05,-2.37734074790146e-05,0.000346387825107335,0.000110955956398477,3.28592160883821e-05,0.000154743800306265,2.0470121074422e-05,-0.000121678876269405,-3.73518041641401e-05,6.54164269501975e-05,0.000156802280496384,0.000269505309079152,5.44553623443725e-05,-0.000150573588090721,-0.000308576369327153,-1.41516449829904e-05,-0.000315589718965691,-0.000245425947151842,0.00011980967500956,1.87914630011123e-05
-0.0115855638346515,-0.0117141295085555,-0.0118120414831697,-0.0117564181442838,-0.0117163213589554,-0.0115351378261044,-0.0115917508616849,-0.0113748821460272,-0.0115784699461541,-0.011485685859794,-0.0116206924778739,-0.0113458379590662,-0.0112383274869796,-0.0111464401230009,-0.011365862319612,-0.0108486115284161,-0.0107205314095416,-0.0105277314222918,-0.0104781081064651,-0.0101850867081051,-0.0098626395316524,-0.00938376020411266,-0.00886500439129993,-0.00858526873553854,-0.00860842860210483,-0.00780110240325708,-0.00745416409284306,-0.00668566252439102,-0.00604396472169973,-0.00559005319095551,-0.00472279925437726,-0.00428862870194932,-0.0036184881437673,-0.00333904608204985,-0.00255949055920832,-0.00229535424582554,-0.00161986975516862,-0.00121869560969688,-0.00110003739481561,-0.000913173543883043,-0.000926039876121448,-0.00114555168284886,-0.000920473888194149,-0.000969565888929931,-0.000690230121660365,-0.00111505642232941,-0.000846717885105655,-0.000846808972246358,-0.0010284333518515,-0.00089488012126021,-0.00126458897489722,-0.000739263887557671,-0.000902648024021619,-0.000929904033080865,-0.000747827174450589,-0.00118610888541538,-0.00105003491872877,-0.000858203593946104,-0.000774639624690745,-0.00051110011347096,-0.0010017779493426,-0.000830256183352116,-0.000972295915757047,-0.00103690305434597,-0.00057020788192965,-0.000905121941424148,-0.000650274321695434,-0.000690182904323896,-0.000879968596531742,-0.000794295189955789,-0.000761966823858341,-0.00090593415916334,-0.000968243520549636,-0.00060774394321066,-0.000815777257978473,-0.000665274747257864,-0.000414955769781997,-0.000371840307118115,-0.000421875672504192,-0.000606584980816029,-0.000342584010995894,-0.000505541065886509,-0.000251802945361157,-0.000131916774830711,-0.000153895012426056,-0.000155733132620469,-0.000287336564487874,-0.00023866761036187,6.5061348402714e-05,0.000270253382652041,3.21325351127459e-05,0.000221982050243713,0.000376899104241662,-8.06400375298964e-05,0.000680866061495461,0.000266038362816309,0.000343405982939116,0.000323442610929479,-6.73974878937314e-05,1.23946791704565e-06,0.000126607542461613,0.000139185874768614,1.80643568131641e-05,-0.000107691987514239,8.99043338029038e-05,-5.92996084634063e-05,0.000148884397095415,-0.000182252745711934,-0.000247527825901468,-7.15994667333652e-05,-0.000150825916820552,-0.000129750947202179,1.61231540426177e-05,0.000103969044562327,-2.50687379128152e-05,0.000111549324225636,-0.000143652888724334,0.000238586942105535,-7.51873740190912e-05,-0.000306645861845867,0.000159933757127518
-0.0115635073650669,-0.0113974764458772,-0.0117414221888909,-0.0112400002422941,-0.0113870626146226,-0.0113549362957625,-0.0113398035969394,-0.0112929687521769,-0.010902108762386,-0.0112435948961705,-0.0112529850781081,-0.010870647838597,-0.0107489026360273,-0.0109475972429731,-0.0106424166933042,-0.0106100633806803,-0.010228294824734,-0.010253063651313,-0.0100467481411478,-0.00971415812270294,-0.00938104348581082,-0.00914810768162738,-0.00889621821402452,-0.00833124759813801,-0.00813500441432987,-0.00769034858903522,-0.0069515911955478,-0.00643455386032932,-0.00615550650249429,-0.00503617583607755,-0.00449733700949255,-0.00397270526901887,-0.0037212465699625,-0.00281361554584968,-0.00233895058459055,-0.00203840436525987,-0.00159552560866035,-0.00150111158435495,-0.000859941014879892,-0.00122595545166259,-0.000909316928546262,-0.00111034098294821,-0.0010626901993554,-0.000889738857239983,-0.000851001683820932,-0.00102535146929784,-0.000719708654782373,-0.000959927305662199,-0.000806792869585406,-0.00094806820466023,-0.00117537441896564,-0.000544690603030762,-0.000984326109340644,-0.0010374392354688,-0.00085459516189864,-0.000880294952461765,-0.000635520121698321,-0.000786367868668959,-0.000868390730827386,-0.000895431904255757,-0.000752560226146371,-0.000998789270465534,-0.000635871269914765,-0.00109131580924529,-0.000852309881843937,-0.000743985620789877,-0.000898778091123638,-0.000629921778740937,-0.000556416383500012,-0.000505172829109239,-0.000719887677597866,-0.000333239708068461,-0.000568975044595262,-0.000767020353761715,-0.000622759753943848,-0.000459823831441357,-0.000605707475273591,-0.000424496690024612,-0.0006798089268493,-0.000416342677886374,-0.000318659820739429,-0.000375769924856192,-0.000199031807551931,-5.42349798478668e-05,-3.09884136930868e-05,3.20645285705694e-05,0.00023489524597356,0.000105921925106952,0.000316252855767006,0.000132673687379899,4.21950453661885e-05,-0.000167151193188961,0.000250605438399357,0.000214422161271622,1.0081946963619e-05,0.00017984169024226,0.000196978225294971,0.00033130126416913,0.000164119638609028,-0.000110689216684413,-0.000255365326030857,-3.69786313309022e-05,1.00545309416874e-05,5.08645467841889e-06,5.27004803884069e-05,-0.000104253597059855,3.78701580962598e-05,4.75674012286273e-05,-1.23036714012186e-05,0.000219170315377087,0.00013493560368928,1.76860277976472e-05,0.000134429328880565,7.32889045628954e-05,0.000189823398474156,4.54746054665733e-05,-2.24380610402383e-06,-0.000265090131441027,0.000147814480598049,0.000146564365938454,0.00023805292160816
-0.0111274187151728,-0.0111889920642545,-0.0110471673445518,-0.0107858960039176,-0.0110659980488349,-0.0111289215018536,-0.011116583218724,-0.0107891821364726,-0.0104077575968929,-0.0104077903159608,-0.010734743990323,-0.0104064273670958,-0.0106536477324107,-0.0100950259526282,-0.0102510408996752,-0.0100470231355746,-0.00999742505471947,-0.00963153307802898,-0.00938679891692259,-0.00929975751774504,-0.00908967305921186,-0.00878802413346185,-0.00818641073364265,-0.00800521048687656,-0.00788170437236089,-0.00734187755817909,-0.0067453306938014,-0.00592286286076086,-0.00589463684228001,-0.00490451129012981,-0.00463462301413091,-0.0037748686322665,-0.00350183366004509,-0.00295314507203132,-0.00238155061047963,-0.00197791787979927,-0.00187520654981131,-0.00149665619140185,-0.00110243698919307,-0.00130878453071332,-0.000801412598310119,-0.00104964438118406,-0.00091662718971053,-0.000812354380807362,-0.000903822289288804,-0.00087308679093398,-0.000823366899172982,-0.00101673259074764,-0.000872952241802969,-0.001020033447584,-0.000785907360347188,-0.000894678911107554,-0.000651733376251614,-0.00045652892370732,-0.000639858558072032,-0.000771830240434098,-0.000847521373085124,-0.000845182996512024,-0.000763765799036064,-0.000882763880547353,-0.000595082765049663,-0.000813272546039075,-0.000942772624044482,-0.000799048966453131,-0.000919971161833862,-0.000672607643857548,-0.000689751904606057,-0.00079145374738684,-0.000694935615169245,-0.000799934168637243,-0.00098880236077613,-0.000818711501728829,-0.000751640462031005,-0.0006921661586479,-0.000617216675334196,-0.000673895258750523,-0.000621684296305939,-0.000394455889436447,-0.000437730827881792,-0.000243569029926273,-0.000491709856880016,-0.000223527897591953,-0.000172703747521364,6.09527968184644e-05,-0.000500129167347636,-0.000196295139570519,6.63461669791644e-05,-0.000236873229845781,0.000327344576515333,5.35962043874702e-05,0.000175759307397416,-0.000126664985138098,-1.3570394618498e-05,2.84850480469346e-05,6.79240523138849e-05,-0.000283625478619672,-0.000247497191130925,0.000320933368688349,0.000385021677904919,5.35111439253911e-06,0.00029674653379584,8.44859370621385e-05,-4.84524831085257e-05,-2.86999596257029e-05,-0.000119342936335154,7.97956928987381e-05,0.000209200067831033,2.33783508053889e-05,-9.05090503298762e-05,-0.000204340031619162,0.000168024737815062,-3.83908382940402e-05,-7.63151462290622e-05,4.32319114832212e-05,0.000234513216783362,3.64627873192153e-06,8.98547629367637e-05,-0.000105500183395205,6.75961311307369e-05,4.14404424868473e-05,-0.00036883638596353
-0.010492061817728,-0.0104714059081401,-0.0105232925944744,-0.0105762140930565,-0.0104402264488969,-0.0102937840256244,-0.01007892844516,-0.0103528225890352,-0.0105201088699638,-0.0101059446787286,-0.00999376843474945,-0.0102008039004873,-0.0100727718833014,-0.00981192094211181,-0.00962706291612261,-0.00948660729799093,-0.00951209348209112,-0.00911127091579506,-0.00947175955068491,-0.00873869806428867,-0.00862951233334565,-0.00857681698612116,-0.00801843308500312,-0.00767603885650076,-0.00723682558738639,-0.00677608881545115,-0.00648822405666569,-0.00562537523329036,-0.00553522442489714,-0.00455622777660446,-0.0044055610521668,-0.00376539989052725,-0.00343440206954142,-0.00261553312554534,-0.00245373178704644,-0.00191156071463242,-0.00160876748337775,-0.00124174487742877,-0.0011707681827313,-0.000854502731830104,-0.000664135830132177,-0.000746434449139875,-0.000750443480346082,-0.000716554785098672,-0.000824411168522144,-0.0011401676959708,-0.000719413352673186,-0.000590140888173989,-0.000585913746047059,-0.000821325807785428,-0.00085977946013873,-0.000561515649005205,-0.00100668136771113,-0.000720733494095987,-0.000881043205626433,-0.000781560173766143,-0.000813819603179112,-0.000746016511410244,-0.00105117409973701,-0.000658437252790988,-0.000663896553723077,-0.000924666321014494,-0.000914455476279904,-0.00090100854750103,-0.000440854932188442,-0.00068016360891442,-0.000698301462675592,-0.000416686708091903,-0.000393691962861287,-0.000618452924050364,-0.00050836196701397,-0.000809890771200989,-0.000520008120180157,-0.000469267672523569,-0.000452735903798791,-0.00054358457066281,-0.000154021255868598,-0.000324215928240847,-0.000470540218476098,-0.000258740356158249,-0.000418901609462964,-0.000292374035269091,-0.000414506599575601,-0.000131110771694383,-6.15811925659544e-05,-3.98221661958374e-05,-2.397603426561e-05,0.000265589580517258,0.000413816345787422,0.00051658067582067,0.000462212751312971,0.00048234932506348,0.000158357633630107,0.000291859625147448,0.000366937540330821,-4.93380182807542e-05,0.000226045006392849,-2.17269875231764e-06,5.48865325215964e-05,7.76234406632447e-05,-4.99653488256724e-05,-3.89793388900392e-05,9.91622144906717e-05,7.51307412790322e-05,0.000255548910608644,0.000324060132291436,-1.01781104237778e-05,-0.000212838605967198,-2.04455532496848e-05,2.84961688616871e-05,-0.000101857266872606,9.89073475574807e-05,0.000166404854534489,-6.31865577639627e-05,8.70591286845429e-06,0.000119421908253937,1.2116929957668e-05,-1.35452849244277e-05,-9.65668869834723e-06,0.000172835435352227,0.000139418186939342
-0.0103307298305058,-0.0099841181531749,-0.00967456988639213,-0.00986510650230507,-0.00988969834467831,-0.00959735812816309,-0.00999071196898803,-0.00981140976342472,-0.00946789110167783,-0.00974132468056283,-0.00952875564664349,-0.00957744375662276,-0.00973622907520253,-0.00936127243496165,-0.00886111853776474,-0.00928905228692175,-0.00881873580609681,-0.00867409696548352,-0.00863103530118751,-0.00838610170441489,-0.00824586498786148,-0.0077066185818298,-0.00759153674383614,-0.00746591657437002,-0.00687463473132265,-0.00653597181070537,-0.00604007955469488,-0.00556786106372973,-0.00525486930759362,-0.00464025882417976,-0.00448509652256077,-0.00313040346084108,-0.00294320329361154,-0.002456508447014,-0.00172698064424964,-0.00181955934109705,-0.00157791481094977,-0.00111358858586254,-0.000683627314021395,-0.00074464052838317,-0.000644632714527042,-0.000671957812194035,-0.000688512443735058,-0.000661525823848098,-0.000934822191008498,-0.000958998242142399,-0.000711242218354874,-0.000875748574889399,-0.000859166208029049,-0.000878328853889802,-0.000754760616630107,-0.000641498253924931,-0.000722855823802211,-0.000799611597041691,-0.000736970421385258,-0.000979366468929058,-0.000497189427892967,-0.000545283235827102,-0.000720210351634748,-0.000706676613208625,-0.000525502182877823,-0.000650596841944885,-0.00041001316675111,-0.000664236953170175,-0.00081943989030833,-0.000695981702960567,-0.000805244199411731,-0.000432500679748084,-0.000990820172858107,-0.000613330168408081,-0.000547653017744974,-0.000465534836183382,-0.000815563460226974,-0.000549275318148655,-0.000509121943013423,-0.000474859378065535,-0.000726203896446369,-0.000217093579841617,-0.000447875795742471,2.04741556577846e-05,-0.000342097287676896,-0.000374541821386468,0.000109751111305318,-0.000233026648419648,6.97160760620388e-05,-0.00013134182733264,0.000107171565520089,0.000480352773900108,-1.55581028524774e-05,0.000101033546238674,-5.98615722208031e-05,0.00030674507127508,5.46486904152115e-05,0.000247017551549089,0.000282851319475737,0.000394062499075898,0.000436092760111153,1.49685825617839e-05,7.07826672890945e-05,6.48317353584786e-05,0.000143645598032215,0.000322680719666965,-0.00025319455506905,0.000138243937438862,2.47594241534299e-05,-0.000136783547580868,-0.000125494521873946,-0.000338387379224949,0.000143577072504163,-8.3877830209167e-05,-0.000157439352602034,-5.20796938531927e-06,-8.34790581553061e-05,9.03822778383495e-05,-8.98227924840275e-05,-0.000307800412989369,-0.000303800037993365,0.000376192487627852,-0.000471152082508786,4.69009165900884e-05,-1.80782107285773e-06
-0.00933366783576879,-0.00948485939094684,-0.00948433694275013,-0.00928570931959563,-0.00940543412819889,-0.00937462501094301,-0.00938246033313743,-0.00897227476369394,-0.00923149461858613,-0.00930696722525008,-0.0091293846349173,-0.00900936840578343,-0.00904143343285368,-0.00893641922835428,-0.00891591447187292,-0.00849535286406681,-0.0085629112224446,-0.0082161133499939,-0.00794762251266972,-0.00818097997336918,-0.00767465632816316,-0.00763425016785597,-0.00726864876933852,-0.00671802208110743,-0.00635002055392979,-0.00632050476370702,-0.00597690473314438,-0.00520460345961023,-0.00459118476919795,-0.00445372260298081,-0.00365324636080999,-0.00341963278090378,-0.00316571325635387,-0.002452925326745,-0.0020447916007371,-0.00171661590742024,-0.00134188538262779,-0.00132984738029959,-0.000754979494882049,-0.000699734165568448,-0.000490313294172248,-0.000776978403885378,-0.000634461886615339,-0.000755424154232968,-0.000558705574263213,-0.000332833882252847,-0.000665014366012035,-0.000871566966251485,-0.000424871177371038,-0.00043896948061084,-0.000908375553393228,-0.000559616911328064,-0.000826880736811046,-0.000732868014522677,-0.000618321130197847,-0.000994304291308974,-0.000656157379855255,-0.000798664392301539,-0.00053852443356353,-0.000552704280531182,-0.000839095260505547,-0.000644746700554106,-0.000608666936518841,-0.000745821516565923,-0.000607695748065928,-0.000749992212072999,-0.000378265564618119,-0.000367623273864874,-0.000467595116711773,-0.000377480490958055,-0.000492202687415044,-0.000272477821578738,-0.000447330854283306,-0.000481665248141051,-0.000230665190853181,-0.000117933078902287,-0.000134716674579378,-0.000277295229925035,-0.000208355072074915,-0.0001361850310033,-0.000284517174692759,9.0995058246583e-05,7.27296404119218e-05,-7.98623494645652e-05,9.09713051219424e-06,0.000152156729503649,-4.81745790323972e-06,0.000409757914577293,-0.000105854427843886,0.000362258268307982,0.000228673360927533,0.00011785731846098,0.000476618031315518,3.65498028550507e-05,8.47325249020696e-05,0.000523285665640173,6.03028595225124e-05,0.000252060405574544,0.0003751281262694,-0.000310040616365786,-3.87429253667656e-05,0.000123959882103572,-3.18144518465029e-05,7.40968888276789e-05,-0.000212860771935635,0.000160898461510958,0.000211630183450575,-9.14952367287226e-05,0.000281695937006195,-0.000140389948884557,0.000254308229840786,7.4056039477822e-05,0.000221784742808174,0.000166435849905251,-9.34578075794511e-05,0.00024445257150917,-0.000149138875081409,-0.000240380721879477,0.000368493353920375,0.000128279757288201,-5.75128194276309e-05
-0.00860861880326535,-0.0089742396148815,-0.00922066554761495,-0.00885499192668613,-0.00876234357271607,-0.00871942596183691,-0.00868663847707057,-0.00848927473915803,-0.00866633409889439,-0.00870059557478798,-0.00851598752438937,-0.00847467785180932,-0.00817568037349937,-0.00848362986311836,-0.00842785852041337,-0.00818163325715081,-0.00778579163166126,-0.00767972610402774,-0.00744662370814303,-0.00755479380584411,-0.00743122441675875,-0.00707665592761507,-0.00642781080767089,-0.00654821824526649,-0.00639428171095881,-0.00548351827058192,-0.00512230271806645,-0.00495575329234274,-0.00455488405255991,-0.00405697688448047,-0.00371812323976796,-0.00311508568566706,-0.00250964273806551,-0.00236054825707989,-0.00205844382698574,-0.00162581120304863,-0.00136772179826404,-0.00111788782986652,-0.000922486211335015,-0.00081350788761969,-0.000830345137307674,-0.000725342271700542,-0.00078396294956116,-0.000409978566390988,-0.000720413208632663,-0.00071783998070587,-0.000635328314424762,-0.0006098227822311,-0.000783140404794233,-0.00057543326542053,-0.000957305544500023,-0.000852611634439718,-0.000364458944263408,-0.000702692856075184,-0.000659432163130272,-0.000719183845839962,-0.000649191603260797,-0.000762932797923359,-0.000600079262535437,-0.00073855311198846,-0.000605370135610533,-0.000753672959050022,-0.000355261795014507,-0.000479191371330536,-0.000467238063361525,-0.00045949495731186,-0.000547207104038602,-0.000375180613156002,-0.00054647361599921,-0.000348729309211404,-0.000651019139492775,-0.000796801893473724,-0.000391823358480535,-0.000520232468987014,-0.000653818827675089,-0.000617291005453499,-0.000150889308528858,-0.000250389044844324,-0.000198003137634838,-0.000149634772885419,-0.00025315804798156,6.22274307023788e-05,0.000235008533195357,6.71086278425861e-05,0.000220428771163804,1.21228549523619e-05,0.000141701703840361,0.000378707384113579,0.000460433940835397,0.000289598190893007,0.000287224545818302,0.000428821182346362,0.000182200071553372,0.000319181631855866,0.000221110513634511,0.000358738430728252,0.000153952697087021,0.000390647190893151,0.000279479396118583,0.000143452675932806,2.11667968713441e-05,-0.000153865389961166,0.00029522488431488,-6.88224339090831e-05,0.000213654122213276,0.000154806344518495,3.02996917682874e-05,-4.72943504747558e-05,0.000245615481866041,5.9140072193516e-06,-0.00014114930832011,0.00022061216380922,-0.000158848122752274,8.03170286046468e-05,-7.53635807159076e-05,0.000349802201454708,8.74185707308411e-05,-8.68768697791536e-05,-2.11658155180566e-05,-0.000149336967004493,-0.000271262110491241
-0.00837162272257876,-0.0083871338470854,-0.00830043282927762,-0.00842965495671538,-0.00833042902019954,-0.00812722711807992,-0.00862222178774298,-0.00802114811515543,-0.00842424897645152,-0.00788855279465401,-0.00803031296692509,-0.00768022063176508,-0.00786389630151885,-0.00772471649165496,-0.00787187864285187,-0.00766702125482869,-0.00764720791828029,-0.00756840169462314,-0.00718205803747598,-0.0069981661766035,-0.00690906482997454,-0.00669202702491475,-0.00645404111203069,-0.00628468222836383,-0.00567636178004279,-0.00539394695795076,-0.00504644761584751,-0.00447603637764507,-0.00426151229773391,-0.00381694953010381,-0.00309710325315192,-0.00287581413395485,-0.00241952296921687,-0.00173933116229681,-0.00166272796168681,-0.00108716634330593,-0.000949280206450573,-0.000904845092735515,-0.00065429511832575,-0.000846733332764771,-0.000903592494776134,-0.000801153656722071,-0.00026280291682243,-0.000465973545493089,-0.00023835259209346,-0.000733000610099478,-0.000410745579375548,-0.000631973197511344,-0.00046482341842386,-0.000662055438957384,-0.000722609738002807,-0.000439398451852395,-0.000735399350613674,-0.000384412539323599,-0.000390444421374059,-0.000566925339770053,-0.000551495644614424,-0.000206913558669532,-0.000536750206190527,-0.000544590062539463,-0.000580074984168248,-0.000411766985301579,-0.000550109620792439,-0.000520498584360025,-0.000599425455777291,-0.000442067413331732,-0.000501886796964547,-0.000160430632123303,-0.000183401454856705,-0.000528519375674577,-0.000263833866134694,-0.00026771713636753,-0.000409080669718871,-0.000420448303122172,-0.000548582717472992,-0.000679057404179809,-0.00023306784571848,-0.000316653295354587,-0.000135758296032742,-5.92252041017938e-05,-0.000254304662383783,2.86650668014747e-05,-3.28392756672493e-05,-0.000285041102113394,0.000163762062220479,-5.75915480524966e-05,0.000236173365002809,0.000121310539248675,0.000394777751371096,0.000414102067541541,0.000288023727149531,3.67689668616826e-05,0.000295696529430721,0.000395615971304071,0.000322757100156841,0.00021237826503937,0.000167557108295714,7.04222035223133e-05,-0.000106476660336567,0.0001795979925078,6.50594523494077e-05,2.43229001171564e-05,7.61941589658024e-05,0.000136091669626018,4.39105400864807e-05,-0.000151958276659531,-7.90102240304736e-05,-0.000137069702668151,4.54229876512009e-05,-9.28401512918709e-05,-0.000170132664284113,-5.92083470270735e-05,0.0001882799576648,3.33178025864047e-05,1.15627523127852e-05,-7.47792310890742e-05,0.000174339625097946,-0.000142282221433007,2.52580118830291e-05,-8.378848799192e-05,0.000206225432153208
-0.0077828737228666,-0.00781081251046359,-0.00779766909464182,-0.00764266494429581,-0.00754953041648488,-0.00783658437426515,-0.00788147499384154,-0.00745594778020078,-0.00750801292728075,-0.00763719015300595,-0.00767560726537544,-0.00755533745196969,-0.00745826819899297,-0.00767824189951312,-0.00719528529560035,-0.00708705752066681,-0.00721010247626767,-0.00681684077773907,-0.00663664922988366,-0.00626125745354842,-0.00616811888410179,-0.00601688874048263,-0.00613333444453414,-0.00565144021536836,-0.00554178377021406,-0.00512826486024432,-0.00483883642904075,-0.00420435650400846,-0.003572491458327,-0.00359145202803334,-0.00295031627974011,-0.00292213783137173,-0.00245687698938561,-0.00175125326892813,-0.00182461203553989,-0.00113593479937278,-0.00124570052759367,-0.000416152834606586,-0.000653926046739425,-0.000829404778455174,-0.000481079325084475,-0.000503198855164303,-0.000546834088990411,-0.000246307832591759,-0.000563007387236795,-0.000324867662863047,-0.000169196758806404,-0.000682574777692506,-0.00053629476917896,-0.000341832971948142,-0.000308653496346814,-0.000357189415310089,-0.00014610549218017,-0.00045873529107399,-0.000375531836200779,-0.000390120868111991,-0.000287732271586179,-0.000671561586013506,-0.000380302101227344,-0.000344305231342205,-0.0002963853353836,-0.000272320931158883,-0.000100422846560306,-0.000403651924336246,-0.00063214607552162,-0.000292468929777052,-0.000692609671678937,-0.000338224197939594,-0.000633270709891364,-0.000521762978811956,-0.000472513214937955,-0.000112759741952252,-0.000175046981299808,-0.000113622059002961,-0.000312081015663004,-3.34562279247187e-05,-0.000177410071612783,0.000134673688061022,1.86744802033936e-05,-0.000207670349409105,-6.783667717393e-05,0.000105578062847319,1.52160354336701e-05,0.000414387431464913,3.41294538790615e-05,0.000250531046430243,0.000291768522258284,0.00025456244142642,0.000468527419091283,0.000313334341068478,0.0002883289365796,0.000343167499026529,0.000573838864548408,0.000340644954157613,0.000164695003498625,0.000244039117196125,-0.000206958605448067,9.52461025066793e-05,0.000263026395707697,0.000299830088057619,0.00031529591652921,0.000139819387014557,0.000107544921043263,0.000200125394537052,0.000216709501900477,2.53839981487427e-05,3.12397730272156e-05,-2.44506977495789e-05,6.47008032373504e-06,0.000122265532111159,5.92224080100293e-05,0.000202207792242644,2.91678471885445e-05,-0.000104030203431906,5.73649517191768e-05,0.000298974492548581,0.00025000810900844,-0.000263715340271412,-2.85196792096695e-06,-2.7985705515078e-05,-3.50311673459043e-05
-0.00715280017414031,-0.00750704021420252,-0.00742518607050183,-0.00739909709528783,-0.00715355991508447,-0.00695255832035952,-0.0072801871673599,-0.00701996219583843,-0.00706241520179486,-0.00699808457791138,-0.00741756872046986,-0.00705797674851459,-0.0069467976469284,-0.00691495022324634,-0.0068181147413469,-0.00655713777195836,-0.00654521673772734,-0.00656621453021781,-0.00628363789986064,-0.00587336497944954,-0.00617609316699205,-0.00554683841520001,-0.00573050495040565,-0.00537388978932397,-0.00483482131543623,-0.0047754443545211,-0.00434892595057345,-0.00428013017291121,-0.00407210849949095,-0.00326574849667073,-0.00293382920592946,-0.00240669909426629,-0.00203937304715862,-0.00169902220303637,-0.00147089430803481,-0.000718716851657925,-0.000718177521373158,-0.000787463515016983,-0.000467917719842507,-0.000598397372526709,-0.000519439394518734,-0.000530245207050972,-0.000749448370127205,-0.000244823873102618,-0.000338941389818182,-0.000256335935216423,-0.000270646358407104,-9.69195340232982e-05,-0.000261076364537741,-0.000400366529257105,-0.000287858237268728,-0.000214508087797488,-0.000382254402148492,-0.00068258008815457,-0.000485661726570301,-0.000542581392024892,-0.000668217307701782,-0.000379956085121026,-0.000184017873669681,-0.000430539646956088,-0.0004238123063692,-0.00079971511259695,-0.000376694665705932,-0.000391788499893293,-0.000168931908418233,-0.000320883907470942,-0.000204013804187094,-0.000354963325001834,-0.000217560863726358,-3.33175823202673e-05,-0.000142497335737808,-7.16619082771246e-05,-0.000203144427216054,-0.000320701737312567,6.31615945027e-05,-0.000435012310227933,-5.00300362843913e-05,-9.46048534618365e-05,9.94635820655455e-07,6.23176857377426e-05,0.000204858161039564,0.000246898262230095,-6.69827022832227e-05,0.000103316812550508,0.000241428107508985,-1.08521365014764e-05,0.00018836098858102,0.000139952342355918,0.000550334769945843,0.000377285235499702,0.000395128729040319,0.00031985238507355,0.00043494969682457,0.000540973974416982,0.000385785073589363,0.000412970875457136,1.91947572169742e-05,-7.29985096898317e-05,4.97308536918416e-06,2.81032017232268e-05,-0.00014124398925788,0.00029936169804875,0.000338712995085788,0.000154188101270042,0.000104133445741254,0.000166851932444507,-5.73896387514684e-05,-0.000223663691000216,0.000306607669598915,-7.37273183679942e-05,0.000368666870972387,0.000305406584472965,-8.19484432104502e-05,-0.000351509129474299,-0.000221783264192435,5.24733859189559e-05,0.000167187847013696,3.79505854782453e-05,-6.29092075763433e-05,0.00026111333201056,-6.30679407829793e-05
-0.00675139616986262,-0.00675688839286193,-0.00684534566657012,-0.00668511456285272,-0.00686646746149695,-0.00656425795127154,-0.00667145996835186,-0.00663278000774189,-0.00668637201733461,-0.00624764614268162,-0.00641520035611634,-0.00655524038394181,-0.00639185237437812,-0.00617938643252886,-0.00657176869726476,-0.00615495371348834,-0.00616753955345771,-0.00581206085370486,-0.00555425327684544,-0.00570087664782267,-0.00535296978048113,-0.00535397832963567,-0.00516205059636269,-0.00467258124592408,-0.00445615408905445,-0.00446074980689792,-0.00426783003273918,-0.00358759826516262,-0.00350548627054093,-0.00295203724265324,-0.00270555847250344,-0.00208625648782218,-0.00198240762177896,-0.00156438034493637,-0.00144017707573193,-0.00105989778540095,-0.000606050782818475,-0.000681766820687022,-0.000705485199329868,-0.000530964127241325,-9.41406163395719e-05,-0.00027938222278766,-0.000138697834019848,-0.000235765218427472,-0.00022656625011425,-0.000252377199518994,3.77807927361207e-05,-0.000394872386827875,-0.000303371818421879,-0.000333611496442881,-0.000132960181204869,-0.000154192364615747,-2.75705256283979e-05,-0.000109232394406633,-0.000307352713163634,-0.000429235115768144,-0.000286844834183566,-0.000482324302700299,-5.27933138093486e-05,-0.000288681141573119,-0.000374561304006293,-0.000328977702757656,-0.000270970467115176,-0.000461589542955466,-0.000216975294101771,-0.000533890621608841,-0.000658185670748215,-0.000486700958974164,-0.000287189297503018,-0.000362001090179403,-2.61738606332075e-05,-0.000196006092236901,0.000101179637076905,-0.000144752786649496,-0.000353879596598267,-6.93808334476603e-05,-1.39831895231657e-05,-7.01177695433216e-05,-1.96525775442563e-05,1.98842613397417e-05,9.59306039137281e-05,-1.38615903279902e-05,5.42791530856774e-05,0.000223541217256731,0.000215559203736166,0.000405419693034225,0.0002040483273198,0.000400051712522412,0.000654209798603016,0.000463735867048118,0.000560370349858619,0.000488678620686507,0.00027302462572174,0.000386053444281813,0.00046717444507845,0.000366429691135927,9.90177992950756e-05,0.000550304350983594,-4.50902875498656e-05,0.000223595052336127,6.12118736935906e-05,-3.20881595745742e-06,-0.000150675477270026,2.21795363218025e-05,-0.000150306587707309,-7.39533150080387e-05,0.000109119477537944,0.000107709142338283,9.04374162229671e-05,-3.71275535457592e-05,-0.000113380785465981,-5.91002033176585e-05,5.17557113445502e-05,7.60496185027938e-05,-5.98847418668447e-05,8.52281716847417e-05,-0.000314022334697325,0.000125198245922617,2.94863640697531e-05,0.000292084333095467,0.000105346682992039
-0.00612904694630588,-0.00630163458028297,-0.00601401509549524,-0.00589529592094002,-0.00605433891254737,-0.00570564478059523,-0.0058716644946382,-0.00615878931895729,-0.00555249794182891,-0.00578180572750885,-0.00606028351156156,-0.0059015960398767,-0.00576868385241834,-0.00556787998534409,-0.00605830996018182,-0.00609567783201212,-0.00575756904425175,-0.0055873798601056,-0.00507671375993652,-0.00502358652482536,-0.00483171841284694,-0.00459038144102235,-0.00484716229397949,-0.00463961153927185,-0.00421817553648654,-0.00406591827380133,-0.00342344538500975,-0.00307280530942382,-0.00327985381808279,-0.00277722699557483,-0.0023486741059205,-0.00197139532756739,-0.00143716196645847,-0.00132784737330948,-0.000681997856383135,-0.000567747349120955,-0.000734113651784503,-0.000681847743102097,-0.000465841290289962,8.00826239063947e-05,-0.00038960996837299,-0.000202323066016698,-0.000228304115494429,-0.000146811850192963,-0.000408454932906507,-0.000224625530465173,0.000111454389971126,-0.000342374482671516,-8.16394994631998e-05,-0.000407318092228289,-5.75874782574909e-05,-0.000408240505502512,1.92575175977607e-07,4.34645604489059e-06,-6.99006264220852e-05,-4.24825583739889e-06,-2.81526545471055e-05,-0.000301290788468575,-0.000185477823405534,-6.62142522023898e-05,-0.000164121916031675,-0.00021540493880007,-0.000198473884690766,-2.07485129248271e-06,0.000123841118982271,1.42788408092305e-05,-0.000105614325045816,-0.000157958151849811,0.000308241424494381,-0.000139354847521302,-0.000185303237900042,-8.94827071787611e-05,0.000168362844711087,0.000123872950780717,-0.000230234044951361,7.47694476841596e-05,-0.000329525366249281,0.000196818049738741,0.000172076621190367,3.70418511512905e-05,-8.07318149321452e-05,6.67349220396425e-05,0.000402331075417916,0.000314278647285465,0.000160296835323254,0.000109529549422944,0.00036862657234664,0.000408076588810221,0.000410185799885,0.000399044633827373,0.000138238271445215,0.000189081488660856,0.000221077251062319,-1.53375530728911e-05,0.000635869156276202,0.000513097034092291,0.000236601356935985,0.00026990857741169,3.10660815617233e-05,2.43059424922841e-05,2.12482528658893e-05,3.00688079749919e-05,4.73717701393962e-05,0.000212906238914133,0.000145995345649317,-2.60353172604241e-05,0.000126606137472892,0.000369307157231815,-0.000208020737712021,3.89841158512536e-05,0.000160225063900303,0.00018604509598012,3.81043273263769e-05,-5.23572398086026e-05,0.00015306411548347,-0.000356596673267839,-9.9073581789782e-05,0.000165575355222514,-1.96579592150655e-05,3.00788449777805e-05,-8.3095491431326e-05
-0.00568129681837049,-0.00557469671952772,-0.00555529770310638,-0.00554138877326265,-0.00544024168183262,-0.00560098905103678,-0.00548671189743612,-0.00550577033923111,-0.00549909983205576,-0.0056507535854528,-0.0056084301908311,-0.00521054864995597,-0.00540442013378961,-0.00539314325308168,-0.00553658948559967,-0.00477903879379635,-0.00518546551564328,-0.00511389763170508,-0.00487295819811251,-0.00480566307632462,-0.00431019586122967,-0.00421523414275574,-0.00431845111905389,-0.00389116317038327,-0.00389780822400199,-0.00335357965081878,-0.00320740728547846,-0.00261412671142112,-0.0026090341779853,-0.0026384185097967,-0.00192806190891281,-0.00193228620435121,-0.00145973096820887,-0.00161092191411786,-0.00122649122821588,-0.000628848093863294,-0.000657724257063047,-0.000312608707304741,-0.000323295317742882,0.000286762728311531,-1.47633132650184e-05,-4.99936658209476e-05,5.45269527897276e-05,3.28562876027012e-05,2.51249939750707e-05,-2.88928330565653e-06,-9.99738019889482e-05,0.000224764302243965,2.3677471684485e-05,-2.60583749523377e-05,0.000139429511766902,-4.65295030467518e-05,-0.000175636974897054,-0.000235661200677154,-9.87254830423737e-05,0.000122594181428564,-1.24342714009778e-05,-0.00029292942855258,-6.14806024924898e-05,-0.000308147397339876,3.4117808504066e-06,-0.000509198956737556,-3.30862539055386e-05,0.000358468880121341,-0.000275939626738679,-0.000126589874909367,-0.000206960307291858,-7.08315480232574e-06,0.00016318949354279,0.00034772022381548,5.36732949979151e-05,0.000190321821182034,-0.000240507860464991,0.000137402012441261,0.000115389441483637,0.000100098783862183,0.000328858534050813,0.000123708690369842,0.000417900409976871,0.000288186832016882,1.12602805063962e-05,3.25013913993728e-05,0.000519086609933088,0.000442260679428014,0.000495085280218929,0.0002911802197282,0.000624428085389564,0.000577278543453846,0.000515660048542134,0.00058278258013389,0.000411376631322276,0.000442023244230773,0.000405907598455001,0.000324486117093145,0.000278301811875375,0.000461532218264147,0.000245068507206668,-7.53664391865871e-05,0.000448764725430253,-3.86918099421908e-05,0.000168805088711177,-0.000243354531757009,-0.000118044965790075,-7.82931073516279e-05,-4.21378651630856e-05,-2.78640664208145e-05,-3.02682604936197e-05,-5.63792686928406e-05,-9.84620887593325e-06,-0.000348506495733311,0.000162595174361224,0.00028971212209627,-2.49602702033972e-05,4.79221435466887e-05,0.000116032402867081,0.000381317795004869,0.00027336855949855,-0.000118569448366481,-0.000299286939482004,0.000165352948013171,-9.39928463864399e-06
-0.0050853874344999,-0.00498026473650944,-0.0052940288739684,-0.00501959895359861,-0.00488109270380605,-0.00510069652211224,-0.00514269180591165,-0.00485059863378892,-0.00503917259248256,-0.00488891751515961,-0.0047889256878035,-0.00466915113728923,-0.00456849728883029,-0.00498136821638053,-0.00474393167630847,-0.0042045703572338,-0.00471181978859748,-0.00422822154813219,-0.00462809315808446,-0.00409993327462403,-0.00387346037821207,-0.00382615615311396,-0.0040213948370981,-0.0037205516146803,-0.00328959673763346,-0.00315208183286804,-0.00301299717372846,-0.00287330315138607,-0.00223947731786382,-0.00202183154751684,-0.00195086366350507,-0.00135721826982761,-0.0012701794132044,-0.000900750210479134,-0.000747500666323523,-0.000345057717640088,-0.000514512132424546,-0.000154796607170157,-0.00036453722833207,-0.000325188468540274,-0.000132684489104864,0.000119387063843844,0.000120564789274659,-2.11213221111796e-05,0.000322324489506732,-2.39915974187691e-05,5.68533964036101e-05,0.000152138184586419,0.000196505826362176,2.20576767745205e-05,2.515587615696e-05,-4.20068340953809e-05,0.000464180059333018,-4.19229847297341e-06,0.000106682409161533,6.61429839286312e-05,0.000160560558154492,-0.000119287543346074,-9.25420947036473e-05,-0.000135850139224012,4.53233788504994e-05,-0.000107844157945053,-0.000163518555448072,3.08052187211758e-05,-0.000121178800525923,0.000136835129991836,7.36688798179008e-05,6.16105256301054e-05,-7.6722247801659e-05,6.26384169052881e-05,5.86016902945004e-05,0.000192862496312421,0.000218535102119126,0.000195723541571863,0.000229950512011861,0.000181250612464998,0.000149197886815495,0.000100748969296495,0.000271968481767466,0.000470370930524721,0.000489826771598177,0.000594534928780252,0.000516307719396191,0.000212320447264289,0.000387260148035062,0.00071814374452806,0.000438154458774925,0.000439877106906731,0.000442339714718601,0.000608680595657281,0.000476130780060766,0.000549191319562626,0.000801345186962007,0.000530371477777465,0.000421149393557139,0.00029223584085502,0.000437041267288948,0.000174820788578167,2.53015791710045e-06,0.000172275436188094,1.54409064157361e-05,-3.65301882049465e-05,4.3049950604575e-05,-6.94646762545173e-05,0.000394551851077629,3.98013366606032e-05,4.81032657031689e-05,0.000149990057727026,-6.53044891583176e-05,0.000261702716357859,-5.14778782528995e-05,-9.35580585368825e-06,9.66775073912031e-05,4.73104395339571e-05,-5.3140468892067e-05,5.95880115984344e-06,0.000168536889275496,-0.0001709627578632,0.000277877440713948,-2.23052522485188e-05,-0.000118117522865537
-0.00455606672092304,-0.00447261745903283,-0.00428748298285565,-0.00464637662355304,-0.0045797033677022,-0.00410900486341604,-0.0042310205858683,-0.00441837007528496,-0.00426033192028998,-0.00450443286393554,-0.0042268526088182,-0.00433807134625964,-0.00432567455608759,-0.00425334511813398,-0.00412758002043815,-0.00441295034133958,-0.0040018155486704,-0.00382746182903148,-0.00386287598355232,-0.00402983365569187,-0.00388650626514748,-0.00352435327692932,-0.00334945225739386,-0.00335290717391085,-0.00309057948670192,-0.00299236483665925,-0.00249242364575283,-0.0022779442452559,-0.00206911129209562,-0.00155830659282273,-0.00145047210455396,-0.00125141618238525,-0.00100987573165675,-0.000810025272994109,-0.000440647554734894,-0.000366152661060997,-0.000226183515845197,-0.000194735074205856,-0.000194025149349817,-0.000111048487332609,-0.000141752049692551,-9.98585816644209e-05,0.000444812433887765,0.000148209090263349,0.000116298337491349,0.000336004768496581,0.000272460386065306,0.000294553567216735,6.98304285720818e-05,8.27042010251247e-05,0.000197356454518821,0.000200723266664761,0.000268061362347515,-6.68919333309876e-05,-0.000152522051423059,0.000205034434668746,0.00019216704710186,-9.23327264600273e-05,4.81840997564612e-06,9.71479576384339e-05,0.000176396418288287,0.00013510310665021,0.000104549184010367,0.000362431447010708,-0.000137553911957127,0.000249812347008504,0.000224718919980278,0.00014766447316489,0.000234391569238764,0.000406562732459161,7.18775941530521e-05,0.000334690519386117,0.000203765113192873,0.000451925249327023,0.000454357279040188,0.000447982354507971,0.000502854800879078,0.000537356654373726,0.000334878678706234,0.00044444219676293,0.000513137726197378,0.000304122491586997,0.000358667596344208,0.000476616475880641,0.000417602102357152,0.000348039137238844,0.000280087211316177,0.000366462195017269,0.000303554049615717,0.000721723955719439,0.000534704644793352,0.000462958787807654,0.000582126728040674,0.000467357845838388,0.000656252233235678,0.000238766669935417,0.000100639366959463,0.000383445409875498,0.000519587356913055,0.000230402190425248,8.77396986578746e-05,0.000147872218495041,2.04393724742593e-05,0.000288891336502201,0.000183798945556869,1.13835576618739e-05,-6.61954051835813e-05,-0.000119269772538656,-0.000145768725318321,-5.57127318824555e-05,-5.06133921754668e-05,-6.86484306843054e-05,7.61744791747567e-05,-1.66468117133134e-05,0.000281767499090948,7.22594838170796e-05,-0.000110837444113043,-9.43640207545442e-07,-8.20680394388689e-05,0.000126824529511811,0.000314256858374263
-0.00404922577105732,-0.00400825025775748,-0.00384971879518393,-0.0041507752211063,-0.00397833997780844,-0.00399658284370786,-0.00394469652423836,-0.00401296050693666,-0.00354587476729264,-0.00371008197834112,-0.00387227541253803,-0.00377439952992245,-0.00347933601036447,-0.00368920090729689,-0.00344141634654098,-0.00353484749946618,-0.00346542944436742,-0.00328510421391525,-0.00383251502427734,-0.00312534474989933,-0.00306905711543558,-0.00283729042923764,-0.00291735974002359,-0.00263061590228168,-0.00258178356882894,-0.00241503749526394,-0.00213417270212209,-0.00202363606997668,-0.00146913195787047,-0.00148021924191373,-0.00132329540569568,-0.00121596714526317,-0.000905462889478287,-0.000741500513790295,-0.000615483724958031,-0.000239192551286985,-0.000392515085628475,-0.000177582144150624,0.000232533211611522,0.000219662632255201,-0.000152889280937615,0.000172993134477674,0.00050303852784145,0.000426364089822374,0.00027629801600224,0.000662631087780101,0.000445962113459473,7.58709606782172e-05,2.07764493750425e-05,5.79823870447931e-05,0.000473781209369459,0.000206686497628419,0.000268403838713871,5.95172772421568e-05,0.000336835180999022,0.000266617918423287,-3.95085224670229e-05,0.000166553222857691,0.000680084178445318,0.000184125029023754,-1.34088454582935e-05,0.000290830912949549,0.000314798222336784,6.33717115835536e-05,0.000488149109390858,7.71627430394518e-05,5.12603173492712e-05,8.43725791865812e-05,0.000234791543846007,0.000238556588781295,0.000262456759292332,0.000168016553953878,0.000579876378890087,0.000156180795345461,0.000135865477661634,0.000422900005480242,0.000315590595675938,0.000735555527753144,0.000641913004893976,0.000557123152141258,0.00028577196364334,0.00042927083894574,0.00064560974932514,0.000786232936296305,0.000908993897955599,0.000182815993007466,0.000890737551474074,0.000809772374970389,0.00064925771410109,0.00060286217932451,0.000725511223879993,0.00062872988701673,0.00072599251166127,0.000660623288433901,0.000327065862362362,0.000475902695805884,0.000153816479352962,0.000362259447658671,0.000151222717289875,0.000196339005384147,-0.000147775373442937,-2.75693111711906e-05,1.88127751462802e-05,-0.000216871401586444,-7.484975880142e-05,3.12905104821612e-05,7.27433763187415e-05,0.000139228777815279,0.000152953205758025,-0.000204685882941577,-0.000331183442893682,-0.000231414294540662,-0.000105475545005811,-0.000184922610221809,0.000100205040983141,-9.70881854231281e-05,0.00027931928780495,-2.76518757220585e-05,5.6839281680752e-05,-6.86119376279083e-06,-0.000131762924663304
-0.00335398226371368,-0.00339708642635264,-0.00364630966518757,-0.00361437438446876,-0.00355066467512046,-0.00351323620968056,-0.00334242578542364,-0.00347108263594434,-0.00314556698969654,-0.00345062522524597,-0.00303291324218295,-0.00321146947567005,-0.00311097224564426,-0.00311283767819214,-0.00317323717834728,-0.00332768097791669,-0.00324362450587095,-0.00271696461166386,-0.00291006786185308,-0.00269962258395456,-0.00286340244995729,-0.00264141178027423,-0.00267529559609417,-0.00229710979508397,-0.0022003308199941,-0.00221719495411105,-0.00193415746221214,-0.00133697265342154,-0.00147495677200803,-0.00108230307393624,-0.00140481671382462,-0.000973837398023511,-0.000462540050552438,-0.000146519282319345,-0.00045429889081469,-0.000166759872326278,-0.000178262139615125,3.60297020824993e-05,-5.90832856837291e-05,0.000355466105908912,1.7579555076263e-05,0.000380672214906189,0.000141661498366513,9.66894439748135e-05,-4.62114124278428e-05,0.000285354551229056,0.000378214339803946,0.000418965481019615,0.000425071647346885,0.000356060964080552,0.000361479554795774,0.000399695576391939,0.000448605665187391,0.000315486063827307,0.000320704030115989,0.000399260285004644,0.000258714699135817,0.000487560007175686,0.000163616393919222,0.00016573248600675,0.000333610793633752,0.000524266210728216,0.000417767448365417,0.000135225936330795,0.000244652303307407,0.000317103463888064,-0.000108382470400762,0.000383344069515932,0.000503483054410327,0.000329823544555337,0.000315077517039851,0.000501509443571602,0.000180327820190186,0.000517183455380475,0.000393160669497454,0.000556032301267257,0.000533770270413023,0.000413426040271411,0.000693821348037701,0.000295125169470801,0.000670257753547025,0.00057498129349675,0.000622933753891848,0.000564575999138897,0.000906239959125736,0.000719341532778775,0.000663590417380216,0.000719122635535492,0.000709257012305423,0.000578407528002738,0.000576710426857964,0.000369944955112038,0.000628307780667072,0.000362073106545187,0.000451170397731412,0.000699037114666633,0.000327623572234467,0.000220262769334247,0.000373376349487824,0.000366029812742731,0.000122082569019184,0.000215214933008619,-1.01429122911201e-07,-5.13156981136996e-05,0.00012761146903472,-0.000174632699258951,-3.21255547752279e-05,0.000297859877138498,-6.80902239224219e-05,1.33831984117796e-05,4.30015098837232e-05,-0.000108649599900097,0.000252326467926544,6.85132832816389e-05,3.44783104693531e-05,-9.85595523353616e-06,0.000240253966751446,2.75747772393314e-05,-7.26959366149315e-05,-2.93994520673143e-05,-6.49440322417268e-05
-0.00277493412081619,-0.00298107070292981,-0.0031917801706344,-0.00310203490296959,-0.00282011800387948,-0.00289120681717927,-0.00268769230406404,-0.00267743974113461,-0.00272506069379101,-0.00268879275295444,-0.00271302866893179,-0.0027535239661388,-0.00269664269157442,-0.00268471683306552,-0.00237182589028683,-0.0026745814771629,-0.00242720280297935,-0.00237593186746493,-0.00228280905160903,-0.00206480673237633,-0.00230721627963029,-0.00196972353298319,-0.00231483465941103,-0.00190546232627308,-0.00189035911321694,-0.00159576226628425,-0.00153882389892884,-0.00138414600449208,-0.00145177946269789,-0.000927122953621149,-0.000773677237853046,-0.000707582261665539,-0.000245023208703425,-9.74982379100329e-05,-0.000211412149291626,-0.000182375680665323,-7.29551649676204e-06,0.000155168174881842,0.000508565651532141,0.000381903594982872,0.000452746528894643,0.000331720575093354,0.000412678789051622,0.000363902329883581,0.000597031749726858,0.000678877483104484,0.000536624487417887,0.0003189384704125,0.0003768050912193,0.00053693665543862,0.000435761305739041,0.000327875336736221,0.000250717182527118,0.000296386038330992,0.000326342147628465,0.000603663182294914,0.000469587622129869,0.000448537874087116,0.000421839217675024,0.000316412306353012,0.000602972517957839,0.000365365419218273,0.000392437016955682,0.000664155791518677,0.000538125353555291,0.000468667684518314,0.000477279889134098,0.000492847805217613,0.000180820459505414,0.000525347558564201,0.000140709668335086,0.000456933797339922,0.000416758333257242,0.000339809229372939,0.000432166987997465,0.000679570577972063,0.00069772037656237,0.000664187526046852,0.000439358440670183,0.000475238067011327,0.000588454551349445,0.000703616444898313,0.000276867870309947,0.000511734940850912,0.000806223385712736,0.000602233560928109,0.000685384499076157,0.000775621542553731,0.000818699474217128,0.000559214486127783,0.000491424255311373,0.000472274695437448,0.000419406469381509,0.000319541644105755,0.000257403188190498,0.000549266670779899,0.000408927138419,0.000195368939049621,5.12469928499403e-05,0.000234323712256998,-1.37920230754486e-05,0.000189251238442216,0.000281129837367652,-9.64826843299967e-05,0.00020755170599957,-5.20001164037521e-05,-0.000138146348873271,3.99469182212615e-05,-2.69145093912964e-05,-0.000127493754991351,-0.000101429305857577,7.56279245908881e-05,0.000179339364257177,-1.4430204011447e-05,-9.54665444058609e-05,0.000205402780674946,6.78494867084746e-05,-6.93520004053001e-05,-0.000179162572449382,-9.58791540420999e-06,9.52561963586401e-05
-0.0022642892218752,-0.00216358049921913,-0.00211505860320686,-0.00238801670318079,-0.0022782378104925,-0.00233666575779956,-0.00224787154974978,-0.00226907747639777,-0.00232387954553888,-0.00251294650369403,-0.00220514743015804,-0.00178896842821867,-0.00241725639799305,-0.00210645804678627,-0.00197095312469991,-0.00221241465013289,-0.0020795391959904,-0.00213741825076747,-0.00173804743731361,-0.0016993334922109,-0.00160576800012653,-0.0016800037649014,-0.0018824595386948,-0.00184425615804439,-0.00126948084253928,-0.00120397454489803,-0.00107429338097095,-0.00101648624326237,-0.000648602084701144,-0.000594711359551711,-0.000676039176661966,-0.000608862832662278,-0.000448435360313529,5.1855863578759e-05,9.34372154302207e-05,0.000606957474191178,0.000195759300253402,0.000426391986801019,0.000491376607079093,0.000428056002388038,0.000603997583568322,0.000205567590575421,0.000492035102965381,0.000519153226031297,0.000697735718487486,0.000528474265632367,0.000489915796956905,0.000536392674820516,0.000641352872428605,0.0006904017756919,0.000616402167070552,0.000842404534972764,0.00054517230456392,0.000576329234821831,0.000473601218999884,0.000550262762462632,0.000729974926484773,0.000378384667084125,0.000536331772205018,0.000550476533347401,0.000545811933282027,0.00038678613186397,0.000600217765261561,0.000813188235925611,0.000537589551003958,0.000828488031877904,0.000323800054172899,0.000559126829446652,0.000607975884799806,0.000639645583578739,0.000269292053327509,0.000488966986463584,0.000242534626537616,0.000813393436029218,0.000319226162820053,0.000345650683019527,0.0006912199095712,0.000468697921055571,0.000375572646033598,0.000271945889592952,0.000716324133336281,0.000600254698621411,0.000600838382566237,0.000790906783118101,0.000820701623606183,0.000594985790033632,0.000766102912577388,0.000793077948455089,0.000550655816919206,0.000609579045959597,0.00061434013522135,0.000641940324816014,0.000548416692697142,0.00060056064561014,0.000467559067782018,0.000750228143615651,0.000259124494684721,0.000677768876462024,0.000222597522166734,7.02143242200388e-05,0.000179201434706353,-2.8096578481981e-05,0.000159833658060571,-0.000326077087552375,-0.000113246417526917,-0.000103035960970243,0.000170407725983241,0.000292206316207827,-8.60616706002187e-05,0.000116414796112237,0.000234931106791935,-0.00016239858703299,-8.87346583530768e-05,0.000115794809444928,-9.44826083987908e-05,0.000222689862960966,7.44233046562798e-05,-0.000105330564498307,-4.72667948142219e-05,-8.0576901053965e-05,-0.000114420904182028
-0.0018205051502253,-0.0015133856840267,-0.00198386872722817,-0.00186215258857022,-0.00161748279438124,-0.00199453348470032,-0.00155074213902815,-0.00176199583785745,-0.0017377879504809,-0.00191972884836299,-0.00145828971345183,-0.00192974106689662,-0.00172217085995676,-0.00158526279843957,-0.00151184292907434,-0.00177349984979059,-0.00154995738089455,-0.00179077201095003,-0.00186762009344808,-0.00159235418452835,-0.0012383576664931,-0.00162711409876335,-0.00105443785550864,-0.00114010545075561,-0.000906496216384665,-0.000893908112364522,-0.000951493108978335,-0.000814104236439422,-0.000677472402186317,-0.000487522453600413,-0.000131116924058983,0.000200181510231593,0.000191939584829979,-2.16269403481882e-05,0.000250349616264362,0.000157266619494263,0.00023793207165882,0.000694186123673648,0.00052625712278808,0.000696037041946221,0.000586755497304813,0.000571555569392382,0.000811470118156873,0.000803928452659336,0.000674657394974461,0.000889548085441097,0.000751765021197361,0.000477492702895214,0.00100730546844756,0.00102451384336372,0.000793924112950965,0.00107192445434076,0.000907705937152525,0.000566180726624001,0.000660252823839131,0.000665421380307541,0.000578340000476065,0.000737599682123435,0.000406789349074409,0.00049323901002884,0.000568983615493053,0.000697585471590665,0.000634113657160125,0.000540358327504173,0.000790718333301131,0.000531499644528243,0.000182034051622479,0.000675927058877514,0.000647980824287158,0.000398274922829998,0.000653058562683242,0.00055120485660271,0.000144373247410953,0.00110336739233395,0.000759831171842182,0.000308790709929018,0.000720905913320472,0.000541909941529507,0.000694755229564098,0.000706112974020964,0.000645261669562184,0.000933382721993467,0.000662482975010454,0.00093897496622674,0.000957038504928299,0.000714944222750932,0.000967661310805345,0.000645237031325997,0.000548090636400654,0.000566355204852921,0.000673295499809448,0.00072324495619074,0.000833750867558448,0.00063902425942438,0.000207633752689249,0.000382342985025433,0.000327865983963829,0.000299691807804222,0.000368602563268116,8.76406130166487e-05,0.00035537007304433,9.77857271409218e-05,-0.000118450603786354,8.29443934433965e-05,3.77664566658596e-05,-0.000124943836095993,-0.00015304533317708,-0.000172862936324098,0.000240277043443863,-0.000369222644750209,4.21713800084777e-05,-1.82535855717019e-05,-0.000208725982477702,0.000189550633173931,0.000179009196505927,5.39452850427676e-06,-0.000301125262587505,6.22656711761077e-05,0.000171823217369623,-7.01038502340664e-05,-2.22486547579968e-05
-0.00144615373166373,-0.000937517293889129,-0.00118187756528301,-0.00136059052095732,-0.00120807849749121,-0.0010404656396431,-0.00146342320538072,-0.00114788348129873,-0.00143260996268413,-0.00117476066424142,-0.00136796142702305,-0.00116370344702636,-0.00100787978992458,-0.00106269868703278,-0.00114965904799832,-0.00113456216198038,-0.000995243497375647,-0.00129783842458932,-0.000798417261889729,-0.00112442258400672,-0.00126492396096683,-0.000703495437704412,-0.00104863453985667,-0.000349853159847087,-0.000577474216113764,-0.000422764137893348,-0.000286823085621648,-1.64362226221172e-05,-0.0003601134975724,3.48270952614198e-05,3.92111848145416e-05,0.000156263858426872,0.000492291931782864,0.000245058040432501,0.000544572190334955,0.000480597023008169,0.000487452731306464,0.000402822423198364,0.000543267996864025,0.000791356826445537,0.000661401072189396,0.000784639045674032,0.000921768226113533,0.000704441734116509,0.000617642723780235,0.000856657618416608,0.000818126636135622,0.000767571746299378,0.000869939945518741,0.00090644167153163,0.000987835623279406,0.000181931687259352,0.000614792192075133,0.000717117224708203,0.0007891380123002,0.000684067287382659,0.00120580823524253,0.000889705372058931,0.000992661589665871,0.00100338203298756,0.00071299497204166,0.000820188753505874,0.000550495089108224,0.000590942665439339,0.00070151424479299,0.000880393770867892,0.000880405055973455,0.000478229588982556,0.000751951685076238,0.000809370675228543,0.000779399751756671,0.000784168839241897,0.000718915909493509,0.000692258956177685,0.000804872034764999,0.000664212726300823,0.000838774680442724,0.000860590782055663,0.000802279121070426,0.000824095495639856,0.000785346278198593,0.000902201385805494,0.000954603267227069,0.000897834673625811,0.000805373979427876,0.00073779221462773,0.000779719337466508,0.000609346921920111,0.000614147813588154,0.000657753438501138,0.0007430132742453,0.000731471099410732,0.000385956529806193,0.000519515471823027,0.000832748931959394,0.000445347888646741,0.000545793515570337,0.000350397543802225,0.00036079985132201,4.86839890119141e-05,0.000138811282940213,0.000116286801160046,5.55549187356388e-05,0.000188726803963296,-0.000213525562177116,-3.37065081701157e-05,-0.000385995771005627,0.000100938816140173,-0.000193740992125362,0.000258365543053735,3.89176260900643e-05,2.29961585483758e-05,-0.000218393481181757,0.000127090636391072,0.000223672817164835,9.33376925013388e-05,-0.000141234488918058,0.000136608982482656,-8.29317553799501e-05,-0.000331641366667593,-2.65956316864936e-05
-0.000713824048831174,-0.000552187459726751,-0.000365450459120884,-0.00067493773491138,-0.000898675937613554,-0.000507632062141151,-0.000690391866024668,-0.000869966253823626,-0.00111776467826976,-0.000503294856193621,-0.000720964612420359,-0.000879545109437726,-0.000543892301231268,-0.000558275708610795,-0.000581666804251156,-0.000596459690855836,-0.00065975174799132,-0.000372436924991842,-0.000248130403227973,-0.000171568229495048,-0.000274855184289491,-0.000227973450091386,-0.000282159103790322,-0.000530707195046284,-0.000216125400851783,5.62044015304405e-05,-0.000127032782665477,-0.000314763285770584,0.000196027780813479,0.0002316324789514,0.00042538011956958,0.000708570118157461,0.000574692478627323,0.000784758609440086,0.000356417918042525,0.000660985706113702,0.000822575849164801,0.000816780013517649,0.000972622639465334,0.000822245919828537,0.000452127920531747,0.000955551926875334,0.000985751557897589,0.000691329977729757,0.000900334543229791,0.00104342304470174,0.00109498029206758,0.000936976612151094,0.000908616891852305,0.000840154955656369,0.000609585253957677,0.000772178604693186,0.000863595453789335,0.000726681966262837,0.0007979339422871,0.000949912804745569,0.000840096649474674,0.000614035143661402,0.000783384839911543,0.000790090514132195,0.000911847313692775,0.000643393437104815,0.00103491290638017,0.000901103060527898,0.000626961443732811,0.000829221153275882,0.000986878665168779,0.000444468403989862,0.000854233877652221,0.00114407566033672,0.00125349636319976,0.000722102017756418,0.00106632225703851,0.000910425556755642,0.000735348559163159,0.00110652788504648,0.000968752863852843,0.000994895257842753,0.000933948015281494,0.0010474536476827,0.000949785998660729,0.000730532594953518,0.00082925437274148,0.000866680620194058,0.000743782226475628,0.000883497681853838,0.000541685666394277,0.000933613178458043,0.000846781687009271,0.000935262653589484,0.000484027195850724,0.000315336226620838,0.000460994656661635,0.000535574517004194,0.000625812594350335,0.000590636658456613,0.000533591714800366,0.000244996213192935,0.000431376614426715,5.65208436821649e-05,7.68985690729303e-05,-6.29385062818327e-05,0.000210475837202006,-0.0002590266467811,-3.81390734407196e-05,0.00037139499154155,-0.000119544092591531,-0.000107683699502787,-7.82761949155709e-06,1.06227085847484e-05,-9.73344128729231e-05,-4.13119106994329e-05,0.000151223588156204,9.74519539177534e-05,1.74936796413814e-05,-6.82350755428902e-05,0.000133819026813883,-0.000213608974159288,-8.74698258579127e-06,8.1020358223359e-05,-2.34456390349357e-05
