-0.300207867949402,-0.299586189440707,-0.299106658375846,-0.298103639501507,-0.297456153982717,-0.296783328423855,-0.295441581920836,-0.294357274451887,-0.292639554918236,-0.290837773992506,-0.289037081680849,-0.286735894979946,-0.283930814736885,-0.280963014454334,-0.277432453588036,-0.273427188872106,-0.268701110695778,-0.263259990490694,-0.256977581546038,-0.250176483905404,-0.242293585428107,-0.233083354339786,-0.223410494703007,-0.212004996806561,-0.199845746217962,-0.186114324018764,-0.171437134482223,-0.155487043479288,-0.138825430795035,-0.121673472331512,-0.103466937974521,-0.085652380037773,-0.068350270840951,-0.0516220984536332,-0.0363985106639383,-0.0233090020311717,-0.0118481987742911,-0.00254204674511265,0.00382286553716438,0.0084626775381699,0.0113787846740331,0.0132633568322141,0.0140428610930364,0.014474923633275,0.0142575741125821,0.0144765575620842,0.0145682492931562,0.0142947394548704,0.0143837303715335,0.0143587970564078,0.0139151385747601,0.0143197537833441,0.0138872837861611,0.0137077605725723,0.0137790103417248,0.0134494609562571,0.0133773552754318,0.0132915579786145,0.0125594923027384,0.0122407291296746,0.0120173429514083,0.011410156685869,0.0112818571085727,0.0105528004076559,0.00965176109343217,0.00905178634639559,0.0083536501959329,0.0073133828262399,0.0063423120548668,0.00488727699798669,0.0041907521413519,0.00250772218566892,0.00138086521329914,-0.000184528578743899,-0.0015772220453029,-0.00304200945517222,-0.00441274455957018,-0.00551738287655895,-0.0068301450139409,-0.00759144595202497,-0.00855557196952745,-0.00863953389061371,-0.00925883543359968,-0.00911207263877752,-0.00896518326518709,-0.00890216387853628,-0.00869125349310186,-0.00832184330022058,-0.00779407562156905,-0.00746912264312963,-0.00693049046666453,-0.00647893206432059,-0.00544562107117287,-0.00505400587226611,-0.00442625183517846,-0.00391139617457121,-0.00317156330139352,-0.0026195359651585,-0.00181851304652825,-0.0014642621386485,-0.0010945321907802,-0.000709722226777253,-0.000456099396153417,-6.22835590247839e-05,-0.000128240040135801,-0.00017598543503414,-0.000214998046487578,0.000110210621589473,0.00024048221853811,1.28631043829842e-05,1.92467211728921e-05,-7.22077600549754e-06,0.000269333608127164,-8.92595534262984e-05,0.000166196779699587,1.94390987806587e-05,4.74917796051877e-05,-0.000156521613025645,-8.8792270994935e-05,0.000101069387954894,-2.64522562444462e-05
-0.304378774925498,-0.303827214550205,-0.303003762104435,-0.302330316735389,-0.301423440582392,-0.300736101329223,-0.299720139886131,-0.298223644651771,-0.296425146571829,-0.294915815995551,-0.293005931940051,-0.29049225637425,-0.287836659392741,-0.284667146622381,-0.280979620708485,-0.276961579393257,-0.271917567320074,-0.266764608562306,-0.260385273527058,-0.253243662744889,-0.245512219621371,-0.235986642657132,-0.225881410887693,-0.214615087174383,-0.201866950789586,-0.188054543712938,-0.173043684222291,-0.156785139657504,-0.139745029999352,-0.121845189646524,-0.103727177167506,-0.0854882352485244,-0.0676623308374918,-0.0510820319067519,-0.0356998302127148,-0.0219570479709678,-0.0106546142932681,-0.00134501940189285,0.00567898660578711,0.0102147155979479,0.0134211474024076,0.0151591637399122,0.0160088420563623,0.0163552092141849,0.0164700780814818,0.016482067079851,0.0161836777689694,0.016213881319383,0.0163868286785918,0.0161270558094536,0.0160976647788282,0.0159912610703965,0.0157950417379299,0.0154557865267805,0.0154496745711777,0.0151919624903577,0.0148333809173545,0.014732496065908,0.0142366119022065,0.0140155506554308,0.0135154269855711,0.0127581044877126,0.0126433761335896,0.0117124522871213,0.010951964340321,0.0102046176053961,0.00926523476651721,0.00819782229605289,0.00726581180782622,0.00610285837493505,0.0043803848841806,0.0030465241425514,0.0014693021154527,0.000167822038933347,-0.00161486247241739,-0.00308448852572562,-0.00485966755075276,-0.00596060123273956,-0.00733354294105591,-0.00833418158665804,-0.00873970047270914,-0.00956627935042444,-0.00994381015008882,-0.010103263142212,-0.0100453251594831,-0.0100908782881661,-0.00918002896388505,-0.00906552817094902,-0.00843786349407602,-0.00825427405693643,-0.0074319281572106,-0.00693845571620798,-0.00637697929326012,-0.00564741643371891,-0.00480993033320682,-0.00412245671575939,-0.00314478564285697,-0.00280668477990881,-0.00212961018587426,-0.00155765437963237,-0.00121745688174102,-0.000864805778779954,-8.43342385424059e-05,-0.000280188804398333,-0.000247579229867911,0.000132529359908423,-6.42970563448217e-05,-4.26407988412445e-05,-0.000114552105139189,-0.000280924994094196,7.41679361940016e-05,0.000263271830124387,0.000118095370237,0.000175596780643646,5.12616208430426e-06,0.000134556668874612,-7.62231217608293e-06,-0.000129060237268943,0.000142580438793579,-0.000110893669729272,-0.000218708972779286
-0.30460016266787,-0.303850601969892,-0.303026796007169,-0.302863099538645,-0.30188500273749,-0.300885297789523,-0.299565782906949,-0.298103620649314,-0.296823221336585,-0.295077817765433,-0.29304457668692,-0.290482182651026,-0.287932386560628,-0.284868513351541,-0.281001783689522,-0.276806367374131,-0.272198958331006,-0.266660263249636,-0.260331692189194,-0.252980179877127,-0.244618234519023,-0.235722482903952,-0.225555101755989,-0.213978116430052,-0.2014688779151,-0.187300024938602,-0.17223409662671,-0.156035335302135,-0.138795567058126,-0.120763947775108,-0.102457515917149,-0.0842413438565518,-0.066188107683035,-0.0495188304619149,-0.0337610101846166,-0.0202771259328641,-0.00848756810008648,0.000490236075033803,0.00742454877652316,0.0121238015935415,0.0152215845291498,0.0170583841117708,0.0178913470780777,0.0181425532129031,0.0184102611979487,0.0185193623563446,0.0183303260756397,0.0181447263053634,0.0179447642421033,0.0179729979471655,0.0180773666383446,0.0176729412877986,0.0177562346074669,0.017161239972802,0.0173449943271098,0.0172610442812389,0.0166010024683113,0.0163005895249811,0.0160821221986379,0.0157149867464727,0.0154506651871527,0.0146009852965619,0.0137861293663697,0.0129858066613881,0.0122541785495885,0.0115311244924018,0.0106394577420909,0.00938124466447549,0.00801160110293184,0.00682299841374059,0.00512285446024963,0.00356000664119736,0.00196303453165027,-5.14961077869227e-05,-0.00154046535934474,-0.00329864070381387,-0.00486600519548916,-0.00633350111944107,-0.00757216090184215,-0.00904114146837655,-0.0100120515377912,-0.0102500281795777,-0.0107020966926528,-0.0109822390238463,-0.0109637616558842,-0.0105230607402585,-0.0103910337877039,-0.00993197314344854,-0.00920593838530171,-0.00891379789727496,-0.00816473317207844,-0.0073655477436843,-0.00672220869475723,-0.00587978556496543,-0.00522940457552563,-0.00437439363263389,-0.00378279879587385,-0.00296677757113489,-0.00240324385065813,-0.00153341254961352,-0.00106982137204935,-0.000643575418357968,-0.00052895540821218,-0.000182109923409249,-0.000357800670301322,-9.86558025439681e-05,-4.2016314346762e-05,-0.000138812331404058,5.99990640380581e-05,0.000278657332370478,-0.000107783055505435,1.41434681894558e-05,0.000223221914784204,1.07476514850792e-05,-0.000184053586358438,-9.00971407219938e-05,-0.000282865502859249,-0.000140508317740375,0.000105909638797352,0.00034400206837896,-4.25020430749266e-05
-0.300909328704646,-0.300613342202326,-0.299806333392555,-0.299229299843817,-0.298109221751996,-0.297164474097232,-0.296170980403689,-0.295147428711051,-0.293379913030241,-0.291352634485915,-0.289531297629353,-0.287291493414528,-0.284478899791317,-0.28127215418422,-0.277915593009844,-0.273508281626784,-0.268645528866869,-0.263215878382563,-0.257068547285196,-0.249718125385853,-0.241426865508584,-0.232478000254733,-0.222416396945875,-0.210912062100908,-0.198225795424655,-0.184195863480071,-0.169360929160967,-0.153202642347511,-0.135808905844156,-0.118046404101772,-0.0999100080952796,-0.0815690135463784,-0.0635883937010376,-0.0469141077395267,-0.0311869291290498,-0.0175573055709134,-0.00637411977958281,0.0025085888156428,0.00951559541221298,0.014079769426229,0.0170575708260993,0.0189915341987245,0.0197071913856494,0.0201153355340269,0.0202541010697469,0.0202641051542948,0.0202662915593361,0.0200794089975343,0.0200498438885217,0.0199544150917007,0.0198101528959179,0.0197852612041318,0.0194274815951167,0.0193636076878622,0.0189084769744741,0.0189564647086784,0.0183184118619908,0.0180342443567834,0.0178157391343654,0.0172784989958529,0.0168975752421865,0.0161482987546008,0.015510841620901,0.0148678256410124,0.0141269875129741,0.0129081273631813,0.0116416379407489,0.0103268055166658,0.00906472716079266,0.00748469282048648,0.00615127492471474,0.00437122183776738,0.00210720659528002,0.000514061041122647,-0.00128137999344735,-0.00317245794649229,-0.00496408095024888,-0.00670543795401175,-0.00822338803174611,-0.0096825196649646,-0.010324998774431,-0.0112550907268438,-0.011495954057187,-0.0116248239382386,-0.0118729290688393,-0.011089557775296,-0.0109804938554948,-0.0105264083559551,-0.00997356570338154,-0.00943150810725252,-0.00857306654237404,-0.00798278978302047,-0.00720705349663232,-0.00659947811142695,-0.00546646368140067,-0.0048075495037975,-0.00379490798698027,-0.00299578656031141,-0.00233625968323862,-0.00171979328491344,-0.00109865823918397,-0.000774523895827774,-0.000366631030581903,-0.000132866180334863,-0.000171093608377775,-0.00033418863808396,-2.51978681372912e-05,-7.97200205292294e-05,-3.79680504503469e-05,-4.32343271906307e-05,1.02995626147827e-05,0.000107586867431379,8.2394010784728e-05,-0.000127833129085392,0.00024174907382143,3.38016474292395e-05,-3.69225979040072e-05,-1.86615194199718e-05,7.49392343564026e-05,6.92548277553e-05,9.5341068471494e-05
-0.294302175326816,-0.293916556283372,-0.29311563186446,-0.29224951252335,-0.291764699559467,-0.290454392470478,-0.289557466077656,-0.287906820112747,-0.28671964665788,-0.284814570746956,-0.282960076954427,-0.280746217806187,-0.277652194748387,-0.274725795772406,-0.271192566520961,-0.266908055952373,-0.26232703682571,-0.257046415792181,-0.250811992829166,-0.243761204006752,-0.23576541846534,-0.226617666967575,-0.216527664932419,-0.205153823377219,-0.193064195528603,-0.178987856600178,-0.164171040367535,-0.148323126571064,-0.131481793964364,-0.11364854095264,-0.0955886323867051,-0.0776705083096097,-0.0600517123885052,-0.0435146111501228,-0.0283916185700875,-0.0149688901953775,-0.00368630681044234,0.00509588079141972,0.0116144184376265,0.016215197226686,0.0192722479986585,0.0211934608871369,0.0218331549667035,0.0221375972477716,0.0222215212872663,0.0223422110500311,0.022153313609092,0.0218599104919165,0.0218347286605397,0.0221703068314709,0.0217438811458287,0.0216825156081114,0.0215353828352379,0.0214303492192787,0.0208440829365916,0.020693885334432,0.0204302035908696,0.0200769576443152,0.0195968888152174,0.0192363766258245,0.0184651354562827,0.0177951118997357,0.0170553781465115,0.0162206344551643,0.0151504244105538,0.014232373741128,0.0126370986963734,0.0115287978718671,0.0101374444644548,0.0086211899081628,0.00673615923278153,0.00473973477360885,0.00291509638416041,0.000660262328404092,-0.00132151514419791,-0.00343323331689237,-0.00537552525559405,-0.00730078993867012,-0.00881757549054365,-0.0100360444271219,-0.0111171579713859,-0.0119859805479692,-0.012218131234251,-0.0124338291340947,-0.0122148524373139,-0.0121708287727099,-0.0117993882240623,-0.0111861132251412,-0.0107763278192129,-0.0100494954350218,-0.00931137634541401,-0.00846894907936412,-0.00742774498562084,-0.00684772936510073,-0.00556797615925508,-0.00489349184735407,-0.00433887134276865,-0.00344052418102711,-0.00247619277798038,-0.0018585516228167,-0.00149317933776302,-0.00109327337145043,-0.000790857299033473,-0.000422484129545259,9.34210741385775e-06,-0.000149004390393223,-0.000155825785998502,-1.48147718298353e-05,4.84248065652799e-05,1.363167911459e-05,-7.12002286717485e-05,-5.18941752821614e-05,0.000182366366442235,-3.83753283949343e-06,-0.000183939660010793,4.95997173872444e-06,-0.000112443655134726,0.000144139305319345,-0.00013292735990691,0.000107100475905519,0.000231681249755825
-0.284323465402443,-0.283882738604111,-0.283434108173426,-0.282797395217017,-0.281884156157112,-0.281299788480698,-0.279743577446008,-0.278635675348834,-0.277329773099634,-0.275384553360084,-0.27350644824982,-0.271279417836326,-0.268527578019929,-0.265751004446784,-0.261999306092428,-0.257913032023745,-0.25341340033598,-0.248213613996388,-0.242100848413693,-0.234918228348252,-0.22745391313853,-0.218315655082436,-0.208539237956875,-0.197468297928863,-0.185244082116945,-0.171914560760642,-0.15714207978977,-0.141764128779573,-0.125377633666821,-0.108065259710422,-0.0906222863817523,-0.0731580090514518,-0.055980636770466,-0.0396525133046231,-0.0250203749649608,-0.0117997306623432,-0.000924220578731114,0.00786118953210089,0.0143673696125858,0.0186257105448484,0.0212284125457647,0.0229436369071341,0.0239505245692285,0.0240342266739246,0.0243347138010848,0.0243059751397487,0.0240878851083521,0.0241364138338522,0.0240122636456098,0.0236318007457167,0.0236766740918332,0.0237386353534566,0.0233754388751602,0.0231642901182503,0.0226411237718364,0.0225808766527767,0.0219785826124003,0.021679787570155,0.0212853591654354,0.0206408746794122,0.0201521332211255,0.0193124594020199,0.0187328090694519,0.0176562756417544,0.0168034858776362,0.0155740454003975,0.014131293568737,0.0125183178856505,0.0109521435712235,0.00951125336262399,0.00734461410949694,0.00544460504791567,0.00346996553472622,0.00122290740883822,-0.00108637313217623,-0.00362389276560553,-0.00553450086248184,-0.00736522613347837,-0.00930707755260923,-0.0104336968634665,-0.0115061905362178,-0.0126099495061993,-0.0130310006830922,-0.0131721647611587,-0.0132009984300549,-0.0129260452974289,-0.0124078241936925,-0.0117054955391994,-0.0113961140571108,-0.0105731318778785,-0.00997735228438785,-0.00901893680498333,-0.008060005488067,-0.00708345152396134,-0.00620394963925042,-0.00540960559193928,-0.00446277500284385,-0.0038219745864681,-0.00272920890420624,-0.00206557781582214,-0.00158676035476199,-0.000928848782798095,-0.000615288523369585,-0.00039341791632171,-0.000205685714886059,-9.49103301698047e-05,-8.72183974026175e-05,-5.16075094136012e-05,9.2966473013087e-05,0.000119035700802657,6.56927660469091e-06,-7.29899028030399e-05,-0.000256672252453023,0.000124269184473941,-0.00045591964651736,5.21009604701914e-05,-0.000214008674258882,-3.83046464050863e-05,0.000338244554170798,-2.51787778350404e-05,3.86001584656779e-05
-0.272509046660483,-0.271990544981015,-0.271628141054234,-0.270917764939369,-0.269636502553749,-0.269255707396722,-0.268206666006109,-0.266916776571219,-0.265257405204112,-0.263718749650475,-0.261955447156711,-0.259518057085811,-0.256972641410474,-0.254214264990292,-0.250774562782821,-0.246715436849166,-0.24243114519681,-0.237002927269909,-0.231398296261482,-0.224347187627696,-0.216904566959688,-0.208471794817617,-0.198573245111163,-0.188056822320588,-0.176258034558291,-0.163189803705386,-0.14913210961064,-0.133953209025974,-0.118125542029839,-0.10150054059263,-0.0843834973920955,-0.0671463099709928,-0.050762696214933,-0.035056058420128,-0.0207498004266329,-0.00824115760076816,0.00213758127681065,0.0103519119047235,0.0164192617107814,0.0207133822046934,0.0235772530232808,0.0250622289727918,0.0253499429686357,0.0260386348287807,0.0263803372008689,0.0260808851653562,0.0259680827832994,0.0260615175773515,0.0259683553709143,0.025361464034089,0.0258855410671615,0.0253701228937442,0.0252710479233521,0.0249077340030679,0.0247954436063671,0.0243410533351481,0.023951655240511,0.0231911334865029,0.0230771731469713,0.0225609928056829,0.0216953395983323,0.0211142411188484,0.0203834739004101,0.0189680058980177,0.0180923074052909,0.0170799457890921,0.0151435378819384,0.014039133376959,0.0123801603319515,0.0102743367103638,0.00810805336364276,0.00614514939305603,0.00394543484299266,0.00125626648837346,-0.000802503173698993,-0.0029305750632392,-0.00561254109327528,-0.00749328121773004,-0.00962518878991586,-0.0110571097427366,-0.0120381113027345,-0.0129945324884484,-0.0134333189262569,-0.0137824711004749,-0.013603619295073,-0.0134917203791121,-0.0130606465317172,-0.0123243585740347,-0.0116208779400212,-0.0113529364080867,-0.0102093600404184,-0.00959675225455468,-0.0085921376936588,-0.00754576432709882,-0.00687058409843179,-0.00568041373978317,-0.00472968383512845,-0.00353830652137129,-0.00321998526998704,-0.00215956394184504,-0.00169706311717214,-0.000966254352348639,-0.0005097358686998,-0.000319766726499966,-0.00034959259632776,-0.000210726021976275,1.38868124370894e-05,-0.00025934889855169,7.6912247906715e-06,7.99424704041079e-06,1.07199363053377e-05,9.23048638163495e-06,-9.35004803600678e-06,-1.64230878923514e-05,-5.06397690044605e-05,-0.000138918690335298,-0.000139490758940888,0.000120943771507905,-0.000152029433973473,-8.92763655945743e-05,-9.89265765931245e-06
-0.258711386265246,-0.258235342317184,-0.257712471416013,-0.256972847617431,-0.256186796700564,-0.255561210327234,-0.254471863691934,-0.253323509852396,-0.251685881478052,-0.250196794678576,-0.248426773244639,-0.246217233031279,-0.243778532422044,-0.240807182232843,-0.237600540930385,-0.233755524420263,-0.229662940648875,-0.224519731169821,-0.218832575198181,-0.212495571564378,-0.204961916621856,-0.196671191679931,-0.187478669905719,-0.177254075324426,-0.165710287489432,-0.153242188285735,-0.139655205406359,-0.125189663730671,-0.10991056639447,-0.0939340268265121,-0.0774382260851206,-0.0613905459111478,-0.0453441001021371,-0.0301407931980178,-0.0166132172495612,-0.00460501414618758,0.00537387217381745,0.013360007192136,0.0190950970329609,0.0232649675605174,0.0257825862230566,0.0271116356020335,0.0279421132183492,0.0276562722228227,0.0281194475262056,0.0279260522662411,0.02808698664215,0.0280416131253884,0.027577327931103,0.0276456994991538,0.0274555933829799,0.0272090300922375,0.0270788054740301,0.0266723359837679,0.0263169389705787,0.0259009575761063,0.025630027676133,0.0252171612858795,0.0246517569595535,0.0243878473662745,0.0234572903614074,0.0223674487993318,0.0218307335598034,0.0203860295525679,0.0194489827355342,0.018465187050259,0.0166807730845844,0.0151367362692805,0.0131468552481846,0.011058981783955,0.00894759887463096,0.00651706186368894,0.00409487527354494,0.00167959035050058,-0.00108235628267036,-0.00317534957972846,-0.0057423596088436,-0.00770120156396292,-0.00980481673830765,-0.011635261111592,-0.0126181146117486,-0.013601137916966,-0.0145584331200738,-0.0143659758645263,-0.0143208463892441,-0.0138970035376031,-0.0139948369963012,-0.0132207701035336,-0.0128410443256802,-0.0115458380067114,-0.0108201476395068,-0.00978907035807924,-0.0091047114670824,-0.00806267306307223,-0.00687774394422832,-0.00618327480096614,-0.00501629750936264,-0.0039885536230108,-0.00298330512629905,-0.00220897735205743,-0.00170755949642385,-0.00119367982260352,-0.000639457579577341,-0.00054796398515247,-0.000205180515488199,0.000142300649680255,-3.30088034808828e-05,-0.0004409043626584,9.01741470064708e-05,0.000182799099031739,0.000200163842377327,-4.55572407265221e-05,1.36359003442577e-05,-5.91115517335954e-05,0.000125436218243469,6.25514859227795e-05,-0.000270540763818696,-7.85173600247902e-05,-7.90407530503681e-05,0.000117217247929646,1.73190473454657e-05
-0.243631102458379,-0.24290264764449,-0.242561587291824,-0.241861732567328,-0.241090195079595,-0.240551262246255,-0.239361559170383,-0.238307635926092,-0.236838600959335,-0.235479991817234,-0.233537063869325,-0.2315533285636,-0.229381997448519,-0.226465683090783,-0.223431088734499,-0.21986238516256,-0.215627405371321,-0.210852129071694,-0.205379312327998,-0.199349269368055,-0.19212506255614,-0.184233855660652,-0.175208589360939,-0.165477245461884,-0.154478440996658,-0.142621705024829,-0.129739549556155,-0.115631039336708,-0.101069380809773,-0.0856681480847543,-0.070221062759242,-0.0544084708892101,-0.0392264648437632,-0.02514140898986,-0.0121346155519095,-0.000812565824863617,0.00872586151940362,0.0159831083175468,0.0214744376814594,0.0255767415839253,0.0279322305809042,0.0292122014432398,0.0295900477760695,0.029781751689824,0.0297401959458565,0.0298627040813919,0.029777203559067,0.0296560733906006,0.0295855022380405,0.0294302168448997,0.029139004704712,0.0291135776138324,0.0287562756596463,0.0283356797138616,0.0282061532417962,0.0275918767925719,0.027401839375564,0.026920614004818,0.0261309725069816,0.0257415482445843,0.0252313495177336,0.0238464102076299,0.0229725809978336,0.0218969739576546,0.0207958286994261,0.0193472041388407,0.0179341244836104,0.0160657404027597,0.0141770461043948,0.011804094401743,0.00976291248944908,0.00710309274287856,0.0048075425703476,0.00241625785874299,-0.000443352915292888,-0.00314483281004663,-0.00572339175087913,-0.007754961704163,-0.00996026124278041,-0.0118949634356399,-0.0131283137113855,-0.0142037957325506,-0.0146623886167369,-0.0148779942986114,-0.0149287075378113,-0.0149011716154252,-0.0141313811216997,-0.013670431319885,-0.0128353816412197,-0.0119202519388629,-0.0111783635432237,-0.0104721885234314,-0.0092736702254315,-0.00830046091129105,-0.00719523760415325,-0.00637462584447827,-0.00519273159824153,-0.00425287268684183,-0.00320424907292025,-0.00220199089557891,-0.00150646323142281,-0.00128658704161484,-0.000776548772208572,-0.0006554019635643,-0.00026799553118614,-0.000159393816690102,-7.00568165106149e-05,1.57464545307413e-05,0.00011996917432536,-6.14337955591369e-05,3.22123264095015e-05,-0.000301971937598098,2.53469896400001e-05,-6.00383545460258e-05,-7.13008650377011e-05,3.63990761343399e-05,0.000225049749735364,0.000102462914031825,0.00010538273879879,0.000215969821287386,0.000148710841417276
-0.227555395228527,-0.22739102859793,-0.226881335349284,-0.22630903164253,-0.225310584386102,-0.22476396467663,-0.22381046200595,-0.222639724097892,-0.221164033425763,-0.219994646493223,-0.218543092051143,-0.216165241314608,-0.213959527726115,-0.211457954175161,-0.208293557901757,-0.205095798781662,-0.201048703601204,-0.196298618690192,-0.191356462184442,-0.185197146606733,-0.178636619837244,-0.17091002780479,-0.162840651615988,-0.153100601194451,-0.142769340257977,-0.131108518988209,-0.118893497558086,-0.10574938111288,-0.0918817724953577,-0.0771710948861659,-0.0625938893474815,-0.0478613884857633,-0.0334272375756446,-0.019874827689975,-0.00757158076649112,0.00316619136377174,0.0118502063657575,0.0189294056811579,0.0242378972820459,0.027611168184606,0.0295753312839697,0.0309815553077759,0.0313899487698857,0.0316285502096562,0.0315209485212631,0.0317764151860999,0.0314609354995018,0.0313161144885809,0.0312945573003649,0.0310132940484781,0.0306839273490459,0.0308949571565392,0.0303308051250463,0.0300673894290507,0.0297167297492977,0.0295437659634335,0.0288916587590629,0.0287097949218591,0.0279793866512263,0.0270615337390525,0.0263596863880659,0.025452104670143,0.0245650520965974,0.0233162012602983,0.0219415997029718,0.0205328684472634,0.0189568099936237,0.0171200930189979,0.0152225743973855,0.0126638236994117,0.010306696922817,0.00800602673963263,0.00514279630142139,0.00273224602222513,-0.000112726266952039,-0.00313823186608001,-0.00593350159069603,-0.0082513002974227,-0.010392711656442,-0.0122030021618693,-0.0136438419792269,-0.0146993453882307,-0.0153515321054473,-0.0155567420226121,-0.0151422326592484,-0.0152356773222322,-0.0145109145181998,-0.0140651059997929,-0.01330484635031,-0.0127546736484952,-0.0117680005793504,-0.0106559207975017,-0.00972597805644961,-0.00881585430411053,-0.00738099309144304,-0.0064392322141266,-0.00537672838082649,-0.00417954436031281,-0.00343199867770674,-0.00248920981990041,-0.00146916704697175,-0.00131753170298549,-0.000584681712776397,-0.000456937404687343,-0.000341369457642513,-2.62673194924928e-05,1.10237377954425e-05,-3.30971901382766e-05,1.13168991480283e-06,-7.92787983716574e-06,1.92633344949766e-05,7.58844702747472e-05,-0.000123659569544758,0.000130420280927919,-3.8024484112725e-05,2.13360902273238e-05,0.00018782966356448,-7.03321446245478e-05,0.000106625746426762,5.71074345126139e-05,-0.000174410835420955
-0.211634237101276,-0.210998660804043,-0.210611540596848,-0.210127389594449,-0.209222002757849,-0.208920584296353,-0.207943344697247,-0.206711619095056,-0.205544361760268,-0.204116348892927,-0.202512735366429,-0.200618990816056,-0.19831592933382,-0.196055162692563,-0.192849388822274,-0.189844267789877,-0.186238116756657,-0.181791645048088,-0.176754886533774,-0.170973227838797,-0.164941743650106,-0.157481657322256,-0.149796462963883,-0.140526134428159,-0.130724353139969,-0.120136647190918,-0.108116592530029,-0.0956689884187752,-0.0822936753474424,-0.0685620068502344,-0.0547351749399571,-0.0406570717113669,-0.027206082586968,-0.0146558995478905,-0.00324858429677663,0.0069731902794391,0.0154380186760108,0.0216767492732263,0.0264367528541623,0.0296565014739921,0.0313825753501919,0.0325195523518594,0.0331299565003307,0.0331242926261082,0.0331411773576302,0.0329268864249276,0.0330391468709889,0.0327334945325444,0.0328445618975762,0.0325754543505594,0.0323033905031095,0.0320761223670053,0.0317303384321229,0.0315812247305309,0.031091760129253,0.030933999969496,0.0302945547687308,0.0299872168819958,0.0290362512716337,0.0285190436848423,0.0277304208893903,0.0269091468219261,0.0259527297964859,0.0246752864025141,0.0230383956395992,0.0215439972026312,0.019810168287443,0.0181445989432473,0.0159880330104056,0.0137266664408348,0.0112068392213335,0.00833825513151972,0.00569599802991719,0.00289051974257242,3.75770113045867e-05,-0.00282189945222662,-0.00563476681161991,-0.00862663673805253,-0.0105941003461501,-0.0123043153074239,-0.0140497003354451,-0.0152311099978559,-0.0155612989465176,-0.0160453378184365,-0.0159715108437467,-0.015737911208797,-0.0152046052253681,-0.0147624610282369,-0.0139159997557854,-0.0131762237722115,-0.0121590166650088,-0.0110038533840778,-0.0100943510490872,-0.00870570827379509,-0.00779343595210365,-0.0066524660522907,-0.00576445933644506,-0.00454208929814193,-0.00335084837931895,-0.0026601802578459,-0.00198171600105259,-0.00127715535891298,-0.000752644820390507,-0.000214346524473132,-0.000342755555432411,-0.000261108592557026,-3.27344729176325e-05,-0.000100324760875787,-7.43228721051203e-05,-7.12122365377587e-05,-0.00027822139958193,-6.1206278337171e-05,7.35706811178456e-06,0.000211860953049857,1.73406654257498e-07,-1.61017414078921e-05,2.86710476360824e-05,-0.000144852512526025,0.000173752425322695,0.000115583639517928,-9.72916314772605e-06
-0.195413997697946,-0.195158185158662,-0.194679621940576,-0.194373387288568,-0.193514905344723,-0.192845069745151,-0.191760698505326,-0.190899207199962,-0.189573797313753,-0.188621971411932,-0.186985626008769,-0.185228656473836,-0.182916900701126,-0.180860686799283,-0.178308516757632,-0.17494407458552,-0.171403135780875,-0.167124254711657,-0.162154008749503,-0.157268241449885,-0.151189191119426,-0.144407793777603,-0.136705511704901,-0.128175130255416,-0.118766054668467,-0.108722207502882,-0.097517799718553,-0.0854585411884971,-0.0732052554917134,-0.0599492967669556,-0.0470217434597991,-0.0337363007289102,-0.0210876956208859,-0.00910432346986651,0.0013265988474,0.010851364316868,0.0185233733588727,0.0243216845779887,0.0285837504619522,0.0313820989283347,0.0332212299936988,0.0339589450835427,0.0345676835210672,0.0344966943393433,0.0344861630164341,0.0344649819676475,0.0343338801068577,0.0341659146301493,0.0343014962564545,0.0338724420890751,0.0336790858104126,0.033409686400356,0.0330368946418985,0.0329208902314903,0.0328316332762465,0.0320223627614857,0.0317068393708305,0.0310349185007883,0.0307203102910068,0.0298476378452089,0.0287845997626877,0.0278675762675627,0.0267068855919271,0.0253391444326132,0.0242401246398571,0.0225499995174778,0.0209343627128927,0.0188937022088333,0.016696728487863,0.0142902860074029,0.0115741281624467,0.00914311435339685,0.00585897297332873,0.00299803987828747,0.000174242383765441,-0.00284820214078506,-0.00588702323891563,-0.00863149904366513,-0.0105332632009633,-0.0129449286727947,-0.0143140987712397,-0.0154237844004576,-0.0162849699608589,-0.0164524746336335,-0.0164043470107373,-0.0162991431701409,-0.0154826485602235,-0.0149506562546906,-0.0143369566791857,-0.0134004022350953,-0.0124433729155261,-0.0112335896658289,-0.0102017081849781,-0.00897376698405114,-0.00796421111668772,-0.00661965027174632,-0.00567441192503423,-0.00462289051306277,-0.00342061827012093,-0.00251725931180187,-0.00188955795507105,-0.0013055164069272,-0.000875053286036996,-0.000351203620597913,-0.000173093103766645,-5.65711995300154e-05,-0.000253773898836856,-6.26947327664026e-05,0.000110445694962101,1.61799626140742e-06,-0.000319911228549269,-2.81442206221235e-05,6.45234615803387e-05,-0.000404682246953968,0.000130622937736838,0.000132532961381637,5.07383884582224e-05,-4.02473901997252e-05,4.52988985413204e-05,-9.9395700785765e-06,-1.79832155997369e-05
-0.180488886671934,-0.179706757748201,-0.179293466099787,-0.17868810932363,-0.17824855509218,-0.177333826285582,-0.176576961119532,-0.175829645543691,-0.174517908376944,-0.173191942049741,-0.171835182215598,-0.170145660888798,-0.168143186985975,-0.165957216356179,-0.163559895478412,-0.160445393547754,-0.157083756560813,-0.153255697370491,-0.148863295662547,-0.143476859134481,-0.137644916848831,-0.131214429980073,-0.124275217672914,-0.11610257608337,-0.107262706212814,-0.0975507304773474,-0.0869599855875101,-0.0758704588770486,-0.0641782070206096,-0.05175949418235,-0.0394036596229496,-0.0271553400517388,-0.0154125132559196,-0.00424219391704165,0.00565347210873863,0.0141563943045897,0.021175102293481,0.0268451517706612,0.0306271034715118,0.0333193743386435,0.034923175911657,0.0354281939804222,0.0358345335859546,0.0359564773275553,0.0356611916828285,0.0357266606285409,0.0354646101607938,0.0352378018466345,0.0353556095361754,0.0349856155720971,0.0348472802779023,0.0347429999524715,0.0342836800150079,0.0343085582655573,0.0337861657641418,0.0334110397414727,0.0327967348825646,0.0322706551750829,0.0315097736895482,0.030646375534928,0.0298096623879431,0.0290042955440517,0.0277219929455773,0.0266697017798129,0.0247864193976341,0.0234667399829891,0.0216238952083074,0.0195763669225273,0.0172719910475417,0.0148343634369213,0.0121935443821029,0.00917964712444792,0.00648525523582786,0.00343615145310158,0.000314546533352487,-0.00270508345097378,-0.00593551481073683,-0.00858269047361671,-0.011038638244765,-0.0129301942043664,-0.0146582411343084,-0.015767980614882,-0.0165935321134803,-0.0167419757299113,-0.0165274687069009,-0.0162111707961337,-0.0158667397044485,-0.0151736384072154,-0.0144658086432199,-0.0136096469433048,-0.0127984330727444,-0.0113530505730021,-0.0105584954637055,-0.00941230111135636,-0.00786881997343713,-0.00699854441554001,-0.00567747090842498,-0.00435820440668086,-0.00334272975441681,-0.00249236138673724,-0.00180545705274319,-0.00144328735065077,-0.000784265149377147,-0.000554553540305292,-0.000536648999999143,-0.000112363495610684,1.82130001608868e-05,-9.02442409231174e-05,0.000150823017709462,9.68380081493217e-05,-9.33362980109842e-05,0.000268810065390729,-0.000120916751659824,0.000263661205547692,-0.000158124993255561,7.16520695899254e-05,0.000130251459862884,5.94249291547718e-05,3.00755364387183e-05,-0.000187340150146243,0.000115410307803908
-0.165278076605304,-0.16481192027321,-0.164571513301851,-0.163878189346466,-0.163513162384899,-0.16268540797398,-0.16176368917486,-0.161070996933423,-0.160108911108225,-0.158776996797432,-0.157484880314444,-0.15581236319017,-0.154051842338945,-0.151855064076994,-0.149581881831408,-0.146697882465331,-0.143373466014019,-0.1397321921995,-0.135438377058513,-0.130729745596415,-0.125339877236495,-0.11867723673508,-0.111918148951517,-0.104438029818246,-0.0961171959720779,-0.0871007675087182,-0.0770320852514676,-0.0667299969416734,-0.0557648030421636,-0.0440246541936118,-0.0322870966165085,-0.0207969508411042,-0.00949972393799222,0.000845579748050012,0.00968275049815211,0.0173865669769619,0.0243124895701287,0.0290033653382342,0.0323253315630855,0.0346926612780745,0.0360250873652837,0.0365740686352894,0.0368539414677566,0.0366552112973994,0.0365836773805342,0.0364954502318612,0.0365510466586592,0.0362463343852734,0.03602856400676,0.0361309689183784,0.0357606411844084,0.0356660726900836,0.0354904800265927,0.0349475041646145,0.0347134458167668,0.0343653429463636,0.033385781882807,0.0332897861182086,0.0326694355766824,0.0316054966207392,0.0307754400186218,0.0297613374654708,0.0286897264679713,0.0272137043313691,0.0258058439857003,0.0241144080578636,0.0222754923315038,0.0199307789360405,0.0178971987351113,0.0152988202630219,0.0126010761523277,0.00992470264188159,0.00672217855977433,0.00340043699126189,0.000113091721646773,-0.00269418566850292,-0.00598902665468754,-0.00861247426612097,-0.0111897037889652,-0.0133555089585111,-0.0149819770534981,-0.0161378482787085,-0.0169597852522299,-0.0170681968813914,-0.0173991536537737,-0.0167721880546406,-0.0165100980721431,-0.0155078143456491,-0.0150231496882515,-0.0139758616585006,-0.0129653233920443,-0.0120117061359334,-0.0108225718227398,-0.00931542143902024,-0.0083035041336588,-0.00707460179650527,-0.00589425955071507,-0.0047391054759099,-0.00367036494450932,-0.00256353237625795,-0.00167867644215695,-0.00121885611343487,-0.000637081312875749,-0.000579402325175576,-0.000142519422723943,2.61661633934433e-05,-6.39592550436801e-05,-6.65110334892695e-05,-1.68332986704362e-05,6.39249020590599e-05,-1.79048685308301e-05,0.000190142215795463,-8.38609079243894e-05,-0.000185307730153912,-1.17353912709807e-05,0.00011556125811859,1.56512316909731e-05,0.000122037874390789,-0.00010490908142055,-0.000189959857287896,0.00012334404177022
-0.151491749476604,-0.15091081455906,-0.150654900947031,-0.150459897230269,-0.149872273454855,-0.148900087234083,-0.148124696349559,-0.147456189030372,-0.146746504035245,-0.145151303001396,-0.144169090976531,-0.142416711265682,-0.140535354981524,-0.138993249302997,-0.136513536240729,-0.133899973575607,-0.130377774641869,-0.127072380483645,-0.123108463643131,-0.118515639503428,-0.113204463052924,-0.107759168592688,-0.100969958021366,-0.0937964048841188,-0.0858711632682144,-0.0772859566694013,-0.0678736692225908,-0.0577079546702068,-0.0472125298276695,-0.0365112400563194,-0.0255917625194253,-0.0148314609074586,-0.00462798419514232,0.00483562571195396,0.0135766381569186,0.0208090029299012,0.0265754314968752,0.0309027103983127,0.0339241518764541,0.0360148234259408,0.0370438248880482,0.0374760698004971,0.0376962073588606,0.0375779792121118,0.0371946309758624,0.0372653190258352,0.0372801470278255,0.0371099463114236,0.0369784674609418,0.0368725817533467,0.0366321553927058,0.0365678890540474,0.0360222909394319,0.0355328589932433,0.0351577690619526,0.0349328372842539,0.0344106218560664,0.033750428644071,0.0333089761314068,0.0324390412462768,0.0313944485508797,0.0305580171898292,0.0291120236401964,0.0279816304855397,0.0260877475052734,0.0247019271933295,0.0227387571372344,0.020524166199521,0.018367843115873,0.0154062433465531,0.0128330266670642,0.00994299383027317,0.00684242517279998,0.00370316515892471,0.000221696670282433,-0.00272297766741173,-0.00586940937042357,-0.00867190718738398,-0.0111374694585173,-0.0132656061529742,-0.0151306436789854,-0.0165376859679024,-0.0171838764403856,-0.0173754158372566,-0.0173002372004386,-0.0170919455885755,-0.0166510467113662,-0.0154130297915574,-0.0149944369269626,-0.0140283741740463,-0.0133439457343842,-0.0121999021615596,-0.0107180342210442,-0.00950684611944785,-0.00837274025353122,-0.0071352535569493,-0.00594175249897693,-0.00486124640438918,-0.0037732264456043,-0.00280157783533951,-0.00191827418519803,-0.0012605127494085,-0.000994580601867764,-0.000304458847535082,-0.000307723032709906,-4.63976996878173e-07,2.8538328337655e-05,-8.11117524166845e-05,3.56787252817508e-05,-1.12432086053317e-05,-0.000341534982459735,-0.000148565365240272,0.000311795018400736,-6.1210720980923e-05,0.000151367850826906,-6.84730814373228e-06,-6.97933615688142e-05,0.000239503929198376,0.000220539509953651,-0.000134649368196053,-4.39816563125426e-05
-0.138780102575418,-0.138366026592297,-0.137878942724849,-0.137422881662925,-0.137078180460698,-0.136068997546064,-0.13575049746167,-0.134934954452969,-0.133926594577666,-0.132818700069441,-0.13162985648964,-0.129987117400227,-0.128476010125603,-0.126525255248501,-0.124716900239093,-0.12176607674059,-0.118863117104345,-0.115341598260669,-0.111536824873096,-0.107411111956371,-0.10220934418709,-0.0969597709687376,-0.0908392026247037,-0.0838120989660194,-0.0763227150780741,-0.0679338579063938,-0.0592000210375004,-0.0499728595372965,-0.0399640603821881,-0.0298787083271984,-0.0194096533120583,-0.00964035244848713,4.26751403677635e-05,0.00883630682466439,0.0169458906147135,0.0234587321746283,0.0287084356094196,0.0327246687795807,0.0353644851021755,0.036976793944662,0.0379254925391798,0.0380249151425424,0.0378764611901938,0.0381516737891564,0.0377653825734359,0.0378248691346381,0.0375615987969419,0.0374255788750857,0.0374927344248477,0.0370884068746656,0.0369875855784562,0.0366036770626924,0.0363023537497594,0.0360856963759064,0.035722393037455,0.0352074979738281,0.0345539028203569,0.0340763184187573,0.0334477418861489,0.0329387250351957,0.031532057951381,0.0304479045037407,0.0294420457751329,0.0280639339914074,0.0265994661339834,0.0246829719558161,0.023211480019421,0.0211378721219667,0.0187233046358095,0.0159523837279109,0.0128203350875244,0.0101402404476141,0.00722762188073985,0.00386646301379876,0.000469427276656099,-0.00322448284996857,-0.00597691728766112,-0.00853116601577387,-0.0114169761589166,-0.0133915799573372,-0.0153080614868832,-0.0164019210791485,-0.0170864960287862,-0.0176870679442246,-0.0173691162891284,-0.017057798202036,-0.0168830389485241,-0.015816053040251,-0.0151112230066306,-0.0142586533626101,-0.013287370922023,-0.0117555506487634,-0.0110674606232069,-0.00984589444526167,-0.00844033355001657,-0.00693998926924553,-0.00620197348817867,-0.00476606337083808,-0.00369275588584942,-0.00260016254989742,-0.00192865074376133,-0.00143674185497514,-0.000818134189502737,-0.000880167996369353,-0.000343399849744828,-0.000388320818526333,-0.000127675608097993,0.000189610586825619,0.000186444698269921,6.7059374760731e-05,6.43485767514103e-05,0.000170715027378329,5.11457062776398e-05,0.000366701553237239,-0.000206613091235172,-0.000284670748082351,-9.90245532943855e-05,-5.01179025457894e-05,5.52704685048578e-05,-4.68283319254401e-06,0.000132692489538319
-0.127025204288773,-0.126960391777143,-0.126557090881868,-0.125816686461734,-0.125786226281643,-0.124978150834201,-0.124203817104076,-0.123564143049123,-0.122531128258834,-0.12133602014321,-0.120373403700334,-0.118992093230549,-0.117308186539964,-0.115617987102589,-0.113193503591039,-0.110870014487433,-0.107938381913395,-0.105216253608402,-0.101433751066585,-0.0970510556402526,-0.0924905070669455,-0.0871694663126712,-0.081366762052961,-0.0748554063721418,-0.0674447263505616,-0.0600624630781063,-0.0512339888889255,-0.0423375551792282,-0.0329771022737152,-0.0236808999555419,-0.0135535072649243,-0.0044896838178668,0.00452997501319525,0.0127562404187692,0.0196780282620685,0.0257494875928133,0.0304421831969711,0.033921776626926,0.0362858108593186,0.037667318735405,0.038244414644979,0.0382903084069973,0.0382302931089374,0.038125157436999,0.0379335370256993,0.0380641705108737,0.0375657875252264,0.0375442360817442,0.0375324000456091,0.037252496515579,0.0370157063898419,0.0367840794326907,0.0364465611776352,0.0362303159881651,0.0359060525582936,0.0352364301726345,0.0347761331479583,0.0342792471339016,0.0335860010055977,0.0326910475959106,0.0318991060705978,0.0309766218242818,0.0294349192614545,0.0281914164365956,0.0267383891457836,0.0249954177378444,0.0228021709583493,0.0211321408510784,0.018660633139606,0.0158964454464645,0.0131276721309981,0.0100614387630921,0.00698838748287738,0.00365942368373156,0.00051803208262791,-0.00277348426207228,-0.00590891929036295,-0.00865701690007377,-0.0114755438602858,-0.013578156821555,-0.0153033866896756,-0.0167110960296044,-0.0173909623507536,-0.0176506952250922,-0.0176159021961466,-0.0174408542465427,-0.0165313367315459,-0.0160285948679453,-0.0154499420140084,-0.0142206275207747,-0.0136145007517251,-0.0123694778356128,-0.011033931209435,-0.0100626723409647,-0.00866656722786366,-0.00739149435549057,-0.00584988475656504,-0.00506357778804122,-0.00368392573015958,-0.00284390670545295,-0.00203701481516913,-0.00141301606821614,-0.00094467340535116,-0.000344870559645883,-0.000359649614901863,-0.000387187459909053,0.000114330597127715,-9.69369907061036e-05,0.000275943729520115,9.67875090922319e-05,-2.06167264934478e-05,-2.3018979029366e-05,0.000294661569217889,5.67193975414741e-05,-6.52568717386523e-05,-9.30173162654463e-05,8.10307157796864e-06,-4.40286721281842e-05,8.54904757745877e-05,-0.000287207378393168,-0.00026775757356671
-0.11684042426666,-0.116354483445796,-0.115976697454848,-0.11573448510273,-0.11561715483187,-0.114759757386893,-0.113927655635324,-0.113163645751598,-0.112194761080406,-0.11128001586823,-0.110284648702151,-0.108577074505314,-0.107319831850084,-0.10559773891657,-0.103349514672913,-0.101262006361836,-0.0984177440403448,-0.0954578484304713,-0.0919204304595125,-0.0877050608469739,-0.0833539451066916,-0.0783306735991291,-0.0725909229455976,-0.0667001678052372,-0.0596145135133941,-0.0523482268261186,-0.0446420634026717,-0.0356405305491028,-0.0270151912250714,-0.0178102468335762,-0.00890655716934677,2.25397314987595e-05,0.00843420373062523,0.0159187464265291,0.022442920001057,0.0280642192916247,0.0320091406508498,0.035160017692136,0.0369588260764141,0.0378503218107462,0.0382194200211907,0.0384652342763454,0.038174089196401,0.0380707296520344,0.0376936299966025,0.0375743571648885,0.0378281498174754,0.037249792026603,0.0371268252578107,0.0371200806924514,0.0368372858597956,0.0366662312895157,0.0363201359473462,0.0361617318855168,0.0356469517377802,0.0350381005565862,0.0346529878360066,0.034040885944853,0.0334053843265504,0.0324945544659951,0.0316893492515183,0.0305456333419421,0.0294477337413729,0.0278914011656385,0.0262863841299606,0.0245613544632446,0.0228138368069298,0.0205687275522351,0.0182765236320924,0.0157520413977625,0.0130769169591763,0.00988146119046598,0.00688234350518069,0.00366190844341476,0.000268249525339866,-0.00300647360595245,-0.00620899202384351,-0.00928719810435999,-0.0113475464426579,-0.0137191278600595,-0.0153818229424091,-0.0167792845519337,-0.0176445619307929,-0.0176323088818472,-0.0179668154464641,-0.0175029795990089,-0.0168906393993623,-0.0162843288975152,-0.0152027176922592,-0.0143126392468018,-0.0134919200336712,-0.012165104467979,-0.0111349541682623,-0.00970172484138344,-0.00852489128452338,-0.00728143409026881,-0.00620887290622923,-0.00525179628326304,-0.00382499838938485,-0.00284127034198984,-0.00202227193618421,-0.00138916909000053,-0.000973845003598052,-0.000511777297322931,-0.000280573429057784,-0.000544108261496016,3.32919075847816e-05,9.38036319833264e-05,7.86221217668549e-05,-0.00025980830974851,7.98913564480865e-05,-3.6614543839314e-05,-0.000112906191533583,-6.52516814459146e-05,-7.88807700976495e-05,-5.81911916354282e-05,-0.000137289824343197,0.000199655265466833,-4.53221775521155e-05,-0.000138321197411552,0.000145755770514584
-0.107228876417428,-0.107122392070369,-0.106834950642721,-0.106365414659717,-0.106033755654304,-0.105295150531956,-0.10462155898015,-0.103906204151623,-0.103244512548471,-0.102161710392511,-0.101053653306713,-0.100090524534838,-0.0983558394729334,-0.0965726081989592,-0.0945896624016861,-0.0925390418491025,-0.0899321176689971,-0.0867446086255724,-0.0831736359283523,-0.0799095975677504,-0.0752592433614254,-0.0704858064058842,-0.0651330496523973,-0.0591286355239949,-0.0526702269733377,-0.0454722871521823,-0.037870974211362,-0.0297684296856496,-0.0215008308741701,-0.0126970433513177,-0.00395252767346792,0.00427593873019889,0.0116049171772185,0.0183013066794449,0.0248240573220568,0.0296013173838901,0.0334204753793102,0.0359172390530772,0.0369443352212717,0.0379387744000737,0.037895818602702,0.0380008798668064,0.0379133869549933,0.0375043448180795,0.0372480661807178,0.0373112759661674,0.0372597266720586,0.0370211454393065,0.0368087426064406,0.0365416271439353,0.0363551435723309,0.0360623462087289,0.0358048208369392,0.0354629735230061,0.0351780012625549,0.034985208910087,0.0342063271016797,0.0335017167341231,0.0328162409321025,0.0321281470192632,0.031056706260734,0.0300753743934198,0.0291096577926042,0.0274484925813921,0.0261530326221967,0.024473029805002,0.0224653282187425,0.0203229499984781,0.0182530489578499,0.0151693623569082,0.0126708596345308,0.00964554986275824,0.0064002418101216,0.00339528968542049,-6.37385609866354e-05,-0.00340145604333492,-0.00644477590188855,-0.00903090194829692,-0.011714848507181,-0.0140073816384731,-0.0155814845823371,-0.0167650390910435,-0.0176626640955965,-0.0179553845172806,-0.0179612200296717,-0.0176272477610096,-0.0169121094206143,-0.0161012931299793,-0.0152485041195396,-0.0142685303993055,-0.0134943540088891,-0.012078761064074,-0.0111267788394965,-0.00962894552077157,-0.00877951488819731,-0.00728925430052423,-0.00609362220184824,-0.0049048609190758,-0.00384112468857012,-0.00269979330359989,-0.00187559024952452,-0.00117344425744952,-0.000774624756054058,-0.000684655217287981,-0.000110909805191607,-3.46865237080026e-05,-0.000101695332907121,0.000118055664574497,-8.00686239271915e-06,-0.000100344030397968,-7.20990599209847e-05,0.000110781638171416,0.000206564118699653,8.05218327477795e-05,3.97144381040789e-05,9.16004185448114e-05,-2.12736735090656e-05,3.47474847054742e-05,-3.48273414835201e-05,-0.000136276371679632,-0.000419415213673667
-0.0987913308469895,-0.0985412990901917,-0.0980955675811093,-0.0980961914989463,-0.097588678690542,-0.097065789667729,-0.096043563447674,-0.0957258902638509,-0.0947926693185974,-0.0938936573783576,-0.0930567863501637,-0.0918738173207072,-0.0902720403227332,-0.0885082484261925,-0.0866247917892691,-0.0845632010302087,-0.0819599556792434,-0.0791685994603093,-0.0759147178945537,-0.0723153031837635,-0.0680821795529844,-0.0634528981580478,-0.0581787133960384,-0.0524204710932459,-0.0462227184701703,-0.0394709810704796,-0.0322450337514829,-0.024331380509278,-0.0166654155978517,-0.0084934226672285,-0.000202803463675832,0.00759665554377169,0.0144899574174233,0.0209886059703252,0.0264186329200058,0.0307430223201581,0.0340461365082372,0.0358524823311091,0.0371241223815528,0.0375655006390673,0.0374669631288094,0.0372954099507915,0.0368058998195584,0.0369095441334152,0.0363982768333339,0.0364403351066419,0.0364663281560638,0.0359769526649967,0.0359757627362424,0.0355485828253107,0.0354372800398367,0.0352985570811577,0.034957376856273,0.034739633315092,0.0342402805618141,0.0337111510680911,0.033247203151902,0.0328380673783803,0.032085173099976,0.0313308649778121,0.0305408161585699,0.0294128422202576,0.0280549658025982,0.0269882768974934,0.0253342796196341,0.0234908297932893,0.0218646300773418,0.0198001333687909,0.0173149968121222,0.0149395258895452,0.0120405848575977,0.00926444221205903,0.00591160314367832,0.00297057685031062,-0.00039979632038593,-0.00330725332992454,-0.00655028683568104,-0.00933815534031221,-0.0117365374063269,-0.0138162741420154,-0.0155029670532881,-0.0167305125815671,-0.0177115570845806,-0.017857781581152,-0.0176649021200425,-0.0175414088648076,-0.0170868268846045,-0.0162098544158252,-0.015402925905818,-0.0144529232097526,-0.0134064903553009,-0.0123154958660869,-0.0112143933077044,-0.00982722890690678,-0.00842104509610593,-0.00738431585529867,-0.006119581595769,-0.00507663845220574,-0.00392261900034369,-0.00271120162550837,-0.00202146648186109,-0.00111873272179691,-0.000926659807687489,-0.000692951410810469,-0.00035593290360524,-0.000139565669577211,-8.35896355154831e-05,6.88419791287552e-05,0.000192606396768292,-0.000325256216689928,-0.000106575897757569,-2.06602153536426e-05,-0.000163073788233903,9.99401532265871e-05,-3.48709468173181e-05,0.000239673726175041,0.000342212229567735,-0.000184567787004331,0.000168374157860546,4.24685371511805e-05,-0.000183456272768243
-0.0913086234151529,-0.0911567290646503,-0.0907366963158241,-0.0907076845592021,-0.0899720597523924,-0.0894383469433437,-0.0888844116161983,-0.0882327031791275,-0.0873932729041849,-0.0865619040012806,-0.085588325386527,-0.0843961016163989,-0.0829749640666749,-0.081447243131598,-0.0794894644479903,-0.0775539327418847,-0.0750990795027495,-0.0721583124972543,-0.0691101474862784,-0.0654071395199081,-0.061519573521442,-0.0570938502209438,-0.0516786436465673,-0.0466533919752628,-0.040713803275764,-0.0338919965912088,-0.0268547390965205,-0.0196272795780635,-0.0124150622418748,-0.00471222325505935,0.00302582208424115,0.0104079493745629,0.0169457432442928,0.0227084120021179,0.0278085061086463,0.0316153529483442,0.0344175234989257,0.0361229227056962,0.0369185909764074,0.0368525396594788,0.0367484660242979,0.0360689778239413,0.0359498555082224,0.0355146957510424,0.0351287355333195,0.0353408286208797,0.035025718364496,0.0347522421856626,0.0344826343083561,0.0346684285124226,0.034332910164629,0.0340264662147374,0.0339804780483246,0.033552066042679,0.0332687785133834,0.0326098731779516,0.0321833774070871,0.0315858352186098,0.0311213877299363,0.0300702681555068,0.0291582568224414,0.0283247432874228,0.0273915016737218,0.0260101727557031,0.0246368658038546,0.022610282389035,0.0209287027549387,0.0190931907823676,0.0164340526995004,0.0144441623951029,0.0116191665792741,0.0086151801345901,0.00565490815075073,0.00254575470407407,-0.000641207132072355,-0.00370778405739082,-0.00636513086178145,-0.00947641437398888,-0.0119340799215058,-0.0142164897882779,-0.0156303564628603,-0.016692475385361,-0.0174773533657523,-0.0180635912692383,-0.0179212080214035,-0.0172762926018318,-0.0166072486787787,-0.0160994368317375,-0.0156476734543623,-0.0145976617029744,-0.013394311360399,-0.0121978597284665,-0.0112455135814338,-0.0100245813908346,-0.00845279979020739,-0.00702432448130386,-0.00615261909572742,-0.00492387598678061,-0.00365431778753265,-0.00275343023859532,-0.00214874171811499,-0.00146017471947179,-0.000823504252247939,-0.000181256726323848,-0.000332068014216357,4.77709011490173e-05,-0.000119756250363838,0.000363414346740272,3.33398744047551e-05,0.000132876155609904,0.000113868369489051,0.000107801591905028,-4.53654142071258e-05,-0.000133306005650381,-0.000165439982003207,4.40564735194561e-05,-0.000104741047234464,9.37093438860892e-05,-0.000111945743845661,0.000117212837350981,-7.83169514831074e-05
-0.0846087695354021,-0.0843169876717487,-0.0840451492437832,-0.0833010622704079,-0.0830806083438711,-0.0828031396565581,-0.0823273596181853,-0.0818167463205089,-0.080984665779865,-0.0797935403028167,-0.0788795118631289,-0.0778003133854409,-0.0761984121938393,-0.0746647219319988,-0.0732339040205992,-0.0710116062813383,-0.0687111690546707,-0.0661391845802563,-0.0629482844684971,-0.0594863030208958,-0.0558916363019683,-0.0510477693477623,-0.0466704398473761,-0.0411017936281641,-0.0355596257300326,-0.0290232100537529,-0.0225836634302858,-0.0154722313274587,-0.00819383412368805,-0.000980258912113608,0.00609339990152465,0.0127815681309742,0.0193803321533167,0.0243561227719038,0.0290506180451918,0.0323134557165916,0.0343652161653648,0.0355694876118714,0.0360972470984785,0.0356754071623461,0.0355603775782253,0.034839394748489,0.0345483269334333,0.033825154885985,0.0336430622934122,0.0337685854653778,0.033617264669211,0.033332508290341,0.0332348342969242,0.0331390329651689,0.0330195881110951,0.0327411375540724,0.0322804329351688,0.0320313483125954,0.0318457586550423,0.0312308842070252,0.0309102778622267,0.0303107974845113,0.0294570199429312,0.028638691592407,0.027833697282086,0.027265244966851,0.0261406339511325,0.0248582661749071,0.0232475777639511,0.0218623331530124,0.020068928915938,0.017869445820007,0.0155563140118604,0.0131243977717736,0.0105845772457578,0.00806374898907771,0.00508116846890833,0.0017570193409994,-0.00115834406117505,-0.00417975198833118,-0.00706418495548332,-0.00962568019034795,-0.0120339848880288,-0.0137630305469674,-0.0157484128173068,-0.0166596498327439,-0.0173023866948548,-0.0178841792713108,-0.0177961357896022,-0.0174802478163609,-0.0168974056943683,-0.016055868138463,-0.015562555516772,-0.0143534862458637,-0.0133736688635632,-0.0122536438577463,-0.010742753061264,-0.00958032724105837,-0.0084293312723071,-0.00701883833284216,-0.00598043277598756,-0.00484772619887219,-0.00384147769792619,-0.00333291105879255,-0.00178905433289549,-0.00160206850446954,-0.000670282309140633,-0.000432493327440104,-0.000294021856370999,-0.000274789583965689,3.97461856547082e-06,-9.69063803340744e-05,-0.000179703812839412,-0.000110913022893607,3.86998586843754e-05,2.810767494653e-05,-0.000127025957207455,0.000140317803703181,-0.000152805007047527,0.000226710764139338,-0.000124957836488675,0.000209029668768503,0.000104123710388563,-0.000117149397466252,9.08434138583008e-05
-0.0788050713496157,-0.077923938284911,-0.0778628751403336,-0.0776633115240239,-0.0771741927733098,-0.0763568176356999,-0.0758723564976707,-0.0757276530828597,-0.0746399367251173,-0.0740147070973038,-0.0731300852026096,-0.0716961907353559,-0.0703350303893525,-0.0690590591523123,-0.0672921984897541,-0.0651738642873217,-0.0629288974504711,-0.060409878729124,-0.0574231825158133,-0.0540990104358026,-0.0504567374937077,-0.046336341044136,-0.0415732261661756,-0.0364176811455891,-0.0309045248347382,-0.0245774038744427,-0.0185144296432367,-0.0117316277700981,-0.00492411549123351,0.00196427756185814,0.00891510661566343,0.0150652074551706,0.0208753842231107,0.0255712550743623,0.0296260799864785,0.0322561425342094,0.0341056038739307,0.0351436234233054,0.0351535337895205,0.0347517977080111,0.0337875438904392,0.0331518462043443,0.0324233461831194,0.0322777775631585,0.0320902083255629,0.0318013712049077,0.0315281396333611,0.0315554522594901,0.0314272441240538,0.0310138054527773,0.0311750250537911,0.0307317433699409,0.0304240407291458,0.0301674174471696,0.0297833823456656,0.0296759078187589,0.0291262218847556,0.0282920402966191,0.02786908089608,0.0272780451508924,0.0262994681424188,0.0255913523816595,0.0245540304716806,0.0232548233629061,0.0217828103963725,0.0199529013300335,0.0183285255024429,0.0164936599636846,0.0145806934885125,0.0122497013643296,0.00954402335281427,0.00691954923063462,0.00405138501695773,0.00128419825148005,-0.00194917791177287,-0.00471544066577468,-0.00758778802739086,-0.00991356546365791,-0.0123431447201654,-0.0139436328091266,-0.0157877173011087,-0.0169965489728336,-0.0173434641565748,-0.01760797190447,-0.017477395303795,-0.0173318765966167,-0.0166035024106149,-0.0160231941454364,-0.0149867842772515,-0.01430384432638,-0.0131678685590213,-0.0120165736018544,-0.0110847297038397,-0.00976712220296945,-0.00841391924229807,-0.00750973542690536,-0.00574387777231117,-0.00474780181391152,-0.00382108443119159,-0.00245575691612737,-0.00225643807571432,-0.000966794356344579,-0.000930091510513217,-0.000433290156949906,-0.000394926318230412,-0.000204727222844606,0.000108732836098193,-6.39109796382977e-05,3.62526784378389e-05,0.000114839999884504,6.44008493279626e-05,0.000380608896119598,-6.7610252578946e-05,-0.000251607011190072,-7.56621958335521e-05,-1.40327323787656e-05,0.000150697200353824,-8.50670429291727e-05,-5.24090971720256e-05,-1.21546905886239e-05,0.000145257337190324
-0.0726554868575964,-0.0724386043818763,-0.0720960313358549,-0.0717274951433458,-0.0711507453399456,-0.0709789201316264,-0.070506442074311,-0.0699853494514843,-0.0689548471445428,-0.0681336254909553,-0.0674113093328177,-0.0660377215102842,-0.0651317713699516,-0.0634185298341763,-0.0618265835712471,-0.0598468263075929,-0.0576774508633636,-0.0548785320701476,-0.0525496952008429,-0.0490205887995007,-0.045490275624913,-0.0415758621432714,-0.0369655301751567,-0.032165383814761,-0.0266760551390922,-0.020772581087502,-0.0147994343481005,-0.00831784159785717,-0.00204451203980524,0.00471261755381324,0.0110415892797434,0.0166248278497044,0.0220383851384477,0.0263145088345225,0.029784632999219,0.0320980142450294,0.0336973124692125,0.0341865541638737,0.0337126535592683,0.0329194656823487,0.032160830129446,0.0313798066635504,0.030554812257697,0.0301263831483994,0.0299012775899277,0.0297257257548066,0.0295966840435562,0.0293438901258824,0.0293825524939361,0.0291730603232611,0.0289993861172595,0.0286228199455599,0.0284197599517839,0.0282175528417776,0.0276340345290732,0.0275715697978115,0.0270730142369639,0.0264208328743204,0.0258724704312887,0.0252104687148835,0.0245648946786722,0.0236957948762876,0.0225499346499504,0.0215878214113991,0.0202539244739035,0.0183856571915784,0.0169710067031433,0.0150020693198025,0.0132210043873913,0.0108086530690083,0.00845555876098525,0.00609258970331353,0.00319999835874197,0.000624622651226164,-0.00239288174171262,-0.00502073472931507,-0.00784872181498763,-0.0103444853654679,-0.0123979224305609,-0.0143327098253978,-0.0159046273747141,-0.0165312259754238,-0.0174418286221509,-0.017438731260589,-0.0175967627046492,-0.0170428161335845,-0.016351180744414,-0.0156484905687341,-0.014981106829656,-0.0140735363829066,-0.0129025468495264,-0.0118807299500808,-0.0106480392352497,-0.00950999083901149,-0.00835843142070183,-0.00686569345078777,-0.00609842296772752,-0.00477598231025332,-0.00371486679612147,-0.00252933997451137,-0.00182809893203044,-0.00146365751816484,-0.00106179175699678,-0.000385889584017701,-0.000329744685213181,-8.62232597703337e-05,5.24660740414941e-06,-4.02714020599676e-05,7.19079733063204e-05,0.000117455742661002,0.000158173405112452,6.04712808654027e-05,1.31569621424921e-05,0.000160215222800821,1.82174815338015e-05,0.000106705737351503,4.95748332358755e-06,-3.98028226129339e-05,-0.000135119385105264,-2.16075381705169e-05,-2.72593204349502e-05
-0.0672832127078039,-0.0671807712899048,-0.0668672151294986,-0.0663671810167959,-0.0660340199859913,-0.0653483375417253,-0.0651417590133599,-0.0645309196958111,-0.0637158198611758,-0.0629448837492147,-0.0617518406633997,-0.0610536557565536,-0.0597508026030654,-0.0582116089091687,-0.0569491782451515,-0.0547285807756442,-0.0525699587609423,-0.0502090499060839,-0.0476580200009872,-0.0442922166810221,-0.0411576846843362,-0.0367986149612432,-0.0328076065614967,-0.0278403997082653,-0.0225836296586622,-0.0169386941647907,-0.011530727005735,-0.00530988851678618,0.000909974877036032,0.00684600405324043,0.0130103153920729,0.0182506980607889,0.0229531984418005,0.0269193823702727,0.0300277504824595,0.031887863380047,0.0326206200274581,0.0324535339276747,0.0320343989874118,0.0308632216174218,0.0299624714372057,0.0289348703449501,0.0282490767034868,0.0277671234952367,0.0272874685934926,0.0272692899081914,0.0272215993715464,0.0272186228602708,0.0267927319136343,0.0267701898102113,0.0265385284512467,0.026270135962901,0.0261813494838897,0.025744196272692,0.0254709222634514,0.0249429802033235,0.0247594454507688,0.0241744718340211,0.0236596588146475,0.0230304088925833,0.0223256909163511,0.0213290875189051,0.0205154609767202,0.0195709476240938,0.0180650504243586,0.0168227377486012,0.0151607216862719,0.013648647927285,0.0115898395090784,0.00930008264122643,0.00709969919059327,0.00473441964345247,0.00223787808392825,-0.000301261890336464,-0.00299352909112759,-0.00578977266146027,-0.00812034230053606,-0.0104598848770836,-0.0125712307122458,-0.014020075896386,-0.0155979646843841,-0.0168306000497599,-0.0171813316847613,-0.0174829562503307,-0.017073501073653,-0.0168601346251703,-0.0163169009787565,-0.0156659895215114,-0.0146791976330363,-0.0140424687709534,-0.0130187222602338,-0.0119554542576546,-0.0108673638127707,-0.00951598163215002,-0.00838378431699779,-0.00720656548508045,-0.00569700007594967,-0.0044778051768135,-0.00384304291391407,-0.00269189974943411,-0.00175166115724446,-0.00138501058754588,-0.00084957512126949,-0.000600497013063678,-0.000422773113144329,-0.000350359040199784,1.03825395368399e-05,0.000275777135501891,4.35402344634776e-05,-6.27434475850486e-05,-3.02739249822756e-06,-7.03275338437586e-05,0.000134240459766448,1.55250365775383e-05,0.000102812131567015,0.000243416717114559,-0.000187815008194856,-5.45294258035499e-05,-5.70796955367501e-05,0.000109490426158316,0.000393427369685475
-0.0622326933911594,-0.0620262815946387,-0.0617684526072458,-0.0613162192708247,-0.0607317191472349,-0.0605225086949374,-0.0600015740172199,-0.0595511532171023,-0.058968074264631,-0.0577236848708402,-0.0569864773771668,-0.0559832424806606,-0.0546680779979638,-0.0536051038833347,-0.0518849458335738,-0.0499036234562449,-0.0481149182435012,-0.045578117659381,-0.0429361238439876,-0.0400834325139396,-0.036295211201422,-0.0328427756691545,-0.0287745257910234,-0.0243326460257514,-0.0190579192320509,-0.0142347518518,-0.00836357182945137,-0.00271726639029349,0.00292829114977711,0.00894683579930082,0.0142777586794998,0.0193118182629147,0.0237441093915703,0.0269100002274249,0.029413923742672,0.0308835895596113,0.0314662326440074,0.0307142940862,0.0300420343853638,0.0288324832935602,0.0273584408210508,0.0264790661086542,0.0252942453550008,0.024976637313,0.0248616586486486,0.0244681296029399,0.0242924150329469,0.0240134697565047,0.0239955847012652,0.0240478462902056,0.0239713515179064,0.0235908125029032,0.0232984242329092,0.0231895690298579,0.0228614684736414,0.0225104714866805,0.0220245769796747,0.0214767211496588,0.020899392556476,0.0205912187667106,0.019769353771986,0.018931775765803,0.0181140554001157,0.0171349290389336,0.0159039180076114,0.0146605184240417,0.0132437305042068,0.0114334149844675,0.00965943985939387,0.00765431352326524,0.00573693501747632,0.00368159971509832,0.000895342230054196,-0.00154127970012025,-0.00415745310408569,-0.00652463502851387,-0.00866289356751804,-0.0109017516067012,-0.0131311413213875,-0.0145815993889224,-0.0155979496942878,-0.0166849980051651,-0.0169926185962689,-0.0170457035232971,-0.0173037290934791,-0.0167469690238881,-0.015908680589647,-0.01579964529264,-0.0145893413944106,-0.0137778704600825,-0.0127043210309821,-0.0115587552491726,-0.0109793177710915,-0.00939548291010688,-0.00829983744013772,-0.00704913667751793,-0.00580254205605191,-0.00488113072841367,-0.00368553674078399,-0.00282022422785343,-0.00196413296263249,-0.00136553887173215,-0.000940440227840418,-0.000469010252598724,-0.000393398519297039,-5.05299805120347e-06,0.00013205041884282,1.69355267688772e-05,-7.59282693221151e-05,-0.000171325545808769,-0.000268203010391066,-0.000110831932898606,1.96973394430603e-05,0.000142549725971152,-3.52676107826286e-05,-0.000106599244097438,0.000150784638464378,-0.000285408990839181,-0.00012204063273881,-0.000300203641650653,2.30130498126312e-05
-0.0570985407854192,-0.0569462355895553,-0.0567259183079234,-0.0564045306741263,-0.0557666588503461,-0.0555561788214943,-0.0550919805255252,-0.0544319343215189,-0.0538504852187222,-0.0529390971875316,-0.0524045911276798,-0.0514690266096529,-0.0499229760216713,-0.0487438186320717,-0.0474955039792889,-0.045436641213359,-0.0434787661944914,-0.041658486082404,-0.038551732232516,-0.0357533908557651,-0.0326799627566523,-0.0291287733875857,-0.024751782232215,-0.0204390700875734,-0.0160689751961316,-0.0107640502350832,-0.00579100258882596,5.20275044242715e-05,0.00526510486021437,0.0108120374883037,0.0156299792309084,0.0202826125346771,0.0238133226611209,0.0271076094523319,0.0288611851849562,0.0298273059716174,0.0297494612965568,0.0289591642553508,0.0276364305329436,0.0262944793338638,0.0244641182004994,0.0233960229969884,0.0227593267893466,0.0219375781483946,0.0215605181725649,0.0214329094449798,0.0213965070994869,0.0215457237533435,0.0212938161925546,0.0211196530932202,0.0209404801637219,0.0208265654983197,0.0204109413456235,0.0202227840449854,0.0199242502747357,0.0195892806142858,0.0192744070408377,0.0188571890817441,0.0184906125263011,0.0177197937151244,0.0170692570962576,0.0165040956972241,0.0157213656650615,0.0146932172835133,0.0135812837241585,0.0122520527988625,0.0108705413813426,0.00942954505207633,0.00783760778635378,0.00560382018402276,0.003838277437895,0.00207233572570793,-7.48531581569516e-05,-0.00247692425569965,-0.00482043352201063,-0.00723253879656879,-0.00933915468458951,-0.0110759705587437,-0.0133006180828007,-0.0148204604834541,-0.015419612742965,-0.0163471762317316,-0.0170488646590461,-0.016982126025483,-0.0168300203040157,-0.0164964284964509,-0.0160719107876544,-0.0152417370078357,-0.0142566002519486,-0.0135156329438978,-0.0124499409963166,-0.0113494913539699,-0.0103540812548567,-0.00936169868004985,-0.00803233552795953,-0.00689965223404049,-0.00568717546569567,-0.00467882642910736,-0.0035645010180228,-0.00294603303460609,-0.00198221312037351,-0.00113868979723395,-0.000960079824365951,-0.000264559245748595,2.63449105568957e-05,-0.00027929178853601,6.3763530621829e-05,-6.83440805030773e-05,7.18085789520347e-06,-8.79641705964684e-05,-0.000132916187388743,-9.53660105379437e-05,6.04335480613239e-05,-3.49526502273177e-05,1.42066732154437e-05,0.000302786579407862,-4.49788276976199e-05,-8.39607028764453e-05,0.00031987698449063,0.000114353015723559,-5.25709479773733e-05
-0.0524117312229246,-0.0519392280995452,-0.0518687294650302,-0.0516197010482986,-0.0510886896230499,-0.050739642611087,-0.0504208734785388,-0.0497919069564373,-0.0492699545500418,-0.0485560520415535,-0.0477788621157195,-0.0466118612542611,-0.0454886330775272,-0.0443953632036377,-0.0429211394873059,-0.0414109901330284,-0.0391760979945166,-0.0369328440788238,-0.0345113451528714,-0.0314850647832808,-0.028966302855075,-0.0252283453707029,-0.0215842385074562,-0.017269652328275,-0.0129043801099198,-0.00797717062465786,-0.00314362289407407,0.00200057367356749,0.00709569329355152,0.0120093290237657,0.0163073229519516,0.0210819569512943,0.0240059906131821,0.0263497587294748,0.0280589299426695,0.0285161932632982,0.0282377596107732,0.0268321247888965,0.02515240143242,0.0234571148705754,0.0218089460573181,0.0204648248276701,0.0193620651910498,0.0188238718719112,0.0184010458118951,0.0182940286487105,0.0181682525795053,0.0179610991696121,0.0178982681467266,0.0177053852553437,0.0174924438563963,0.0175657553733887,0.0172641515098647,0.0173935555085992,0.0166754235165861,0.0164763289910085,0.0160144006529694,0.0158903068856865,0.0153564846230772,0.0149246768232837,0.0143146894126968,0.0133869215356991,0.0129709623034316,0.0122837012013037,0.0109186739344164,0.0099907804706665,0.00876777150147626,0.00729242981158276,0.00606751634738504,0.00412752503114096,0.00222238380220325,0.000463223291211358,-0.00149489503578827,-0.00366403132176031,-0.00596420674219688,-0.00792005173293265,-0.00976487051696956,-0.0118832785982679,-0.0132253942016314,-0.0146603697001893,-0.0155937949643253,-0.0162870309429861,-0.0166928359637334,-0.0169185135770161,-0.0166633811689028,-0.0161640652947475,-0.0154255082258019,-0.0147725018718095,-0.0142198603299495,-0.0132310032155647,-0.0122588428289175,-0.0111564050004654,-0.0103359084183526,-0.0090802285211444,-0.00794681984878541,-0.0068683096834858,-0.00562599767976355,-0.00445506172027849,-0.00346524922942448,-0.00260573871400672,-0.00172010228290022,-0.00139403863225776,-0.00118789339501276,-0.000441693764751744,-0.000353990985810796,-8.29274533261185e-05,-5.13945476674517e-05,5.65919877006873e-05,5.37287199586833e-05,7.76209542734478e-05,0.000131157488898881,-0.000231141255928129,-0.000221622614691628,-0.000130778010325782,0.000166855379892709,0.00014826718129899,-3.81895181802554e-05,0.00010173948612536,-0.000258261376311091,0.000125538316703466,-0.000140622624093233
-0.0477033836652439,-0.0475826508232543,-0.0471080595480948,-0.0468436285754233,-0.0465204982266773,-0.0463893905627,-0.0456108607133557,-0.0455348824194737,-0.0446493736612888,-0.0439229962841249,-0.0431280750164603,-0.0424375657107772,-0.041271552726854,-0.0401238857551516,-0.0383897577149501,-0.037063828927413,-0.0351172022066738,-0.0332538367523366,-0.030553589412397,-0.0278607731221018,-0.025107520602055,-0.0216335987743169,-0.0180782234027421,-0.0143179935330937,-0.0100069218274042,-0.00540963630125296,-0.000708470694232541,0.00406373482907757,0.00873694175319054,0.0133788300240907,0.0175363500762887,0.0212741566440146,0.0239239141258209,0.0259655388764017,0.0267526344583717,0.0268132218546718,0.0262123909391023,0.0243413028571514,0.0224443922226076,0.0205361088168714,0.0185025078988268,0.0170711625097354,0.0159347011866328,0.0154421151956229,0.0149017895331395,0.014665027605295,0.0145118335264619,0.0144737617535487,0.0145822846622048,0.014600395682465,0.0142724990850543,0.014192658024811,0.0137763636710619,0.013724071788346,0.0133161302148789,0.0132126463425101,0.0130744424361529,0.012502388152889,0.0122112744599206,0.011795519411632,0.0114088250296138,0.0106036507598709,0.00979786133519373,0.00901256084787416,0.00835387453845667,0.00727276689854543,0.00610082413439479,0.00500055256599668,0.00370201851392156,0.00208102643065591,0.000632839495871023,-0.000983980591223072,-0.00317188608746061,-0.00486759402661746,-0.00682234748535827,-0.00869221778448073,-0.0105846098195179,-0.0122841245768316,-0.0136180947086629,-0.014612452568824,-0.015549400476551,-0.0162297163455458,-0.0164407902492681,-0.0165682785331342,-0.0163577229946105,-0.01591174603812,-0.0150943100462959,-0.0145492201484265,-0.0138255823550285,-0.0132098354952907,-0.012308643142059,-0.0111797300172933,-0.010321463879821,-0.00875386397728733,-0.00794868847027345,-0.0065950974918607,-0.00533975731514822,-0.00466330284253417,-0.003466895414043,-0.00260019326013139,-0.00175355332771743,-0.00120435022166172,-0.00055283079064675,-0.000675442070091343,-2.13572353082124e-05,-0.000244720215685663,-0.000252629924531262,-0.000242990321173875,0.000115537692240815,-2.36422297151718e-05,2.47144359815139e-05,1.72440150089656e-05,-6.24122563095589e-06,-8.04604002434161e-05,-7.61469052752538e-05,-0.000150401990004179,-9.94498976079513e-05,0.000228142557310085,6.59861830043864e-05,5.03852927248129e-05,-0.000179272224087874
-0.0433556996402447,-0.0432893921258235,-0.0427420483991169,-0.0427530941867435,-0.0421957647682805,-0.0417476330402476,-0.0411968316372399,-0.040978720591465,-0.0404449341018586,-0.0396893900841078,-0.0388489022647758,-0.0381016425743588,-0.0369038320130146,-0.0358254952465467,-0.0344398605480294,-0.0328771887188326,-0.030984688928502,-0.0289692014559409,-0.0269941261491875,-0.0241844963820989,-0.0215456343327327,-0.01829064647136,-0.0149290555845567,-0.011012213525356,-0.0072042466918989,-0.00298084514961487,0.00127008907302771,0.00580389422824036,0.0100768087706337,0.0144147873682613,0.0180465723185069,0.0211824241605367,0.0236412907725633,0.025037824251269,0.0256701936864733,0.0251065994567894,0.0238821714220417,0.0215364290566369,0.0196502390822655,0.0171894062405178,0.015378104728817,0.0136791316614989,0.012407833324444,0.0116895642552004,0.0114385300957191,0.0110711287394624,0.0111397198606195,0.0109710372876101,0.0108562198043533,0.0106548206823886,0.010652245299727,0.0103983796936178,0.0105352606051297,0.0102742291773833,0.00978687076732401,0.00989610574887155,0.00955697626463235,0.00915944732740793,0.00865634469927949,0.00836400421027436,0.00807634208698178,0.00740282007931497,0.00712888141437121,0.00631906093825279,0.00556157536925367,0.00467032102424211,0.00356800673259103,0.00249436059557012,0.00119277099279312,-0.000156781719998666,-0.00147510101648196,-0.00295153503146863,-0.00462606610881811,-0.00613699974968675,-0.00786698062889861,-0.0097126955339654,-0.0111395285342829,-0.0123373316315408,-0.0135610035657295,-0.0148178205521771,-0.0157153429915804,-0.0159941973853038,-0.0162671098450497,-0.0161863091776186,-0.0160466272278611,-0.0155621708053195,-0.0149510172157342,-0.0145422646320191,-0.0137422494160318,-0.0130383010252905,-0.0117773901408163,-0.0107867009113832,-0.0100725498309462,-0.00902465604485961,-0.00771230058676014,-0.00630885971429403,-0.00556035150737553,-0.00425017576472908,-0.00342102982714378,-0.00242554533703667,-0.00201765015374849,-0.00107522069293538,-0.000791402441064463,-0.000625299012258022,-6.40079014372634e-05,-8.06964579145878e-05,-6.88301014258433e-05,-0.000137622661795299,-0.0002036391551093,-5.38843567437435e-05,-1.80711870974127e-06,3.44573109410223e-05,0.000198109935193364,1.37920607791435e-05,7.01542403428379e-05,0.000193049955654407,-5.56276417040772e-05,-1.99012149842596e-05,-5.28159198082862e-06,-2.98136850278721e-05,0.000119966041077499
-0.0387081837047118,-0.0387452613010028,-0.0384045997665864,-0.0382412892833442,-0.0379040638054268,-0.0372622701383357,-0.0372422495130406,-0.0367088954276146,-0.0362448350929091,-0.0354008581942398,-0.0348436636748874,-0.0337652686110255,-0.0329826881917566,-0.031793742507827,-0.030683757433385,-0.0290693395064114,-0.0274112995330109,-0.025286922952092,-0.0233096940967115,-0.0208907421672336,-0.018151941900034,-0.015304926738793,-0.0121024924615673,-0.00842936254536232,-0.00474867523257184,-0.000821788778562564,0.00341060161790515,0.0076953993671068,0.0112532185592685,0.0150721746138297,0.0184990610671277,0.0212576095158147,0.0229362172031202,0.0239653387354834,0.0242068026561731,0.0230393042220198,0.0211477692054459,0.0190224182546894,0.016646280374836,0.0138494636314419,0.0119177086296198,0.00997738757715604,0.00857218765879026,0.00810013611823421,0.00766964124529248,0.00740698079276395,0.00733448242079065,0.0071726041800236,0.00711487486489159,0.00701849663276042,0.00716095583297394,0.00677656351628776,0.00686546942249101,0.00645302642192234,0.00640300037278132,0.00644926444198251,0.00592235464318896,0.00568480132575992,0.00555758555989932,0.00517213479124955,0.00462566464917473,0.00445383949346043,0.00369181908936571,0.00296335996722298,0.00231458466714948,0.00141700526722772,0.000957866554551136,-0.000129486024599185,-0.00128702238863336,-0.00237857292750329,-0.00361107492600954,-0.00496057309372179,-0.00625502629952153,-0.00757938856130897,-0.00889498028042105,-0.0105688561413871,-0.0115220903585789,-0.0128218494574316,-0.0139701407261932,-0.0147584123064755,-0.0156220495516754,-0.0158367353440494,-0.0161097839203927,-0.0162545258576301,-0.0157122831085968,-0.0151524469010057,-0.0150161059815778,-0.014122401787631,-0.0132754203966574,-0.0126036237545208,-0.0116842408097524,-0.0104880001811326,-0.00954868821926364,-0.00880142048990597,-0.00767608870408133,-0.00631322092719702,-0.00524925453139817,-0.00437048897219463,-0.00313393302486647,-0.00243407407794417,-0.00170333712176441,-0.0010434596656468,-0.000845172613564984,-0.00048864431075606,-0.000153452791028379,-0.000211690112589747,-0.000126326824306119,-0.000366056782480058,9.22432831637983e-05,-0.00015283892493192,-2.11838797330395e-05,0.000142665612852317,-0.000113194819419519,0.000258684667935891,4.15043269588707e-05,-0.000184353789811242,-0.000107788839885786,8.60461485433794e-05,0.000244050892840256,-8.84933195755048e-05,0.000349377297783324
-0.0347445134695926,-0.034543474042321,-0.0344940142458474,-0.0337858171109828,-0.0336659629318891,-0.0332660398836164,-0.0330904022906915,-0.0324794281709122,-0.0319579157432918,-0.0314238121143175,-0.0306968776685625,-0.0299562371298303,-0.0292283900611715,-0.02799674281949,-0.0267073819201552,-0.025298211453818,-0.0235551756375986,-0.0219093324678798,-0.0197246505509108,-0.0176643663881328,-0.0150425923756566,-0.0123873828607588,-0.00924384530759263,-0.00607221251833683,-0.00235160784257126,0.00135063551948203,0.00486217017195799,0.00866975390672648,0.0124437380682952,0.0156347547586809,0.0187840045631785,0.0206550360970275,0.0224380726298413,0.0225757717254337,0.0222320840469537,0.0209580044267348,0.0186114790276737,0.0160324509462604,0.0130944161965767,0.010300016400895,0.00801532353655593,0.00590593008716667,0.00499757326575572,0.00422927533249857,0.00407854117878504,0.00338595694973441,0.00349894688214467,0.00324444431758927,0.00333981707877298,0.0032132357325426,0.0030039100381837,0.00312247281911341,0.00272808986518598,0.00288313053484373,0.00277872867365691,0.0028174609593949,0.00229149523805638,0.00202756280744932,0.00175744121170428,0.0015877221056065,0.00117903978233162,0.000874873758342271,0.000541123935862495,-0.000233460286405597,-0.000684682248978523,-0.00137421901608253,-0.00195129820591409,-0.00277678200293686,-0.00378376829903486,-0.00456792121928678,-0.00542357730446704,-0.00640238444729018,-0.00780818800820488,-0.00898308033396061,-0.0100654941264744,-0.0111579854405889,-0.0120712350577379,-0.0132310491698753,-0.0143624165327527,-0.0147284769022107,-0.0155785176460535,-0.0155968182503399,-0.0158298882429636,-0.0156338353877243,-0.0154455093025879,-0.0149677685979083,-0.014212567529024,-0.0137241778114769,-0.0130832933426217,-0.012196620279776,-0.0112792576622824,-0.0107840011040211,-0.00959170713860631,-0.00822407960593495,-0.00704250719733627,-0.00605218774303573,-0.00508440386763742,-0.0040604943037636,-0.00323337894086068,-0.00236173388512243,-0.00158354705502592,-0.0014226274427005,-0.0006926134220024,-0.000524968601465135,-0.000391245562824362,-0.000224184013462622,4.70344121729912e-06,-0.000172624166357941,-0.000141560463944999,6.01335597868912e-05,3.7041747940223e-05,-5.44765891769002e-05,0.000105088105301422,8.90719498392641e-05,-0.000162669426685948,-6.91116922951138e-05,8.8230849987502e-05,0.000181211034231235,0.000163087480606512,-0.000113761900978116,1.43386067356982e-05
-0.0306714785686689,-0.0303585039545622,-0.0303339419309103,-0.0303016858772972,-0.0299076862275922,-0.0294906807186388,-0.0291700321147427,-0.0284809498227112,-0.028553912569992,-0.027476724236483,-0.0269988209175666,-0.0262862777650492,-0.025290474067905,-0.0244998271445572,-0.0232373421760705,-0.0216443563170461,-0.0201894824152939,-0.0186390145465879,-0.016698068629403,-0.0144982647204768,-0.0120319644758958,-0.00965424552743619,-0.00671335110088055,-0.00373455164336545,-0.000138733805752715,0.00308288113330204,0.00653323356505557,0.00970474009203409,0.0129740784094641,0.0161104906187778,0.0185584219417794,0.0202198062762698,0.0210442675813204,0.0211705509702165,0.0205391941884453,0.0187120602090028,0.0159303815347536,0.0130789852891548,0.00985267863619304,0.00677152135761926,0.00417421495662773,0.00242847684475405,0.00116480613256477,0.000484569067628955,6.82991819389105e-05,-0.000365666056554999,-0.000313353183665267,-0.000517810399900372,-0.000573095460009024,-0.000588145430035089,-0.000402999422415885,-0.000625717222777605,-0.0010623760423898,-0.00087118838451419,-0.000952929025209174,-0.00115539097267266,-0.0016027793553963,-0.00160340131605769,-0.00170529173473621,-0.00198325068196756,-0.00234397496970798,-0.00265054262512291,-0.00285806227154555,-0.0034518836688324,-0.00350952826453768,-0.00425509994966383,-0.00463489774276954,-0.00547396704916528,-0.00620138000164177,-0.00684713350897017,-0.00764696330323264,-0.00839040663449906,-0.00929669192591777,-0.0105625608736835,-0.0112510036018945,-0.012168276729845,-0.0128811943403318,-0.0135544244517698,-0.0144797387936574,-0.0147299273882579,-0.0153036774094668,-0.0155744371337606,-0.0156815059665897,-0.0150716685464899,-0.0151609259546632,-0.0145075896415906,-0.0143247709604327,-0.0135810004412181,-0.0127709326608512,-0.0119345265700403,-0.0111587179858334,-0.0101646770670266,-0.00918804711889199,-0.00822864408857094,-0.00743676211000036,-0.00601407163001301,-0.00491334971580304,-0.00400403963369531,-0.00304428579425973,-0.00232872071410544,-0.00184257034823886,-0.00107723381261459,-0.000858777906144476,-0.000305719427305967,5.88794903724106e-05,-0.000110690258365963,-0.000119556820195925,0.000521898041833927,0.000155660275051493,3.39164518339123e-05,-2.42034813688269e-05,0.000136656325566385,-0.000238816910493742,-7.07341082675232e-05,-0.00013550022236073,-7.11004691328514e-05,-6.57206263361339e-05,2.05802315214914e-05,1.37413851766724e-05,-3.34675366467592e-05,-2.58785535061409e-05
-0.0270043359222816,-0.0268073447747567,-0.0267882798827267,-0.0265867111420253,-0.0261804525253184,-0.0256770347591039,-0.0257461934878706,-0.0250766583753524,-0.0246573628569516,-0.0238173797001979,-0.0235667068426732,-0.0228593182546683,-0.0217870272733777,-0.0209230579191169,-0.0198270192094313,-0.0187216563788156,-0.0171733664363976,-0.0156395788863523,-0.0137962046716921,-0.0117090733349596,-0.00942961180654967,-0.00706654139736778,-0.00461354068948015,-0.00152676951121996,0.00110734630374805,0.00470404748028252,0.00771804909459078,0.0105761551326897,0.0138474866558783,0.0162674654785296,0.0182005878469933,0.0197796799205234,0.0202416197301367,0.0197687525171368,0.0184349883307087,0.0162008949041064,0.0134015836584524,0.00997539795633216,0.00641194578444305,0.00331095733547627,0.000600031521202912,-0.0014831288130363,-0.00288442199877253,-0.00389763170092925,-0.00388768522112629,-0.00434381429480952,-0.0041875413944247,-0.00454831349312795,-0.00448101123803893,-0.00455325874446877,-0.00455911507261189,-0.00457996766901561,-0.0047692264431681,-0.00500939011416171,-0.00489066461541931,-0.00477309147486631,-0.00482849898486379,-0.0052187290891482,-0.00541882125298486,-0.00556237288621896,-0.0054711097320543,-0.00594631464552269,-0.00627946014282166,-0.00647705282682531,-0.0068765509088381,-0.00713339775124626,-0.00742247682567726,-0.00808011691455166,-0.0086103511009707,-0.00915802137593514,-0.00975573155161466,-0.010488765272273,-0.0109391909313131,-0.0115942503441148,-0.0126474025093531,-0.0132678229508403,-0.0137706333921775,-0.0143815179827632,-0.0145370733032199,-0.0153111517958921,-0.0152984023171247,-0.0154882072343917,-0.0149462485936759,-0.0151538999128885,-0.0148481966520451,-0.014402335312525,-0.0138012319202029,-0.0131079113067697,-0.0121048364898367,-0.0118251115131427,-0.010809138101591,-0.010222062576836,-0.00873780582156045,-0.00792460706479492,-0.00682275108095806,-0.00587153981648207,-0.00489839399995304,-0.00421300786563297,-0.00309303605588918,-0.00201875987244566,-0.00163026930523082,-0.000936815504826805,-0.000390763919949481,-0.000468860233440648,-0.000283349348347709,0.000235245702525133,2.69501105034766e-05,4.75810413239093e-05,-0.000231929939011293,-9.59645447517455e-05,0.000208940985203705,9.81657168123147e-06,-0.000236080019066123,-3.65544865347484e-05,-2.38157506502395e-05,-3.8485020898028e-05,0.000125307171582039,1.79577905339186e-05,-1.08296676040666e-05,-5.14481971518927e-05,0.000107993504355465
-0.0235837032109217,-0.023613289497432,-0.0232762384237856,-0.0230703421038613,-0.0230065237922583,-0.0226591169541654,-0.0222124728840985,-0.0220344080875402,-0.0214013439659865,-0.020994807252802,-0.0202080429392069,-0.0194956334131205,-0.0186700774022422,-0.0180519327537155,-0.0168673880573522,-0.0156391669030719,-0.0145749968946043,-0.0130427975447183,-0.0111086633371642,-0.00939427102411277,-0.00714999428719406,-0.00485652686972168,-0.00257775043842106,0.000424648353529448,0.00315581302443935,0.00607861386332037,0.00884736901650496,0.0115543330819004,0.0139878087643386,0.0162665349543547,0.0176724610724256,0.0186804474299406,0.0189747699778313,0.0181494350728721,0.0162445326772192,0.0136932801403569,0.0104008070877362,0.006847202807955,0.0030008757350427,-0.000292669589469374,-0.00326883210909249,-0.00529952968039952,-0.00669365202295152,-0.00752503513995448,-0.00795852861359089,-0.00840917401610308,-0.00825053659931628,-0.00843761131807191,-0.0080350118725455,-0.00824940464632316,-0.00857894767657114,-0.00848248857104574,-0.00842683723087142,-0.00849275824312365,-0.00837208453059771,-0.00894994070963132,-0.0086753767051203,-0.00890414969812669,-0.00888910871883409,-0.00918682181214853,-0.00907787703659475,-0.00938679722285114,-0.00946770712791341,-0.00970836661701224,-0.00997028399718782,-0.0100811313137231,-0.0107484857654016,-0.0105791622960153,-0.0110226861722592,-0.0115533606149888,-0.0120365737491667,-0.0123303605234723,-0.0126720876235541,-0.0129982192397553,-0.0132976190045587,-0.0143268539231035,-0.0145214335053428,-0.0146046971367807,-0.0149934015032979,-0.0151170362192954,-0.0152625864525096,-0.0151847665896312,-0.0150161135178617,-0.0147719448158679,-0.0144219508793291,-0.0138287823522791,-0.013256972269388,-0.0126071825308404,-0.0119422401540153,-0.0112521153610819,-0.0103857575304229,-0.00971757536987719,-0.00916648365665016,-0.00764201194892624,-0.00670991771407929,-0.00590781884381332,-0.00491817911483832,-0.00401387541073305,-0.00315162241233464,-0.00234142064161358,-0.00142476311271252,-0.00114750248394741,-0.000533379085906218,-0.000416705594186195,-0.000248222774467456,-8.1792136697339e-05,-0.000205995724402073,-0.000117465204389883,-0.000225754521173621,-0.000115010805759539,0.000212293284701405,5.30909532978098e-05,-0.000132926904632664,-0.000127012755147929,-0.0001862740742594,-0.000303125857838127,-5.77747951345063e-06,0.000150642881778625,0.000135503252578277,-1.68811195441496e-05,0.000274675472135039
-0.0205656105405064,-0.0206820795253111,-0.0203967770581545,-0.0201741488106786,-0.019695832011925,-0.019673194140211,-0.0194599198078597,-0.0190918833025944,-0.0184660500570731,-0.0177278744801743,-0.0174786495427059,-0.0169984290069035,-0.0161146627048146,-0.0151619990416916,-0.014073174940087,-0.0131608368481346,-0.0116526208125717,-0.0107389957533264,-0.00878254246286798,-0.00715933775606556,-0.00514890963651181,-0.0029280877207227,-0.000733569134182369,0.00141577103094132,0.00419583384585521,0.00662145420799007,0.00969577881654474,0.0118058687320053,0.0139154908860926,0.0161593270816126,0.017389299008483,0.0175741766044849,0.0172241350030879,0.0160857816160609,0.0142167382921544,0.0111018556426031,0.00723463813334611,0.00358329921329105,-0.000191087641137187,-0.00390401238830666,-0.00688414477156599,-0.00932821236154061,-0.0106551732589839,-0.0115032938575328,-0.011875712552185,-0.0120153868791344,-0.0123029816478797,-0.0120226794336278,-0.0122054071329202,-0.0122056630284336,-0.0122620742228574,-0.0122473269899219,-0.0122559200757756,-0.0125053353819708,-0.0123601722236186,-0.0121925658045672,-0.0122384136961142,-0.0124255573332073,-0.0126758452898467,-0.0124932157827527,-0.0124064129609216,-0.0128890948368802,-0.0128259799949466,-0.012926630437899,-0.0127671375696081,-0.0131203300374855,-0.0131903946462602,-0.0132724365812709,-0.0134496550172563,-0.0136049079746482,-0.0139710258933398,-0.0140219798336989,-0.0145020956234414,-0.0143429793711842,-0.0146921570324453,-0.0147279468332542,-0.0150006379806203,-0.0153771973629191,-0.0151742991622347,-0.0151249991824703,-0.0149000163062895,-0.0149327742815537,-0.0148361742842685,-0.01443977322336,-0.0140374950027463,-0.0134754885733089,-0.0127332718327738,-0.0123891405522188,-0.0118846833810568,-0.0113023136364833,-0.0104390030426722,-0.00924537478757772,-0.00832261546478018,-0.00747322817456357,-0.00674328823732834,-0.00541534689172912,-0.00478493597450024,-0.00380339579605463,-0.00281518136752579,-0.00238327122624316,-0.00146705224162938,-0.0009276195310518,-0.000631431417177228,-4.7896847236228e-05,-0.000154127731031443,0.00013803248356246,2.66579187851376e-05,-9.24124325814845e-05,-6.02398373463152e-05,0.000192223766455886,2.07053295361699e-05,0.000161565459463506,0.000229224997384647,8.48353499644142e-05,-0.000162497931713864,0.000171598744417139,-0.000175253000258331,-1.85746451850493e-05,-2.18029799381117e-05,2.34781076592699e-05,-3.15531148728141e-05
-0.0180813126059496,-0.0176148131574991,-0.0176425226485295,-0.0174646879939766,-0.0171121443097678,-0.017259046122662,-0.0165545449210446,-0.0162429148805832,-0.0159532947330985,-0.0154651389969173,-0.0149623410550224,-0.0142534988135585,-0.0138338728932187,-0.0126669125772742,-0.0118454598717539,-0.0108495327065665,-0.00963027247263638,-0.00842605763987088,-0.00682288819701348,-0.00533136932622996,-0.00346479542046202,-0.00142523046018017,0.000527469387128074,0.00293447096705314,0.00525411886806842,0.00772283622104525,0.00988936973187256,0.012242539561001,0.0141204341657188,0.0154729384897123,0.0161285994642185,0.0165890057304769,0.0159775703667957,0.0142742715885769,0.0116778290116133,0.00856388596745288,0.00429463301241689,0.000425666843932727,-0.00378334401084762,-0.00744981656670815,-0.0105155652603336,-0.0125803461937993,-0.0142972840391371,-0.0152112352540127,-0.0153304116581746,-0.0159858596071627,-0.0160246266419065,-0.0158844433660949,-0.0158091381779219,-0.0160532839687725,-0.0157784314372011,-0.0157047777159031,-0.0159834936602795,-0.0158397358314035,-0.0157367252464949,-0.015933211861154,-0.01602431869726,-0.0160116932166356,-0.0157047394044652,-0.0159520126815521,-0.0160085511963176,-0.016003373149124,-0.0159810472560516,-0.0158169856230423,-0.0160619431537167,-0.0161104585841775,-0.0159095695377963,-0.0156909969576,-0.0158676523501649,-0.0159903587234345,-0.0158140291894749,-0.016124040239395,-0.0158204387374727,-0.0157999160668179,-0.0156916422716603,-0.0156958214347176,-0.0154916477826852,-0.0153249805610463,-0.0152695061200736,-0.015103783618708,-0.0147019600879611,-0.0147585157964677,-0.0145651251236598,-0.0141738758034531,-0.0135261972166174,-0.0131701237490411,-0.0126469262105524,-0.0120502994340714,-0.011214721297118,-0.0107627593854463,-0.00987608166143445,-0.00901517963300784,-0.00827566854112759,-0.00725560082417957,-0.00655129437393706,-0.00560946515051974,-0.00442738836863783,-0.00383258055157614,-0.0028911172946896,-0.00207037746644299,-0.00114330151548826,-0.000961971681666713,-0.000573935773987652,-0.000513014896952601,-0.000195411237422898,-0.000102416674350619,-0.000214782037802751,0.000275160056239142,-6.11013154439208e-05,-1.39004577130491e-05,3.92451924568864e-05,-5.18162971396937e-05,6.92904083769609e-06,-2.68639781342279e-05,9.35681375184911e-05,-0.000172865943865999,-0.000108563362270457,0.00019022623758281,3.73231012087331e-05,7.47194424507084e-05,0.000250775206592425
-0.0156444731263268,-0.0153806506175903,-0.0152260347645691,-0.015305771217601,-0.0149348573345086,-0.0147777219562945,-0.014459079200536,-0.0140441788791395,-0.0137085503967417,-0.0130127530303291,-0.0127647944925423,-0.0121835647467634,-0.011460916089919,-0.0108636838640514,-0.0102220241848009,-0.00899135399926412,-0.00838841784970832,-0.00676801348025313,-0.00534071992614368,-0.00344785940921641,-0.00221854938710517,-0.000279244039467909,0.00188502470906219,0.0039470921348915,0.00595414580293768,0.00782266146366466,0.0100132029603682,0.0120233384815593,0.0135767858835751,0.0149979884323566,0.0153575360751735,0.0150361073912149,0.0141296226770181,0.0121791390003705,0.00955648483775341,0.00578798673407587,0.00190747948086821,-0.002817771843096,-0.00680081845499382,-0.0106875886022824,-0.0138920746862952,-0.0163981081316909,-0.0177256226528072,-0.0190448685388382,-0.0193101412977511,-0.0193801514163295,-0.0195851292501875,-0.0194479588764768,-0.0194104491221672,-0.0193839481497516,-0.0193912655201191,-0.0194783630380642,-0.0195165612368651,-0.01943575664259,-0.0193494589828874,-0.0193641633441195,-0.0191954158186933,-0.0192589080085381,-0.019233421955314,-0.0190897767421342,-0.0191139396563501,-0.0190335153766562,-0.0192410238204095,-0.0190199173273633,-0.0188345137566641,-0.0185950063396021,-0.0185256199867237,-0.0182440004591684,-0.0181754254964764,-0.0181120707723524,-0.0176184249181197,-0.0173567297110813,-0.0174657835259492,-0.0169344944187281,-0.0168561583102658,-0.0164421290906038,-0.0160221080086014,-0.0159864465713167,-0.0156846290600892,-0.0150491264807502,-0.0146181375893708,-0.0142095564675446,-0.014005502959403,-0.0137599899983086,-0.013338986315791,-0.0126736888756675,-0.0121707052210764,-0.0117618899851463,-0.0112238097337313,-0.0105444335314208,-0.00970217877853827,-0.00889235286205813,-0.00803148185838758,-0.00711162001624613,-0.0062889111502842,-0.00527079489085263,-0.00446353284434754,-0.00374027405515293,-0.00285287066900758,-0.00198413490955894,-0.00157242748792929,-0.000899960636753925,-0.000494448021802107,-0.000617537656053277,-0.000281380638022517,5.34730650803425e-05,-0.000117652686960698,0.000117255938880788,-0.000142064812231036,-7.65980364892048e-05,-1.37234124319776e-05,0.00011384825662619,4.87187670304405e-05,5.93113179175887e-05,7.4871333775866e-05,1.27544906910143e-05,7.18146896616099e-05,-0.000147063666390947,-5.44353622230658e-05,-0.000138127940533476,0.000113038125785375
-0.0134800510778004,-0.0133937159286688,-0.0133944313284504,-0.0133479533566003,-0.0128892362267915,-0.012334050370258,-0.0123761188729292,-0.0123811299735758,-0.0120377185394252,-0.0112766282368114,-0.0107080602815673,-0.0104876470358211,-0.00977078308968209,-0.00925186180242523,-0.0081666813155449,-0.00740928427783191,-0.00637786627900234,-0.00505511802183874,-0.00383498375524043,-0.00236896294906646,-0.00115275388494982,0.000779512247266585,0.00221855646427547,0.0045091487054877,0.00673771640156602,0.0083117809043189,0.0102255804652874,0.0116714919710489,0.0131809124081374,0.0140514851525065,0.0142047142893816,0.0138265128010133,0.0123933690471809,0.010063054040886,0.00728729175264437,0.00317388048660146,-0.00100790065798459,-0.00567995172075505,-0.0102487565343495,-0.0141147122976247,-0.0170949221667941,-0.0196811895985756,-0.0211715546915604,-0.0225188709248972,-0.0227313822935718,-0.0229421974089519,-0.0228657008457391,-0.0226429834301868,-0.0231935335194523,-0.0229076783300444,-0.0226534948142354,-0.0226763816230615,-0.0227821384999342,-0.0227176757223392,-0.0224548008412193,-0.0226879127676775,-0.0225543252544362,-0.0226093233879526,-0.0223970661067116,-0.0222884203032625,-0.0222037847450651,-0.0223849621057756,-0.0218020494339489,-0.0218386500694084,-0.0214787993019895,-0.0213480142480967,-0.0210773152025969,-0.0207159501321749,-0.0202262315965959,-0.0199079683757208,-0.0194554202949783,-0.0191115223527574,-0.0185620120937368,-0.0182143317201221,-0.0175926977412434,-0.0172618600770523,-0.0164835093996256,-0.0160744532845686,-0.0156447185061816,-0.0148663056913529,-0.0146030426456124,-0.0141784039688167,-0.0138294512377344,-0.0133251973359172,-0.0130160018228645,-0.0122218905195545,-0.0119440263023327,-0.0113241294055898,-0.0107545074550203,-0.00978814430724549,-0.0093490161843405,-0.00851796106287143,-0.00768283390145311,-0.00687646302943325,-0.00594059021091562,-0.00502982558022,-0.00411506253316011,-0.00341286694296999,-0.00270393147665447,-0.00184373413083344,-0.00128199759441995,-0.00115806179280778,-0.000711431734937679,-0.000391246161904428,-6.21201551479117e-05,-9.16504359134028e-05,-0.000232706705892854,-0.000246397908845447,0.000182565601858301,0.000139177178979631,-8.3694294359893e-05,-6.65479972678798e-05,7.72952898240472e-05,0.000235801167324798,-0.00016529750187629,0.000265353436606498,6.22892003706048e-05,-8.98392952839139e-05,0.000184454090540497,-3.70231343102237e-05,-2.39938582738272e-05
-0.0118290760320643,-0.0116750449044637,-0.0117201306580355,-0.011507860430186,-0.0113713445739767,-0.0112702790061574,-0.0108319168601014,-0.0107890541971197,-0.0102944430604275,-0.00970200887005711,-0.00954558820390335,-0.00891736358274824,-0.00838839716570219,-0.00774107400207514,-0.00700467251071767,-0.00606751556718604,-0.00520665098857642,-0.00426913607665427,-0.00275327600986896,-0.00144535356598269,-0.000171593060970683,0.0015195841972993,0.00293240028955431,0.00483440989212621,0.00660105205522571,0.0082224837071424,0.00985149999416948,0.011441772652754,0.0124390563809571,0.0127294584322103,0.0131095134850154,0.0122506256971992,0.0105565040284248,0.00800734917549864,0.00459077817946742,0.000706909372538247,-0.00393617737677726,-0.00852490288369337,-0.0131068936679092,-0.0173694986268039,-0.0208888294167729,-0.0228385549150727,-0.0246604187182673,-0.0253905867665749,-0.0262025790332991,-0.0260518624822504,-0.0263203433048083,-0.0262901048028162,-0.0261371601556271,-0.0262989835432922,-0.0262398883176429,-0.0260995031291796,-0.0260423094158772,-0.0260973500171478,-0.0258164894589509,-0.0256453790223055,-0.0256327590948234,-0.0255322130152,-0.0254871339201076,-0.025372517458373,-0.0249679273823522,-0.0247272081040667,-0.0245073764755645,-0.0243376969634254,-0.0238439116608849,-0.0236262374573337,-0.0231966983278753,-0.0227158133645455,-0.0223605468891053,-0.0218679863482176,-0.020885457491099,-0.0204980910816505,-0.0200629991179175,-0.0192871179565093,-0.0183837304837467,-0.0176952170192732,-0.0167426034838251,-0.0162061982502296,-0.0156544489037971,-0.0150434109598385,-0.0143902481855659,-0.0137995036508902,-0.0135237294845736,-0.0128411667815975,-0.0121881791706669,-0.0120322115418967,-0.0113099643067198,-0.0110382341786768,-0.0104669349336414,-0.00979107946554949,-0.00912394119151078,-0.00833261406238202,-0.00746291469017831,-0.00670994754651204,-0.00585684499269488,-0.00520564839705931,-0.00393074999507846,-0.00318473279005446,-0.00244389877991055,-0.00208172666378083,-0.00142507498828562,-0.000753035635924958,-0.000758244148130847,-0.000257508947361247,-0.00016254361264179,3.14599334488772e-05,-0.000110149118350622,2.28916777597201e-05,-0.000194319064510952,9.17849468857535e-05,-0.000196482059355405,-1.98730980452176e-05,9.29725923965805e-05,8.18896006042933e-05,7.71975315275778e-05,-0.000222680698836144,-0.000137048779765018,0.000161716785650993,-3.28285624842587e-05,7.85119661606207e-05,0.000172786192194302
-0.0107250110408521,-0.0105146432861568,-0.0104136092526479,-0.0104131000500714,-0.0100442880719525,-0.0097926729014745,-0.00955662133670024,-0.00932318276998324,-0.00902353249611912,-0.00864336475533735,-0.00829762120355637,-0.00790811578223086,-0.00715550609019364,-0.00645211568848269,-0.00584631790973483,-0.00513035370481413,-0.00409823123995153,-0.00333163321779773,-0.00217104486534325,-0.000965772092279006,0.000158410445819239,0.00178978894200591,0.00351113986029553,0.00494309529662991,0.00670228901270554,0.00794692060194132,0.00924690935104583,0.0106466100492869,0.0111373638455346,0.0116918943133601,0.0115460369137249,0.0103367107009096,0.00885503981589477,0.00621654327292983,0.00271839697758733,-0.00165980888684199,-0.00651284564702875,-0.0114554761725233,-0.0158401712381468,-0.0201240321710885,-0.0236478655413045,-0.0256479450920684,-0.0276012469121041,-0.0284447457506311,-0.0289633571876285,-0.0288848456377453,-0.0290989263713758,-0.0291680504115979,-0.0289460122276274,-0.029078808034795,-0.0290586367519744,-0.0287939787901535,-0.0285592520499832,-0.0287242119123978,-0.0288345604745949,-0.0285476765872261,-0.0285166038401197,-0.0281105635922651,-0.0282590315687306,-0.0280768316691885,-0.0278965945066298,-0.0273694722642624,-0.0268774181885676,-0.0267701964711007,-0.0264009344699851,-0.0258304828409947,-0.0252695164910548,-0.0248814884044275,-0.0241251959781898,-0.0234507519945066,-0.0227699474154301,-0.0218556255237042,-0.021169868796974,-0.0200752810518608,-0.0192561061006673,-0.0183749443728365,-0.017354886451072,-0.0164444121813212,-0.0155539771549625,-0.0150225825092425,-0.0141120488627019,-0.013630431124004,-0.0130309991565895,-0.0126338867677269,-0.0120997297378481,-0.0114840226230673,-0.011046298646481,-0.010439973858923,-0.0100499525911918,-0.00929331816437662,-0.00869640048756652,-0.00805982733269439,-0.00705879969463513,-0.00665489998632368,-0.00544458367709554,-0.00479989326155785,-0.00369777252086374,-0.00322564938760665,-0.00248578355444728,-0.001736629112053,-0.00118216227772804,-0.0009378740514268,-0.00051975937665941,-0.00032097895954253,4.83987472872779e-05,0.000190357292875615,6.02795457952484e-05,-0.000161420270703862,-8.90402690035866e-05,-0.000176221975167237,-0.000277815560915964,0.000132310430207797,-0.00032572682919043,5.98758314885136e-05,-0.000145928671364517,-0.000211154666129849,-7.02606827587961e-05,-0.000199505697220705,0.000153859804624439,0.000276162599658828,-0.000132051620773927
-0.00916758348993264,-0.00919770192321003,-0.00941763708128948,-0.00917430301417152,-0.00916760369093449,-0.008954029807267,-0.00831235290873475,-0.00818935246912728,-0.00793062678214487,-0.00767629178853739,-0.0073255286543532,-0.00693048808356757,-0.00653890087024347,-0.00584106659516638,-0.0052397227004311,-0.00460050390445471,-0.00358744290632296,-0.00243727759382413,-0.00175462428505621,-0.000173990874723455,0.000641474015542291,0.00226334770150547,0.00354614140485738,0.00491488676460374,0.00654099429579917,0.00782310323462689,0.00898756027664571,0.0101226088268052,0.0104346607313108,0.0105229136046126,0.0102666293258416,0.00891390003864929,0.00692809268345473,0.0041813281615502,0.000451839812204514,-0.0042836751462945,-0.00887593353001625,-0.0138918024535565,-0.0189031095358651,-0.0230253890041112,-0.0262270443031084,-0.0287367089454812,-0.0302861575279002,-0.031284876057671,-0.0315065749435707,-0.0319143432681298,-0.0317200959801793,-0.0318706903863875,-0.0316616936242689,-0.0318135364620825,-0.0316319595753058,-0.0317842562076577,-0.0316782598097337,-0.0313319838218712,-0.0313303021812058,-0.0310996824320872,-0.0309439601524152,-0.030681703414621,-0.030667994607686,-0.0304534493585756,-0.0303197486003417,-0.0296419950397871,-0.0294711137883572,-0.0290332062220541,-0.0282945562701032,-0.0277103624996131,-0.0274667567556815,-0.0267115761574612,-0.0259542032569187,-0.0248388233870213,-0.0240748198166607,-0.0231062105937613,-0.021931685187038,-0.0209798892827167,-0.0199594068153297,-0.0187743116388106,-0.0179083616446595,-0.0165371256767756,-0.0156174680103436,-0.0147133422372581,-0.0137421762791097,-0.0133472698849759,-0.0125869545770463,-0.0119428636865813,-0.0115829750840097,-0.0114033869939814,-0.0106632691043527,-0.00997801292373621,-0.00957647569792555,-0.00887743708988055,-0.00805659281723623,-0.00782836797545429,-0.00698605199923894,-0.00643006149382648,-0.00531798240002196,-0.0045386121253663,-0.00402833801655636,-0.00311933687135648,-0.00236278146382906,-0.00214377680215827,-0.00101226374379087,-0.000825098947847218,-0.000333804520706518,2.411942548974e-05,-0.000124837157606829,-2.45752763003268e-05,-1.03108692220298e-05,-4.10072789498178e-05,1.00203447450577e-05,0.00022732379468251,-4.66976807689162e-05,4.46845342464523e-05,-0.00029189393979078,1.89281041704025e-05,0.000119105730768197,0.000124834167504141,0.00011889301106661,0.000120233913806988,-0.000190992891071528,-1.49904294841367e-05,-0.000166773017929156
-0.00865422586882699,-0.00871807233088177,-0.00861046368135149,-0.00873790839243605,-0.00824836751676777,-0.00812014714084173,-0.00775754286601032,-0.00773024337855437,-0.00732562115303046,-0.00684608401160271,-0.00654409117335695,-0.00618813644740374,-0.00582510415011756,-0.00534098280944879,-0.00491371074834173,-0.00402787125527475,-0.00297526731945616,-0.00247314132454418,-0.00128811233137285,-5.40873018271531e-05,0.00116750469501509,0.00210759333160491,0.00353631140364593,0.00455698886868815,0.00586653856253065,0.00733113402955139,0.00825505630231938,0.00890848096829441,0.00931227668462381,0.00943223816619783,0.00859238973664123,0.00748428420107607,0.0049567788604451,0.00203114307694537,-0.00191985045562461,-0.00625289148757562,-0.0113193168967298,-0.0162454120637348,-0.0212281951161805,-0.0253956344313429,-0.0285295179909192,-0.0311680951721492,-0.0326107744627244,-0.0336802420397028,-0.0340714448543746,-0.0341891159111658,-0.0345405117372732,-0.0344459825160936,-0.0341214643866626,-0.0341461714869047,-0.0341678267055774,-0.0338119398763706,-0.0339436384147461,-0.0336110679326816,-0.0334480482191791,-0.0332535893768294,-0.0331658005930874,-0.0330237053189019,-0.032905608647989,-0.0322536522831985,-0.0321634410535124,-0.031910740917366,-0.0313439356329629,-0.0309287927130791,-0.0302011247594497,-0.029763610203276,-0.0289445958057347,-0.0281165527219948,-0.027228850728762,-0.0263031958853232,-0.0251837326119998,-0.0243546377531405,-0.0230641463348996,-0.0216076147374709,-0.0204962815566628,-0.0191610321137204,-0.0181300707466253,-0.0168306686581334,-0.0157030579971314,-0.0144894227170577,-0.0135567845418219,-0.0129539252582145,-0.0122142255611481,-0.0115537028400818,-0.0110313334322792,-0.0103459123192332,-0.0105122637892029,-0.00969380721637864,-0.00925000141934847,-0.00868710555247374,-0.00791382787617276,-0.00711790969912072,-0.00681557850606865,-0.00596312195521708,-0.00508030258617162,-0.00449658029837936,-0.00352099192286463,-0.00298127307307453,-0.00241061505285204,-0.00162848478084279,-0.00126276939577135,-0.000810743512056583,-0.000425137361949142,-0.000229130909276927,-7.71057715325333e-05,-5.80752928802629e-05,-0.000158278113689249,-0.000180196358311245,-0.000296305563606222,5.22460993786469e-05,-0.000278745039686663,4.15862208280096e-05,0.00019269392092134,-6.02499627230364e-05,3.10019144877765e-05,7.27548179317583e-05,0.000138749840225984,0.000213467821266076,6.7899438065868e-05,0.000226635857510721,5.13450130495044e-05
-0.00797266536744881,-0.00795900809952572,-0.0076361271887597,-0.00764118230035715,-0.00757591978157908,-0.00754597513608904,-0.0070979212769088,-0.00691893189590951,-0.00702465672991607,-0.00625401799330613,-0.00614514297808471,-0.00557113358545252,-0.00513107002104153,-0.00459433779449406,-0.00435306562432515,-0.00355554961950749,-0.00268397065743212,-0.0018115270346596,-0.00127436230823976,1.25410290987275e-05,0.000968192112558809,0.00209911886231111,0.00369311483061098,0.00435733235911487,0.00572274915489398,0.0065978294396666,0.00759675183201739,0.0082050666285717,0.00840199087031755,0.00809995500630741,0.00735919919805723,0.0057261674455391,0.00332056802156152,0.000139249213459978,-0.00364262103089945,-0.0084117052546359,-0.0133805563333885,-0.0184726626054882,-0.0232176868798025,-0.0274659354887872,-0.0308239763436201,-0.033525626271771,-0.0349342846315859,-0.036054340573088,-0.0362363583417849,-0.0364926412234814,-0.0363041018096696,-0.0364161798294837,-0.0362405708739658,-0.0363189573617015,-0.036146272946177,-0.0361571412164037,-0.0359817391656258,-0.0356727296504243,-0.0357660624728271,-0.0355028729293759,-0.0352521056276477,-0.0349163458730673,-0.0350958164189195,-0.0343787116765988,-0.0340832453919116,-0.0337395111028823,-0.0333194966929819,-0.0324277848503952,-0.0319625633735358,-0.031312883934343,-0.0303062545685391,-0.0298233134540047,-0.0284725668373972,-0.0274325417919851,-0.0262436603247139,-0.0248693660390388,-0.0238458013235262,-0.0221497599563238,-0.0209416778636848,-0.0195088856318861,-0.0180498857911983,-0.0168185179947289,-0.0154232301068585,-0.0143191764030437,-0.0137250241243288,-0.0125510393734666,-0.0118172869164649,-0.0113008518904051,-0.0106911545361347,-0.0101045726723832,-0.00977039447884103,-0.00914490226245788,-0.0089752381376292,-0.00816023327631161,-0.00792333871774183,-0.00724442465853871,-0.00626030214677289,-0.00567130801242093,-0.00500510901203526,-0.00433227323640152,-0.00334481572165175,-0.00291156111145424,-0.00202990235694727,-0.00186698009600058,-0.00119362224597529,-0.000778750857780889,-0.00066552384185224,-0.000176513205169407,-0.00016013551295878,-8.01493034834586e-05,8.72929390695408e-05,-7.41720629390953e-05,-9.92355896197899e-05,4.1706137256814e-06,0.000117786278877481,-0.000143161593759015,0.000365643618354578,-5.15496202072774e-05,5.18626212187678e-05,2.32804681661936e-05,-0.000160430754281171,4.19849639125405e-05,2.4010643222176e-05,-4.39059843568785e-05,6.73263411551415e-05
-0.00752007199882544,-0.00761298981970204,-0.00724927941425654,-0.00720764334556878,-0.00698415766000449,-0.00700051054489417,-0.00689939551930645,-0.00651610899916708,-0.00612475242050662,-0.00634387945071495,-0.00573933293398543,-0.00528903647645727,-0.00496935476658019,-0.00442720593751754,-0.00393319385613065,-0.00314020339532871,-0.00236849487261368,-0.00177463964659709,-0.00103259163591252,-0.000244838893482168,0.000897976925038805,0.00192983480624764,0.00280615536710337,0.00400169612735897,0.00483461495139536,0.00585831709476889,0.00648083233731265,0.00697223644748299,0.00729754519239866,0.00676571686714787,0.00582281170743268,0.00430929842740247,0.00189952232007171,-0.00160540227302952,-0.00565590054227495,-0.0101843382939593,-0.0155439332881853,-0.0203120097959276,-0.0251820021829659,-0.0294420732002024,-0.0325975800108093,-0.0350495916346303,-0.0368135216118769,-0.0377284785935193,-0.0382613127143572,-0.0382681089148688,-0.0382296970130806,-0.0380211047017943,-0.0382590293169583,-0.0382554832072497,-0.0382197552258418,-0.0376981791209247,-0.0379350665096517,-0.0373955808749156,-0.0372147973766807,-0.0373444967370144,-0.0367942962223698,-0.0367401084734149,-0.0365535345327168,-0.0359610910338758,-0.0356732671098906,-0.0351746846579435,-0.0344746789588277,-0.0339311429799896,-0.0331893880886718,-0.0326201697816392,-0.0317690714206408,-0.0307151769942573,-0.0293194459499431,-0.0284193016406485,-0.027166956233525,-0.0259339791138638,-0.0243238108080879,-0.0227123778241597,-0.0211761980661536,-0.0196913761597825,-0.0179059444070551,-0.0165267676446852,-0.0153928716375932,-0.014094777266962,-0.0129493681737789,-0.0120642603871267,-0.0111935720771067,-0.0108732591188095,-0.010375244719364,-0.00970138143873817,-0.00963297385651403,-0.00902079108205733,-0.00864901920273573,-0.00788669215222007,-0.00736585930093542,-0.0066850574721517,-0.0059488229100126,-0.00517822133371806,-0.00487877043163646,-0.00408455638730986,-0.00315231538813896,-0.00259915473669682,-0.00206058201842566,-0.00134188030919534,-0.0012171857756928,-0.000449051727761466,-0.000286886925770297,-0.000216782217172667,-2.74914552021856e-05,2.10141856481681e-05,-9.89685864265015e-05,-8.09139812130585e-05,1.52132558138758e-05,0.000188380475501087,5.97317144982761e-05,7.113649595623e-05,4.02031827782344e-05,-3.92181141286221e-05,-0.000234295696746599,9.7985857454986e-05,-4.53452054168969e-05,-0.000200813178421767,0.00022096547948435,1.63640852393329e-05,-9.4998894217504e-06
-0.00690873612050935,-0.00702003541299851,-0.00709281069305061,-0.00670798711101904,-0.00663592649938102,-0.00671912127409305,-0.00638114673563821,-0.00610941983059921,-0.00596419289943387,-0.00585050190874867,-0.00538964802259004,-0.00530499485893484,-0.00465777979795574,-0.00436901114870735,-0.00398698216344967,-0.0032650770397202,-0.002569506652649,-0.00196285294423473,-0.00112348200897168,-0.000370267304662091,0.000466905844323391,0.00178592822191622,0.00261778986093393,0.00354449633731173,0.00463875256833155,0.00520358347118518,0.00611771817515207,0.00631179203006596,0.00625389604232897,0.00590280651432552,0.00452782017088072,0.00287544754054318,0.000469191843615705,-0.0031437712837845,-0.00732898994857111,-0.0116863503018494,-0.0169580274963057,-0.0221785680579328,-0.0269548389672439,-0.0310339897449021,-0.0343068047483297,-0.0367172392010312,-0.0381497534826981,-0.0391507947912615,-0.0394020397340668,-0.0395727333217183,-0.0396378857485548,-0.0395075530934191,-0.039311706175983,-0.0397110395737187,-0.0392821436704182,-0.0396003585314777,-0.0390966675874896,-0.0390548514927226,-0.038631277421692,-0.0384467494818379,-0.0386060137494245,-0.0378449114421288,-0.0377729804932002,-0.0369774775156561,-0.0369196672902834,-0.0362111729609192,-0.0356506001287213,-0.0350046842256157,-0.0343094142473331,-0.0334027172401981,-0.0326515689124274,-0.0314828655553415,-0.0303888191110427,-0.029137133441931,-0.0277732300520328,-0.0262455167554214,-0.0245960243812974,-0.0227131322285157,-0.0211723487882076,-0.019871000555775,-0.0182765171077107,-0.0165078972511225,-0.0151675545484304,-0.0139956094558154,-0.0126790828916149,-0.0116493802511848,-0.0108433423584606,-0.010364826333952,-0.00990773686881234,-0.00942686649653214,-0.00899876101950015,-0.00856702660537808,-0.00810830921252919,-0.0076576145864572,-0.0067941147276425,-0.00619240723966704,-0.00609532603532422,-0.00518976952109497,-0.00469947343855761,-0.00379806549369674,-0.00305575554203762,-0.00239047093718954,-0.00212572480729032,-0.00155983567183051,-0.00117497696745023,-0.000695749349783872,-0.000575580179753643,-0.000508507078827439,9.58050738153465e-07,2.84800375493519e-05,-6.72191334758083e-05,-5.75356757318774e-05,6.90272125844085e-05,0.000138007121530704,-3.2255715290176e-06,-0.000143982613668859,8.31561181637299e-05,-8.65541848279954e-05,-0.00014272370584652,7.01220555294622e-05,-0.000191494654889515,8.61029780471293e-05,-7.68415931128848e-05,-1.67258998684998e-06,-7.8542750174388e-05
-0.00683896151384983,-0.00684422252682989,-0.00663207160614631,-0.00644375396876142,-0.0060993081940401,-0.0059569683495971,-0.00608266299370649,-0.00599389790974005,-0.00568837225392274,-0.00546848573885017,-0.00495247246515931,-0.00515434610521806,-0.00438178371745776,-0.00403465639540587,-0.00367913923375127,-0.00289777723454969,-0.00240107149062355,-0.00189158502889996,-0.001277508406326,-3.49827978813454e-05,0.000400677310574202,0.00115912649611587,0.0021189046188991,0.00305674906821058,0.00386684619718688,0.00455944380244205,0.00490992973603221,0.00546435315846392,0.00531300530039351,0.0045175374874961,0.00352004586324245,0.00157983369317751,-0.00113425337776693,-0.00458369980869396,-0.00861564958904264,-0.0132393449293353,-0.0185876099662081,-0.0234045157924437,-0.0282168704960089,-0.0325006503734988,-0.0354932973111778,-0.0378001842162375,-0.0393556128115356,-0.0402890453188871,-0.0406845230039702,-0.0408792135036201,-0.040865698507779,-0.04068314101218,-0.0406770456068982,-0.0405876210643674,-0.0405335024404346,-0.0403460083266538,-0.0400828707788979,-0.039842155870187,-0.0398920351201105,-0.0395893810827558,-0.0392607971662982,-0.0389104072350578,-0.038779036790135,-0.0383867196349908,-0.0379218933136926,-0.0372567144628375,-0.036753764843564,-0.0359471563031018,-0.0352700204454153,-0.0341514852450288,-0.0335177586386262,-0.0319965179497476,-0.0310598174210979,-0.0296074472031231,-0.0281507715573533,-0.026824806134418,-0.0248878224009546,-0.0230890203551348,-0.0214222779698885,-0.0196780593697111,-0.0181299313325878,-0.0164339121920777,-0.0148357004655286,-0.0137662085970149,-0.0123539367205952,-0.0111629466711502,-0.0103537275919013,-0.00970212366451806,-0.00936018412068433,-0.00914743341720778,-0.0085175470692732,-0.00819400276701383,-0.00782647154950089,-0.00732353873148781,-0.0065356003479773,-0.00616360036845587,-0.00570722616670235,-0.00495323567155167,-0.00426036452758352,-0.00356461251912333,-0.00289063211577042,-0.00252571957869756,-0.00200351812848492,-0.00166535390460091,-0.000901790793540808,-0.000639802602479563,-0.000753947625872265,-0.000363690368785669,0.000116528509608519,-8.40856097197763e-05,2.00643017999144e-05,-0.000176402521624937,0.000171702413872793,7.80489286545891e-05,0.000170555722035754,-1.29197557159772e-05,4.09518289233737e-05,-9.19259503192238e-05,-0.000206817593348072,-0.000150940264945878,-6.93073317291382e-05,7.46070594037807e-05,3.55497758229305e-05,3.94223068384723e-05,-1.07043173870064e-06
-0.00619082616383605,-0.00618113900531856,-0.00631647958046941,-0.00611882165726828,-0.00618353474886595,-0.00581366404726424,-0.00558205365340205,-0.0057089936920107,-0.0052084094564428,-0.00512276515787111,-0.00488422493337385,-0.00448139611621522,-0.0041356852411588,-0.00400717693254491,-0.00352718394428442,-0.00282676773737631,-0.00209486801055359,-0.00183505182543007,-0.00103874348512375,-0.000595541916322556,0.000343095849312658,0.0013481360914792,0.00205092504754683,0.00271231757374755,0.00342474854371613,0.00399433371150178,0.00431499671036941,0.00467548688585545,0.00444800235989975,0.00347163687190942,0.00241585220376812,0.000360446439003939,-0.00229651943559013,-0.0057513598229378,-0.00997487731613344,-0.0144908633422113,-0.0193789577351667,-0.0244128211267632,-0.0292749744108073,-0.0331443612869577,-0.0363485327419606,-0.0387249584372615,-0.0403012054128486,-0.0409463053624883,-0.0413936719958429,-0.0416124963540497,-0.0416194073461697,-0.0417742742689742,-0.0415327307453094,-0.0412808361388868,-0.0414162263575158,-0.0411149499601735,-0.0410116460702747,-0.0406742894418792,-0.0406278469696117,-0.0401171370862855,-0.0403106485332933,-0.0398701372895613,-0.0394649628064236,-0.038994682331311,-0.0382806222263649,-0.0378293885960892,-0.037299037101117,-0.0366178639042017,-0.0356958403773696,-0.0349998919223781,-0.0337923120564439,-0.0327358044021672,-0.0313546007458024,-0.0297191374309172,-0.0283566750415614,-0.0268962479364291,-0.0250934904008618,-0.0232379211877419,-0.0214946521277321,-0.0193794899301018,-0.0176559792175867,-0.0161391392081532,-0.0144249440210481,-0.0131424355328543,-0.0118077922831455,-0.010617419104192,-0.00988631886255229,-0.00964022619638098,-0.00875634954520051,-0.00850940839905685,-0.00813323811293329,-0.00765342799096961,-0.00747727812833619,-0.0066534598876043,-0.00634633937428417,-0.00569206948494486,-0.00537612105079487,-0.00480570119977312,-0.00407440089856132,-0.00343696826879609,-0.00300937417438865,-0.00241392235746272,-0.0019020176139343,-0.0013807369910798,-0.000835300768210054,-0.000800834241261117,-0.000500289100439176,-0.000107086571817323,5.16051699682403e-05,-0.000138733419606632,1.32680748208244e-05,0.000103231938917523,0.000139920034128906,0.000187240712512012,3.98399638733796e-05,-8.96835977755987e-05,4.74317472876471e-05,-0.000153408519669763,0.000100054268723359,0.000140711351046121,-0.000195559556498385,-0.000143864571669083,1.60898145032681e-05,-0.000138530776289928,-0.000413899913206479
-0.00609801990520662,-0.00580089971103566,-0.00583396179388427,-0.00564154918186149,-0.00569558858176195,-0.0056088356533075,-0.00537845385723118,-0.00524675597773991,-0.00499977338905296,-0.00485111968533613,-0.00473736325362125,-0.00431334869425872,-0.00396725467589799,-0.00380554957031336,-0.00347609795271137,-0.00266015751491646,-0.00230737852188412,-0.0017029738380099,-0.00105716317470856,-0.000528780768603977,0.000270002899373243,0.00097117409042242,0.00152320032860707,0.00230441059088426,0.00325280010188186,0.00361148452424172,0.00380076082045261,0.00385960231063948,0.00332788615166656,0.00287318163526169,0.00129635470031352,-0.000791386896470208,-0.00339441385983868,-0.00666643842833699,-0.0109572517185704,-0.0154708379683946,-0.0202563925152214,-0.0253150720570758,-0.0298592026444156,-0.0337516105869704,-0.0368830276779911,-0.0394144471677671,-0.0407125073378884,-0.0416530019763457,-0.0417908517096082,-0.0420804715786417,-0.0417442014833545,-0.0418739933976352,-0.0418580608662816,-0.0418256305813836,-0.0417616247205746,-0.041439456652382,-0.0414944595098806,-0.0412584770188492,-0.0410199135158322,-0.0407538841042001,-0.04071161772292,-0.0399978374385033,-0.0395545687922789,-0.0392949376272829,-0.0389040187712266,-0.0383790931574555,-0.037689660692627,-0.0367578112943765,-0.0359227241444283,-0.03501441984073,-0.0338851929887527,-0.0328018433658456,-0.0314020433264025,-0.0301899781188236,-0.0284856586195541,-0.0269861947023469,-0.0247538463844966,-0.0232623644615308,-0.0211942017464415,-0.0192634103775939,-0.0173032559759665,-0.0158015127814998,-0.0142591463976685,-0.0128853333838318,-0.0112902488900138,-0.0106301886890937,-0.00973615369648663,-0.00898140871512493,-0.00839987121649403,-0.00804803713943647,-0.00779063815986464,-0.00735192907732065,-0.00676558090985991,-0.00635920798425444,-0.00588837580829992,-0.00547808362331354,-0.0048667454466649,-0.00436267768620584,-0.00381074909545773,-0.00334181285030119,-0.00287084609838525,-0.00221787625187572,-0.00193717649778414,-0.00123347706996259,-0.00101463097284551,-0.000662745663456605,-0.000397674701464056,-0.000429640660405459,-2.75419553927434e-05,2.05405034855838e-05,-4.24874654314788e-05,-0.000231779082422773,1.35629921283734e-05,1.6497797367205e-05,-7.93371697732717e-05,1.59638747201361e-05,-9.06768360751633e-05,0.000143566544181104,-0.000158251908012691,-1.69986217744092e-06,1.0567875627819e-06,-0.000172992987194051,-0.000164937031192871,4.05440431301425e-05,-0.000226929134013814
-0.0054025634160296,-0.00547976553791435,-0.00567736487842545,-0.00528226624091903,-0.00518633179496898,-0.00510089479181491,-0.00523541188889593,-0.00497277155672616,-0.00467913144954109,-0.00448360640618498,-0.00430845760896749,-0.0041456850593082,-0.00356736562325248,-0.00337461516709603,-0.0031372446322616,-0.00268822962906056,-0.00206603883557891,-0.00157462195664094,-0.00134265774957045,-0.000648358141574987,5.140300463655e-05,0.000781360510996757,0.00130405601219104,0.00215814966706909,0.00276006934747489,0.00307985149426794,0.00309948943613628,0.00321170423655222,0.00280144524783065,0.0020138161281049,0.000559379351077827,-0.00142361542219925,-0.00421847791228276,-0.00752222470245721,-0.011913572400917,-0.0164508759344466,-0.0210137149761416,-0.0260459826493515,-0.0302133804449958,-0.0342346491810775,-0.0371442557354126,-0.0392959435104661,-0.04073772060252,-0.0417948501805574,-0.0421703232551481,-0.0422491483964868,-0.0422697288656647,-0.0425272463470871,-0.0419655400163334,-0.0420832808657566,-0.0417121622304733,-0.0414526630324266,-0.0413604346197754,-0.0411423765741412,-0.0413354035504783,-0.0407668266891865,-0.0407886158454313,-0.0401324541853723,-0.0399009036390365,-0.0394429360365941,-0.0387403292108857,-0.0381780972544231,-0.0377784146873539,-0.0367970251245455,-0.0359428209065077,-0.035107645442741,-0.0337657064089605,-0.032837773310408,-0.0312875998989735,-0.0295725451829979,-0.0282285226211067,-0.0263888565722755,-0.0247793463874682,-0.0227976752267607,-0.0210180686219597,-0.0187125851139832,-0.0171003867795589,-0.0155786869923561,-0.0135319336141307,-0.0123902185624536,-0.0108468218251525,-0.00990025352064604,-0.00926166072947543,-0.0085944061819909,-0.00813419630489732,-0.00758145302410594,-0.00748788097784717,-0.00702296482626149,-0.00638784174929886,-0.00614505178949797,-0.00569524584283361,-0.00523116971641737,-0.00472686857906858,-0.00392972693098896,-0.00376936170558533,-0.00277741476131359,-0.00241314807771524,-0.00205581455261635,-0.00174794062450712,-0.00111296344735563,-0.000987162494313988,-0.000708189894658291,-0.000418807232238038,-0.000491047591458387,-0.000145291254118893,-6.79358639626525e-05,0.000166705675073454,-1.38394661483752e-05,-0.000333626777236694,2.44626164341022e-05,-7.37076134441633e-05,0.00018917427288719,-0.000205726077381133,-3.55151969026967e-05,-0.000197325724509794,5.03830639860092e-05,0.000345795825180798,-0.000181736584462798,-0.000163755583068187,-0.000132087324323304,7.78771715663969e-05
-0.00514205735979516,-0.0050142003903319,-0.00482727547906626,-0.00477390339366759,-0.00476047434445591,-0.0047552766480501,-0.00443205399575237,-0.00449514464766164,-0.00435324030461846,-0.00409760193704701,-0.00379593103370438,-0.00393754991341388,-0.00346927854702093,-0.00313354082002228,-0.00286928925725937,-0.00241259845597348,-0.00170299677648909,-0.0014303210354677,-0.000809198481726218,-0.000611693395186104,0.00031606870366121,0.00105211984637641,0.00131016506136433,0.00195243156958467,0.00205644116585846,0.00281159684671009,0.0029238820795573,0.00279575479984094,0.00217147365695337,0.00147104189336972,-0.000165015864645479,-0.00219522203976873,-0.00486114682187806,-0.00833649742466536,-0.0120148588495864,-0.0167795635910699,-0.0214532830050793,-0.0262341719607457,-0.0305048935636173,-0.0342715870548435,-0.0371271823366234,-0.0396504782517354,-0.040741111970668,-0.0414138682504913,-0.0418395529480018,-0.0419531855824669,-0.041953711420704,-0.0418004743812805,-0.0418538656668407,-0.0420951958874553,-0.0415366262261219,-0.041587032788,-0.0414982764703385,-0.0409881915355944,-0.0407897714149003,-0.0405474057938879,-0.0403241194085211,-0.0399554811553469,-0.0396682641804935,-0.0388688086626514,-0.0383938950654799,-0.0380264682499888,-0.0372967935159628,-0.0365394940856905,-0.0355890504550531,-0.0348188238458202,-0.0333756358194311,-0.0325434525054996,-0.0308784392009829,-0.0296594477348873,-0.027871750061462,-0.0262619098982517,-0.0243057324660761,-0.0224122210543362,-0.0206986892099854,-0.0184597503784701,-0.0164811590009784,-0.0146239491799578,-0.0130765523560688,-0.0117613984209407,-0.0103321948220125,-0.00957935046068303,-0.00882083708420587,-0.00794181776784314,-0.00746272730450528,-0.00698754718763162,-0.00682956818809519,-0.00670713419006519,-0.00603351007160989,-0.00557421207992032,-0.00540318432850385,-0.00466288115889671,-0.00426751627832962,-0.00417022651994223,-0.0035352695461255,-0.00303164466039091,-0.00210954187101833,-0.00187534469404232,-0.00167087183943093,-0.00124871421598227,-0.000639937733084316,-0.000734754541606466,-0.000353864176184801,-0.000176333692373019,4.61150006619175e-05,3.57929822911575e-05,-3.26706290615826e-05,-8.82139239862542e-05,-6.42610672359524e-05,0.000209799587637244,-0.000202149584745919,1.2367429231861e-07,-9.95230546573988e-05,8.71511198601907e-06,-7.81216512520886e-05,-0.000148611532377255,0.000227775963933118,5.15029824921903e-06,-0.000173000099941207,-0.000267019729664797,0.000231271560021081
-0.00450531497548861,-0.00462177609992018,-0.00448621846763064,-0.00414962538872898,-0.00423723903135828,-0.00423420126804143,-0.00411346834930638,-0.00384498165901131,-0.00411445571785974,-0.00343194784088376,-0.0038662522924721,-0.00320321374029154,-0.00290517367935405,-0.00270157626263196,-0.00230935048812965,-0.00196079289325901,-0.00179180891363147,-0.00121480306454018,-0.000747406892966866,-0.000378338314114221,0.00028518161872244,0.000747216228247944,0.0010596697995089,0.00158511019512882,0.00195939079629902,0.00232587697597709,0.00250377201658196,0.00226497112408766,0.00177553106506117,0.000616988659153088,-0.00054942718151609,-0.00266264309827214,-0.00537989881174189,-0.00852560955444734,-0.0124880653287723,-0.0169580038052251,-0.0217688470079024,-0.0259316002307107,-0.0304173020202992,-0.0340138013627804,-0.0369516404162068,-0.0388138535663972,-0.0403066163646387,-0.0408662058591146,-0.0411511576479252,-0.0415015934103939,-0.0411388137418026,-0.0412924845460187,-0.0410329107643816,-0.0410226143309984,-0.0410631592237514,-0.0409551285338772,-0.0408091321685199,-0.0404232959325958,-0.0405092251787679,-0.040419401371724,-0.0399335747773786,-0.039377757202451,-0.0391245282470788,-0.0385388663896472,-0.0377928430493426,-0.0374143098236954,-0.036744133892709,-0.0362235392538289,-0.0351511314707648,-0.0339911904934868,-0.0331468648840145,-0.0318618017002021,-0.0303419474309169,-0.0290945727273435,-0.027417057844982,-0.0255499972504887,-0.0237992692592777,-0.0217568133194329,-0.0200544068896502,-0.0178914304266099,-0.0160479861527841,-0.014179524558631,-0.0124488895072383,-0.0111224521465635,-0.00999829692068456,-0.00911776625778235,-0.00831824871432545,-0.00762336127539357,-0.00728103697159967,-0.00660256947819561,-0.00617657137358243,-0.00590241521826888,-0.00577233106501028,-0.00525936998272754,-0.00487418072092881,-0.00479450117135079,-0.00413344572911858,-0.00330627825759454,-0.00313902340831352,-0.00273462890037391,-0.00226840971027962,-0.00171452509252965,-0.00139568117422075,-0.00113494987504399,-0.000579018128162408,-0.000545124597190158,-0.000350320607134645,-5.36776899051656e-05,-0.000111815527946555,0.000103601850691718,0.000171609766395601,6.26383077051895e-05,6.58437586484057e-05,0.000174512577588792,0.000130258604973728,-7.85503257394585e-05,0.000152542722102876,-3.81035923240115e-05,5.48745765250844e-05,2.18503211915028e-05,0.000148973725690814,-0.000144821531822777,-0.000146996550217638,0.000116639705211259,1.06956868474067e-05
-0.00394021701769888,-0.00399206251361399,-0.0037968204003327,-0.00385086682700147,-0.00391398370546465,-0.00349928100524929,-0.00345750738103566,-0.00330147090312277,-0.00313233130107002,-0.00315447620257285,-0.00303903568951082,-0.00247567667184814,-0.0021998707690799,-0.00204439576780227,-0.00189200449121542,-0.00158581639551002,-0.0012381735469625,-0.000844780300445056,-0.000572231338150303,-0.000291313189833955,0.00044167821813476,0.00101297419569856,0.00130836244607953,0.00184207607483357,0.00228374516392023,0.00239696040726951,0.00228114861692737,0.00227283134083583,0.0015968925174491,0.000703776024708919,-0.00057019400485279,-0.00290300234527878,-0.00543948985136501,-0.00860264315652599,-0.0126763613347342,-0.0169092765456972,-0.0213320144619779,-0.025790512223472,-0.0297997690070685,-0.0331982641040381,-0.0357978672888851,-0.0380006181645284,-0.0395237828463879,-0.0402148827983513,-0.0403331364695779,-0.0406220189417722,-0.0405145944177083,-0.0403088994574801,-0.0403471094592274,-0.0402353848786852,-0.0401276645410202,-0.0397705654841737,-0.0396459952655887,-0.0397316162241963,-0.0394691782335795,-0.0390645389873033,-0.038953916823543,-0.0384794267488738,-0.0382202196600221,-0.0376574462655648,-0.0372226733434155,-0.0366827230477954,-0.0359406302042491,-0.0350954929633755,-0.0345206463771898,-0.0334245843800635,-0.0320903673773623,-0.0308771490856867,-0.029763272792584,-0.0281159793835871,-0.0263565659811674,-0.0249857595473406,-0.0230820661169529,-0.0213444069775016,-0.0190758166756943,-0.017297144789503,-0.0153833649126361,-0.0137189160679588,-0.01228476403499,-0.010624346965756,-0.00937511634500348,-0.00846357096103282,-0.00792930561703016,-0.00714128082007735,-0.00668515592423711,-0.00612522614568868,-0.00581542716339402,-0.00558885202505197,-0.00516997592694927,-0.00481612781196684,-0.00462776409441259,-0.00416853279593596,-0.00403252561586762,-0.00351678408904017,-0.00301731659212852,-0.0026160144107273,-0.00206833833640913,-0.00170983172184414,-0.00154691757491977,-0.00123943953464299,-0.000616152758613754,-0.000427297472222479,-0.000258205044036968,-0.000331576763742067,-0.00013296159218937,-6.0286688386947e-05,9.913651387588e-06,0.000113509783568044,-3.91959029883173e-05,0.000108679299079916,-3.92101255110947e-05,1.149068067446e-05,0.000140980093881914,-4.96322663274273e-05,-0.00022365887622199,-8.92032089792661e-06,-1.55434882326753e-05,2.62857517847884e-05,-0.000154578621403941,0.000229663089091398,-0.000155925091758329
-0.00326472315827891,-0.00337037921243445,-0.00324884760913125,-0.00329374792676309,-0.00313239109944625,-0.00294385873787429,-0.00267404588194438,-0.00288099938451768,-0.00260554777896052,-0.00213035216710213,-0.00214987165859787,-0.00237167439418209,-0.00210301020174084,-0.00186921626337061,-0.00169358294773406,-0.00139689964921347,-0.00099771845255005,-0.000706759653092951,-0.000285828589706104,0.000193700457439327,0.000829844638838047,0.00125932917304725,0.00159956439762067,0.00196494807653061,0.00223533626653081,0.00263481997374784,0.00229394128712915,0.00189017549611312,0.00132399789433011,0.000259134883936068,-0.00123422894820717,-0.0031256387541247,-0.00576407069722522,-0.00844517304295789,-0.012630996212304,-0.016782201734121,-0.0210678747053773,-0.0251351973326663,-0.0293475570228964,-0.0325151507260627,-0.0350123424120596,-0.0371451430649602,-0.0381972377475464,-0.0390580105388365,-0.0393927451528641,-0.0394435122481209,-0.039361724096323,-0.0394003165328789,-0.0390165016609259,-0.0394234645455053,-0.0386571278649866,-0.0389043258772332,-0.0387392385015625,-0.0385817602644999,-0.0381335057274086,-0.0379828080385888,-0.0378986699090717,-0.0373862310212716,-0.0370850192284091,-0.0365934480766697,-0.0361754178870896,-0.0355109245248758,-0.034943670178085,-0.0341606111408433,-0.0333276796943,-0.0324490943003401,-0.0313254735797326,-0.0301769770905164,-0.0288137923828605,-0.0272449209293422,-0.0257335026931389,-0.0240913531427542,-0.0223262376323594,-0.0202578975232926,-0.0184655662622852,-0.0168436444798804,-0.0145391885708573,-0.0129836430245564,-0.011551439806689,-0.0103043934752194,-0.00888738915991446,-0.00790801179099202,-0.00719558291853866,-0.00653223262506984,-0.00609128163381154,-0.00598004950725465,-0.00529547374719262,-0.00507726981365869,-0.0047783871376433,-0.00482368745118714,-0.0041616539077332,-0.00382288031101402,-0.00365738438311724,-0.00301534273397223,-0.00279530830366042,-0.00223580055642412,-0.00219369293804025,-0.00155400015086785,-0.00124281905627829,-0.000811885487626238,-0.000520492501732309,-0.000437081202641846,-0.000142575070310064,-2.29976092730526e-05,-0.000143891826022169,0.000109153179042681,0.00010948339504657,-0.000288115719903276,-5.72738108608264e-05,-0.000207466493893382,0.000191927833097328,-0.000105643169221315,-0.000131791280346383,-0.000250252240609974,0.00013339373909822,0.000202278212388342,0.000158834113377364,0.000216387405822323,-0.000185109237603375,-8.64440574117432e-05,7.49452402069289e-06
-0.0027595256159692,-0.00257970627984621,-0.00252892831633573,-0.00247357238924752,-0.00238169397468054,-0.00210392880755751,-0.00231257241179426,-0.00219441663982255,-0.00197191831699034,-0.00176184569062746,-0.00202975515517648,-0.0016600191358536,-0.00155474568089615,-0.00120426759903806,-0.00100199095130967,-0.000821095243806891,-0.00044894058871027,0.000115871508827287,0.000222697792252376,0.000663445733292618,0.00104408067908339,0.00141438754891062,0.00174127066080455,0.00203363147625449,0.0023369842849145,0.00246748467997306,0.00222469412181259,0.00188687003175166,0.00127668483641397,0.000286180100375513,-0.00117636906161073,-0.00298656651129777,-0.00554248984642309,-0.00870592586056287,-0.0122325062562141,-0.0161609099850892,-0.020537638595464,-0.024261002056727,-0.0282238216677776,-0.0314707300833097,-0.0338273770707218,-0.0356074377927439,-0.0370630607094415,-0.0373856376379576,-0.0376897041138229,-0.0379026681897591,-0.0378090119292966,-0.0376819819619065,-0.0378003570200667,-0.0375914105163733,-0.0377558829132643,-0.0376475191401105,-0.0373516781671412,-0.0371949541476552,-0.0367632816548705,-0.0366916050896983,-0.0366456221322803,-0.0358607285415294,-0.0355856148163353,-0.0354511507908303,-0.0346235565091609,-0.0341655878993923,-0.0336589540251927,-0.0327076866738005,-0.0318612091510384,-0.0311851226305528,-0.030035044446131,-0.0289005181024102,-0.0274453420316241,-0.0264214673943593,-0.0248720243566942,-0.0230621610296763,-0.021061480321049,-0.0193443104499485,-0.0174642894010936,-0.0158625317705217,-0.0138938705567322,-0.0122017615090744,-0.0108681317118173,-0.00948837060516266,-0.0084655130000056,-0.0075392549080465,-0.00652530354248991,-0.00613971999169611,-0.00547984888838428,-0.00557627635393806,-0.00540596638282056,-0.00457963542462832,-0.0046500546238641,-0.00402990545925207,-0.00389367028449043,-0.00340997440654584,-0.00332872317479117,-0.00280513684625715,-0.00263879726004632,-0.00214339797126494,-0.0015935138194382,-0.00145197640606783,-0.00113364734894074,-0.000833259156342638,-0.000594829465969298,-0.000176325069316712,-0.000124871979428378,-2.24829482052822e-05,0.000167418801498661,-0.000119228232962148,5.45454592927661e-05,2.73442561044849e-06,-1.14989528429319e-05,-2.10075780820592e-06,-8.57843753172982e-05,-0.000133636635812478,4.78593279610735e-05,0.000194747633834568,4.2968309838715e-05,8.82080181492407e-05,-7.4634953244889e-05,-0.000356352655319668,6.91045195023013e-05,0.000236227127792574,-4.9560338118082e-05
-0.00201181819997966,-0.00177117354837179,-0.00174901095658193,-0.00161319344170085,-0.00174873689791393,-0.00156205118591968,-0.00143903919222578,-0.00139301603898512,-0.00133473605308255,-0.00144151000286271,-0.0011377445997081,-0.0008930448102409,-0.000794413248883735,-0.000712428707418606,-0.000453388621846549,0.000117857666658858,0.000351843804393484,0.000112116245756481,0.000732222262736627,0.00139815102461396,0.0015133692077466,0.00153786019659069,0.0019251678454497,0.00225232951678548,0.00236923249265061,0.00258876123278924,0.00255079346504083,0.00219382252668815,0.00157918099322981,0.000210428138158414,-0.000880707823954331,-0.00297424180758702,-0.00537126238319776,-0.00854177257471966,-0.0117068058502483,-0.015634902720166,-0.019312125758727,-0.0234995148517858,-0.0272015802850891,-0.0299321069130179,-0.0325604798923226,-0.0342474797096852,-0.0355175130413138,-0.0357412409330178,-0.0362490443937323,-0.0364986503531805,-0.0363229130929584,-0.0360932953729731,-0.0361829629592684,-0.0358805674278306,-0.035929981599981,-0.0357994772321475,-0.0356188352329502,-0.0355068441647438,-0.035226273402549,-0.0348663942531753,-0.0348774489938928,-0.0344984082928375,-0.0341201772416795,-0.033538201825486,-0.0333831763512734,-0.0329124943960474,-0.0321051394054342,-0.0312519294342681,-0.0306665970793486,-0.0298249067937032,-0.028510960200132,-0.0275849571198223,-0.0262394962239227,-0.0246745092220472,-0.0234640858904644,-0.0219089408350235,-0.0201362462872124,-0.0187058576176146,-0.0166861875682458,-0.0147778982351733,-0.0131947971495349,-0.0116877983419033,-0.0101430174119619,-0.00893880968675896,-0.00769081108613994,-0.00673909312221605,-0.00623748696218786,-0.00557580337699528,-0.00556054565790821,-0.00482381487377171,-0.00472881938206304,-0.00448516978185054,-0.00428826313222519,-0.0039186165769097,-0.00353814023424991,-0.0033588423839082,-0.00307613287108014,-0.00249057201019513,-0.00250754846541051,-0.00182554602825292,-0.00176726854090409,-0.00151475910895304,-0.00103149913913104,-0.000603331362296256,-0.000491507148476856,-0.00032518812540411,-0.000217037002474519,2.44018703345837e-06,-0.000137163941970379,-0.000298962745524791,0.000151081255332942,9.51776340859692e-05,-0.000120455210837483,0.000114651807036989,-0.000146982212928411,0.00016584919602122,-3.46842412989513e-05,2.02459434965662e-05,0.000236042900505292,0.000144371251771446,-0.000135326401548087,1.03745781998979e-07,0.000127496717686214,-1.05228487378426e-05,-0.000159297667106885
-0.000999239077059234,-0.0012453009899042,-0.00116171200466726,-0.0010870567055764,-0.00125100295391592,-0.000787833537596332,-0.000714364719809325,-0.000721141774199304,-0.000572220748337467,-0.000435756881220974,-0.000406225116599396,-0.000368723712174796,-0.000182385185794183,0.000139646699953894,0.000188526061069983,0.000563644779676871,0.0007191783032208,0.00104108671711844,0.00138371866843836,0.00138953318197276,0.00185098496222115,0.00220917232049767,0.00249502416070589,0.00265784196345146,0.00257096414358526,0.00289701166954106,0.00230027962403605,0.00222817343660126,0.00167965429566543,0.000714936952614343,-0.000530969331190551,-0.0023635747898471,-0.00494157956694476,-0.00770691602544285,-0.011256735730418,-0.0146062120671715,-0.0181429867259112,-0.0222082522586825,-0.0257816975041629,-0.028258550039494,-0.0306042802931265,-0.0324951959748646,-0.0333290579144372,-0.0339805837906937,-0.0342923869069295,-0.0342148828103537,-0.0341505169816778,-0.0342534137950382,-0.0339771591542128,-0.0338748771870686,-0.0340478389921414,-0.0341274272599837,-0.0335149617532547,-0.0335652324258442,-0.0332551574347614,-0.0330856293825243,-0.0328357762327899,-0.032629165212961,-0.0324208746215132,-0.0317439514769768,-0.031426992498846,-0.0306736358493386,-0.0304246273982528,-0.029869795586326,-0.0290081139185413,-0.0278851154336674,-0.0272146773210446,-0.0259678604581539,-0.0251831303168319,-0.023601022756382,-0.0220144090806218,-0.0208784774141009,-0.0193348772790075,-0.017371239657033,-0.0157353165881921,-0.014189513512246,-0.0124343100175191,-0.0109358084433538,-0.00946527021640679,-0.00819730456303642,-0.00709515736297835,-0.00642929169770463,-0.00576283280511643,-0.00531829605492754,-0.00486576642145475,-0.00461653291751692,-0.00426867477771845,-0.00410876328335178,-0.00393863211415459,-0.00365917356065372,-0.00316969900025406,-0.00313704276833999,-0.00283874486103099,-0.00243919632118495,-0.00227027497358614,-0.00157544954520617,-0.00145128008244325,-0.00119042021362631,-0.000857672379794902,-0.000592579174416349,-0.000491622969307298,-0.000392916004201197,-0.000214002886009828,0.000163646819432615,6.17285142359858e-05,2.61490372705915e-05,-0.000227961264442415,-0.000111742737698542,-1.72925976019261e-05,-4.08112960166231e-06,-0.000119577770914935,-0.000113554923161089,-4.71839564100382e-05,-0.000129896453082958,-1.89562885003611e-05,-0.000210815459999898,-0.000151037509576268,8.75389563012309e-06,4.23219952931925e-05,1.84199423850488e-05,2.14625885238553e-05
-0.000285508543062184,-4.23608696062965e-05,-0.000224385434859447,-0.000375826131565774,-0.000100821358543837,-2.38982622845327e-05,-3.48693312625016e-05,0.000206219801651817,0.000463350857991155,0.000179601880780845,0.000452341135391849,0.00054076856384122,0.000648127867229991,0.000704754140688933,0.000914836257735852,0.00128870533499617,0.00148920375404619,0.00161164543716318,0.00194803469749317,0.00206870961824188,0.00218266964448724,0.00258614050267857,0.00281330668489501,0.00302478168281684,0.0030625241798952,0.00308664340076831,0.00273476373675904,0.00247186308007847,0.00194151362471663,0.000849957248489314,-0.000441950068459795,-0.00225951078514128,-0.00459867050074323,-0.00699849504468824,-0.010028634091569,-0.0137540940316297,-0.0173187349802734,-0.0207054714347847,-0.0239826634713313,-0.0265372867620096,-0.0290067005717008,-0.0304245400304537,-0.0312714278429187,-0.0319113875994363,-0.0320655391675212,-0.0321686523864571,-0.0322073767336096,-0.0322124767319451,-0.0321535397358382,-0.0320490427964884,-0.0321002579318238,-0.0318605239973248,-0.0316264849442431,-0.0313791399697301,-0.0315124412859581,-0.0310005792898879,-0.0309360408246258,-0.0307233830560712,-0.030174849486358,-0.0298077844761475,-0.0290672216261566,-0.0289840161642314,-0.0284683493596336,-0.0277644685858956,-0.026910216642854,-0.0263110200416665,-0.0256306826207047,-0.0242769352593889,-0.0233151473340011,-0.0218513557662287,-0.0206021898846359,-0.0195528785257416,-0.0175229714150418,-0.0162364334814378,-0.0149552644995898,-0.0130785366878235,-0.0114967083331176,-0.0101565878493396,-0.00883044163651902,-0.00754169670974945,-0.00656049957175056,-0.00583509333907324,-0.00525042806901129,-0.00494069579335137,-0.0042800672256327,-0.00386428208040476,-0.0040407056108326,-0.00385790950696754,-0.00344362910759021,-0.00316204972567235,-0.00319695594342645,-0.00274397410170723,-0.00233790519848457,-0.00218604873144868,-0.00181506078024996,-0.00160054607885596,-0.00122440745507119,-0.00123144906187595,-0.000945602665924556,-0.000550486159199238,-0.000636686566305523,-0.00021328622574863,-0.000248096186490879,-0.000265469690588193,-0.000202728578703558,-0.00010640011096949,1.16001655303441e-05,1.47916472797393e-05,0.000133108749287867,2.52451945507028e-05,9.94361043606878e-05,-3.3876663932329e-05,-0.000287643722824664,-0.00013475075872985,0.000139092683991379,-7.29072788523936e-05,0.000178788931647633,-1.90828609063778e-05,-0.000145155574065711,0.00020570502916894,0.000100724433263105
0.000454965049877519,0.000532973819149158,0.000649454573237066,0.000522977683877247,0.000560970854257378,0.000635246741530321,0.000666785523512143,0.000728132849129131,0.000590909811079758,0.000878433913074873,0.000984930176006188,0.00105056230783302,0.00133052329704321,0.00117933992925553,0.00171739641259156,0.00163773772268509,0.00187342147044664,0.00210063286724499,0.00243721011827894,0.00269682955196639,0.00310818464820581,0.0030643533078172,0.00309486457665261,0.00347907015118721,0.00359852632802965,0.00356698987675666,0.003280263598074,0.00295367106611068,0.00235124867241152,0.00147618686310484,0.000102322997789739,-0.00153886354813963,-0.00373049624644789,-0.00625029291261363,-0.00940131524625044,-0.0125157857954869,-0.0159195377006726,-0.0189049991817858,-0.0222183950483104,-0.0248744207259361,-0.0266982501040003,-0.0283450969440554,-0.0290160754647021,-0.0298497565323645,-0.0299734482714488,-0.0300255527330517,-0.0299899820411719,-0.0296708707655277,-0.0300174028263508,-0.029703876034572,-0.0297805097365372,-0.0295997755097401,-0.0293805792551899,-0.0293972703347039,-0.0292048941480327,-0.0289161160793997,-0.0287624744337297,-0.0283616152230901,-0.0280765548420951,-0.0279857114435624,-0.0271935067030099,-0.0270493628651348,-0.0262725032772913,-0.0259783351673459,-0.0247601655881043,-0.0245005421523717,-0.0234531611194689,-0.0225171474388583,-0.0213251012869875,-0.0202287324441316,-0.0193400434501622,-0.0176870474308003,-0.0163217914936111,-0.0149231193621176,-0.0134365962482957,-0.0121263592207244,-0.0105833197062977,-0.00912636375290056,-0.00820621946042991,-0.00710413990790393,-0.006108409841456,-0.00542693492825371,-0.00473300156223008,-0.00405621845161701,-0.00368165283369924,-0.00379355693630371,-0.00309546336028301,-0.00323466301885662,-0.00307830484641382,-0.00308914808959781,-0.00262777739436711,-0.00252400249294276,-0.00218497022151864,-0.00191575044427222,-0.00182950657337358,-0.0013201796970478,-0.00117310413978121,-0.000916401070230491,-0.000758049890014337,-0.000501379283055039,-0.000309774008163462,4.44776411103158e-05,-0.00029789814732384,-0.000113282575381284,-7.49321730586698e-06,2.71679382845318e-07,4.94919377862825e-05,-0.000210306556937517,0.000108812050806564,-5.24105498659343e-05,-0.000207262764146551,2.93223334141661e-05,0.000104632607982154,-6.64849633471365e-05,4.86088082165329e-05,0.000198742569675298,-4.00755536426097e-05,1.22601932754419e-05,0.000322766912224589,0.000149982719994746,4.75232827583761e-07
0.00111146749118243,0.00132448545879728,0.00151721095038324,0.00137537128440658,0.00167869923495089,0.00108162724669784,0.00140837852259425,0.00135385525475734,0.00172798280928416,0.0017976202216966,0.00167190905171588,0.00160630999851551,0.00178912887564286,0.00202213539796944,0.00203970794244351,0.00241282175371514,0.0024062994498713,0.00280615658225975,0.00306990024558152,0.00326660620369472,0.00308766077014101,0.00371999204548175,0.00368085304332787,0.0037940968219533,0.00391631239305664,0.00373239973823326,0.0038910167342457,0.00332426022323839,0.00261452887221405,0.00172616746329416,0.000382409594804172,-0.00102174886955274,-0.00294657445674931,-0.00545197981322959,-0.00827271978364559,-0.0111726058272017,-0.014099492616062,-0.0176415600535679,-0.0201469976514807,-0.0227793823746879,-0.0245206729406033,-0.0260403829739763,-0.0264850922910418,-0.0273155550483469,-0.0273933372908965,-0.0276096013442119,-0.0275887321073083,-0.0277765904913258,-0.0275714170774421,-0.0273190492174502,-0.0273883796294698,-0.0272583647623358,-0.0269251831892951,-0.0269082276344122,-0.0265801006383068,-0.0268326663643028,-0.0263098839792825,-0.0260697292464462,-0.0260800415470662,-0.0253455089529376,-0.0250661081080611,-0.0248733933115819,-0.0241797351943133,-0.0235246897670084,-0.0232522592658563,-0.0224218420891945,-0.021455858925179,-0.0209280040587529,-0.0195806709165363,-0.0187041515450196,-0.0177596795305798,-0.0164980076655504,-0.0152743429172884,-0.0137072714480943,-0.012372595419332,-0.0112275933698747,-0.00965532184644821,-0.0084934518744001,-0.00725661383456825,-0.00614046927188705,-0.00539166988117031,-0.0048708677851922,-0.00423342627225285,-0.00399261347507363,-0.00339984240775074,-0.00325235727671516,-0.00289353450755751,-0.00297849015000314,-0.00290416416375791,-0.00275730452772676,-0.00235934014495597,-0.002184311248729,-0.00200219480495913,-0.00183039636794296,-0.00141236670747132,-0.00140838473917745,-0.000961769493807348,-0.000736309310682001,-0.000683853242922403,-0.000288798737013884,-0.000491063433777908,-0.000279942877402895,-0.000228636795896503,-4.09653900603144e-05,-0.000260665713901854,-0.000124853630026187,-5.8201159985459e-05,4.49438232963095e-05,-9.63878438659637e-05,-0.000154674309057563,0.000278608898672064,2.26779774378009e-05,-0.000242000807132491,-0.000137422999006317,-3.79115543222162e-05,-0.000207329073045394,-0.000153266170289134,8.3457016669418e-05,-3.22364214078825e-05,-1.44887578910878e-05,4.78457131166987e-05
0.00190379541541115,0.0020228010030662,0.00188648463989949,0.00215062843466159,0.0019743066096624,0.00191488267576397,0.00206345751919465,0.00215226004653039,0.0021535626658397,0.00249454160463135,0.00241981233864037,0.00258903798132534,0.0026216485593825,0.00271850760632145,0.0026921839589506,0.0029802901083249,0.00311370371441996,0.00350778452759142,0.00377229801798918,0.00361827320591316,0.00393559548916847,0.00410861153398116,0.00423503858148553,0.00466883900214597,0.00450232624402201,0.00444696997620909,0.00408744182885785,0.00341371689301947,0.00327804601639168,0.00248564447587493,0.00139073879926443,-0.000407750559157664,-0.00215090133938671,-0.00436656207319306,-0.00709549649904146,-0.00956343709733615,-0.0127605896325204,-0.0154560936919996,-0.0184028373431222,-0.0207120434969495,-0.0222115089395844,-0.0234485392772929,-0.0241024982116173,-0.0247723472030856,-0.0250124797008335,-0.0250955251312761,-0.024790639553073,-0.0249610810661339,-0.0249657080265195,-0.0247419613713437,-0.0247772112310935,-0.0244128802342307,-0.0244143542781163,-0.0244506945163333,-0.0238943430711908,-0.0241644092098586,-0.0237865136198059,-0.0237523039610394,-0.0230977635189383,-0.0232575458184238,-0.0228511776547904,-0.0221660713782288,-0.0219832873167785,-0.0213967544860902,-0.0207474655601987,-0.0203850010816915,-0.0196075895084227,-0.0190184432839891,-0.018009637885988,-0.0172804153906923,-0.0159379545352045,-0.0146600777652427,-0.0136992269954975,-0.0122845738255487,-0.0110369725479385,-0.00979690988647016,-0.00900977681169394,-0.007566031620431,-0.00637377716439943,-0.00575795297324484,-0.00490348561345667,-0.00431667099010837,-0.00352876390866185,-0.00318450999376049,-0.00286171329772479,-0.00268391328545023,-0.00266735661210019,-0.00269059398310134,-0.00245911001814686,-0.0023796749746342,-0.00185550213328251,-0.00169356212330589,-0.00165963693118674,-0.00151556913401984,-0.00154390991180414,-0.00139876326956046,-0.000951804939197448,-0.000799187347879905,-0.000772871846890196,-0.000628664623534924,-0.000481575316883922,-0.000308095729779813,-0.000179204964140189,7.63113542039623e-05,-0.000126703337646613,0.000110488197883998,-0.00024807005811628,0.000111022924750189,0.000141943083648346,7.96693526809192e-05,0.000109928791129248,8.52858578727626e-05,-0.000137802789054951,0.000100727591795647,0.000192173825826415,1.38374591573114e-05,-2.134061347411e-05,1.33760265188492e-05,-0.00019201623489323,0.000126179144112317,7.51319514135822e-05
0.00262671068356594,0.00258344509674202,0.00269208484308325,0.00262053390406759,0.00269895973083402,0.00274710954375546,0.00295995858869933,0.00288885827300706,0.00284701939891861,0.00294157715992574,0.00321071213830365,0.00311478754967023,0.00333643387328472,0.00342601728751157,0.00356381078637494,0.00369570021130003,0.00379995891361911,0.00377913153156568,0.00397978503315518,0.00414128465517637,0.00467052112413471,0.00477326689534596,0.00491345148484666,0.0048270524353911,0.0046293546208435,0.00471400783058672,0.00460191392486011,0.00441008473124471,0.00386948807927608,0.00296246012424933,0.00170893196002438,0.000694528132877375,-0.00101815511091704,-0.0035119335734582,-0.00532371953205678,-0.00847365689831492,-0.0109199263501472,-0.0133101301621767,-0.0160592518520799,-0.0180176324546119,-0.0197842459049934,-0.0208318187332246,-0.0218367177795905,-0.0221944650427492,-0.0222086179235591,-0.022287763004315,-0.0221821621912927,-0.0222337469513215,-0.0222878634634663,-0.0219449094422377,-0.0218937285332461,-0.0221030588102836,-0.0219381739283972,-0.021754465615179,-0.0219644330330119,-0.0217178265659802,-0.0211519271844502,-0.0211871211556614,-0.020679233906215,-0.020663319703984,-0.0202326568123475,-0.0201640898909144,-0.0197933146107479,-0.01900468156018,-0.0186136490322952,-0.0181617585039027,-0.0177059059303724,-0.0167471951017729,-0.0158383333702264,-0.0149158073525773,-0.0143442658432319,-0.0133082439489021,-0.011959187536574,-0.0110678555057143,-0.00984630085511043,-0.00868918749381138,-0.00782330440641497,-0.00665748202692782,-0.00582300841483821,-0.00496907511270495,-0.00433361940769059,-0.0035188235717158,-0.00314069047344416,-0.00303015110253491,-0.00248411792507305,-0.00238320782659492,-0.00256400127829501,-0.00245620558307444,-0.00217503845145945,-0.00206493894270432,-0.00187611719678145,-0.00152203591685974,-0.0015732918988683,-0.00128769834746121,-0.00116246443924297,-0.00085573200490222,-0.000803453303883419,-0.000878368069799709,-0.000732410856265663,-0.000440816749286673,-0.000292997732486577,-0.000147068263216507,-0.000246233914565838,1.29954100653307e-05,-2.28251331578505e-05,8.88933699766151e-05,0.000110851604705979,-9.16541065341741e-06,0.000113705229308586,-7.96766551747938e-05,-0.000191258868128835,-0.000127789502308585,-4.25482936542129e-05,-9.72393549605083e-05,-8.82803458667274e-06,-0.000126583603600432,0.000153606526178818,-0.00021989351965475,-8.35519698204908e-05,0.000138783986338304,-0.00010061001842953
0.00324201451790779,0.00313158680844158,0.00313110037541698,0.00307178943029547,0.00319895022118057,0.00344970130447276,0.00338670736332501,0.00333277991186171,0.00345784124939157,0.0035457614240085,0.00396588298390538,0.0038672019628264,0.00393133176055882,0.00406787900484779,0.00424221304617077,0.00411153574601643,0.00435944882821408,0.00456900920166814,0.00451610885319455,0.00462059610106246,0.00473127754877298,0.00491386830448147,0.00509761852511926,0.00529452398785454,0.00547067832045793,0.00525697573118023,0.00519597812112837,0.00503582324682565,0.00459940881889411,0.00359454821934897,0.00255569194283943,0.00130868602578537,-0.000174711534602586,-0.00213338954014973,-0.00454007540661489,-0.00669370099180147,-0.00932101712599836,-0.0115576970188208,-0.0140749903455413,-0.0155956155910538,-0.0171542092115142,-0.0183803471918347,-0.0187251917631793,-0.0192885923212429,-0.019522715324057,-0.0198232474412193,-0.0196959458560058,-0.0197968494325214,-0.019316727142007,-0.0197577452553621,-0.0193487312539434,-0.0192948194448968,-0.0193392107940278,-0.0193597357735609,-0.0192673737733926,-0.0188523311708916,-0.018554172965998,-0.0184538751986008,-0.0181666714843801,-0.0179295434871281,-0.0180312288449136,-0.0174191427340275,-0.0170892156390769,-0.0166516012592997,-0.0163100640483802,-0.0157860304094596,-0.0153933513628918,-0.0149053070404417,-0.0141272606657235,-0.0132135093809212,-0.012296743287684,-0.0116117590754658,-0.0105082870468405,-0.00969172999397443,-0.00867717506826995,-0.00768695698574045,-0.00666272057402023,-0.00600116773780558,-0.00496281432483566,-0.00425876500038773,-0.00345338373375629,-0.00299425745296811,-0.00302459025153684,-0.00239425904690603,-0.00233491802248311,-0.00229422783506783,-0.00210045454661363,-0.00205273732902929,-0.00184871711135959,-0.00186308438129476,-0.00176443289997653,-0.00169547297508548,-0.00131004968483232,-0.0010262231571597,-0.00104728251717013,-0.00082601227952776,-0.000496924912862836,-0.000630782310530084,-0.000501532260435722,-0.000364762026172076,-0.000187995430404265,-0.000166703237252005,-0.000198651901234024,-3.82004869261287e-05,0.000189265936249307,-0.00013424098745705,6.45933996726558e-05,7.03922798226255e-05,-3.18584546905313e-05,0.000100970059823459,0.000218165833512249,1.5082618183605e-06,-2.23800956998626e-05,-0.000106315865802008,0.000264292381451503,2.68600818860787e-05,-0.000165984641298596,-4.20050514986757e-05,-8.67398807501632e-05,-4.35837967446353e-05,1.52597008902554e-05
0.00392868764189735,0.00384276749154433,0.00394697294128619,0.00375960782383095,0.00393887929765126,0.00415360939060287,0.00405225346851612,0.0043194221869314,0.00395128983320723,0.00410402044549893,0.00404687793688011,0.00444180533096642,0.00426248198948024,0.00460302863430804,0.00462707325824593,0.00465499961265573,0.00480293938168614,0.0051841597072877,0.00527662437156611,0.00540259754185491,0.00544953436259564,0.00549919151626104,0.0057015252064494,0.00588166049152243,0.00582960099320409,0.00603538338267143,0.00580926165990159,0.00543323107572781,0.00508380083443634,0.00426532527439487,0.0036976391680367,0.00216876706938463,0.000636478543291704,-0.000816065474007084,-0.00273087385547961,-0.00486457094938678,-0.00717780718909361,-0.0094043900208803,-0.0112801792886938,-0.0132449771089835,-0.0146568504544514,-0.0154592064054186,-0.0162115789317134,-0.0166276416967881,-0.0166982092249617,-0.0167554187198291,-0.0169662533615181,-0.0168793289632016,-0.0164121607308341,-0.0167016444275902,-0.0166981568360844,-0.0164711567241303,-0.0165409545357445,-0.0161680285292999,-0.0163372508972092,-0.0164216064248712,-0.0161904669038111,-0.0158227089340351,-0.015717231332368,-0.0155451348281109,-0.0152138375378554,-0.0150942938814486,-0.0147963421277135,-0.0143902856767247,-0.0139067697871662,-0.0134438570185944,-0.0133329665165205,-0.0129721313745435,-0.0121370758656546,-0.0116090723570923,-0.010666819044384,-0.00973101613096084,-0.00911120974601351,-0.00814673784490074,-0.00760881616735421,-0.0065984147107506,-0.00571428648846127,-0.00479916686302381,-0.00413463109691702,-0.00350466235793,-0.00315454853648538,-0.00272358184383653,-0.00239341957350714,-0.00214098055599377,-0.0019809261428511,-0.00173055117820123,-0.00144320939983218,-0.00141581560231407,-0.00160663126982457,-0.0015022028706854,-0.00121844989851705,-0.00101734941701293,-0.00127016215585634,-0.000983676126762043,-0.000800319177675697,-0.000672123670762478,-0.000607215820566689,-0.00068008356480743,-0.000336217819221114,-0.000298272088369348,4.05972024512295e-05,-1.25074292828434e-05,-0.000184794121842503,2.44063754242511e-05,-1.42886668859986e-05,-0.000224356035143664,-0.000134044753580599,6.35493484436383e-06,-0.000145680608298278,-7.91474698525507e-05,-0.00019960367934251,-0.000157307760232919,0.000129664888980448,-0.00013052383455769,-0.000125885564695041,4.50966468728883e-05,0.00017046226594786,5.85369829694222e-05,-8.90053097831049e-06,0.000253266335025238,8.43623651985897e-05
0.00423869383842035,0.00434438365087704,0.00446942134455104,0.00422960910532763,0.00442429367737013,0.00444537866301292,0.00461172860975286,0.00425657136043305,0.00429595010704667,0.00454978902356705,0.00482575911721922,0.00477712514037157,0.00490761964632566,0.00492684624843461,0.00491344475371982,0.00535041163130881,0.00524095053241612,0.0054009045935469,0.00549317695984536,0.00566335751902289,0.00596145376863751,0.00599814983301646,0.0060047645341947,0.00599929022192136,0.00624608758930432,0.00638723462664738,0.00644578476235403,0.00597720483983143,0.00558425641763773,0.00506910545022322,0.00410724552760189,0.00316990747723764,0.00200402241203636,0.000393738811266739,-0.00142745869552189,-0.00304341536365136,-0.00541960864068488,-0.00747736924389422,-0.00907815868431111,-0.010680783355433,-0.0119938781954518,-0.0129052691523557,-0.0135182125051252,-0.0138391411070936,-0.0139802862280618,-0.0138412423554811,-0.0138092051358832,-0.0140769408676095,-0.0138357679827282,-0.0138942959229509,-0.0140390714294237,-0.0135628670676244,-0.0135967227490547,-0.0136799112071529,-0.013679450135562,-0.0135134625901927,-0.0133748194828961,-0.0133088429736429,-0.0129014588965187,-0.0128757443858186,-0.0129147781094962,-0.0124125812493677,-0.0124611510782685,-0.0119036841622106,-0.0116495082904048,-0.0113774491241395,-0.0108166502547822,-0.0104208620263924,-0.00983031869745321,-0.00940279100300995,-0.00865442206146825,-0.00820980879028461,-0.00733070115259607,-0.00688500625059721,-0.00600876517444245,-0.00541954409324055,-0.0049355213396887,-0.00397794613527724,-0.0034882034382755,-0.00309896265885729,-0.00267406998920618,-0.00230006663833335,-0.00178127261867872,-0.00173103165129624,-0.0015213177493822,-0.00139700476163927,-0.0015402292089446,-0.00134993683318276,-0.0014095784443054,-0.00120307907559389,-0.000956240963766496,-0.000741095006546309,-0.000776545992239539,-0.000843664548004944,-0.000626299233347742,-0.000810154881556852,-0.000620588216671317,-0.00054299262236095,-0.00032932478209873,-1.24201912531961e-05,-0.000153626629578731,0.000121507685704615,-0.000105068237270042,-3.15601814782963e-05,2.77287864890427e-05,-0.000152537616448426,6.8664424928952e-05,1.87637748649357e-05,-2.25956756579507e-05,-5.02372401809725e-05,7.43352966460353e-05,3.99240368669772e-05,0.000255957049138109,0.000114144733663032,2.10038826632654e-05,-2.40232758913394e-05,-4.16076274509716e-05,-0.000151579690076146,6.31520786948443e-05,-0.000254043485506605,0.000173300595767469
0.00475733210948735,0.0050072675650648,0.00479021744812302,0.00494779592845015,0.00508954592234662,0.00492665961014166,0.00492850644754774,0.00499590846323699,0.00494085385333503,0.00504500807687736,0.00535962438010329,0.00508202123640319,0.00527144835145921,0.00532428286133216,0.00555693632691315,0.00600640146516004,0.00562719594238611,0.00593768888880142,0.00581582345918125,0.00603154786078131,0.00650300386511629,0.00637210324244289,0.0065452234017825,0.00670079603151111,0.00676714257492126,0.00676846053985645,0.00672114551583194,0.00655174113435819,0.00628035969343769,0.0060010907352279,0.00515323338203028,0.00445498920938739,0.00328366827336954,0.00178709802290462,0.000179102142841299,-0.00151686097566033,-0.00357624244253551,-0.00523696242824238,-0.00669824502365709,-0.00859572730546117,-0.00968867905291224,-0.0099269573700061,-0.0109312264793198,-0.0110618772204113,-0.011136204982874,-0.011402943954248,-0.0112789473908617,-0.0111690405349848,-0.0111396007103283,-0.0110217768647475,-0.0109610824877038,-0.011456488946822,-0.0111230975200474,-0.0108848880333313,-0.0108861322235035,-0.0110523854578012,-0.0107310195914275,-0.0105073490434456,-0.0100779151775336,-0.010228423439233,-0.0100858541140394,-0.00995531134635025,-0.00978330406637854,-0.00976338191132383,-0.00934045914004428,-0.0089583259381956,-0.00874022431614533,-0.00826322693572287,-0.00798496096817199,-0.00748167328267737,-0.00733598068660644,-0.00638980836553599,-0.00582403002567109,-0.00552791108946509,-0.00478533931054393,-0.00440149436347579,-0.00377365234719085,-0.00336412320883908,-0.00291840518631829,-0.00209270769324222,-0.00173240388335304,-0.00173531602920295,-0.00163064361230683,-0.0013500410658,-0.00100318339331314,-0.00109346924287155,-0.00098989805745045,-0.00106711601676318,-0.000950787441881456,-0.000832659861390686,-0.000775141041458677,-0.000671329996768306,-0.000911616044612376,-0.000524195649723868,-0.00050758903790844,-0.000274757740889068,-0.000385169246176515,-0.000139484664049467,-9.59705199798914e-05,-0.000201022780139545,-9.120305239037e-05,5.45515105832965e-05,-0.000119567660311022,0.00010585596427929,0.000399344453183603,0.000265123855510828,0.000213347472938389,-8.00073336618018e-05,-0.000127277194802545,8.50237022287761e-05,-1.0546289518295e-05,-4.71223309332948e-05,5.68585450605644e-05,0.000112397107119976,7.08315882544227e-05,6.24133033666461e-05,-7.82072216473789e-05,-2.51796117568327e-05,0.000329085750330639,-9.93741005853449e-05,-0.000107194775669969
0.00517115015088628,0.00528222073539147,0.00521988110864658,0.00533927773067042,0.00535659932262406,0.00533558075063083,0.00525127206223544,0.00522401079834173,0.00526757336882049,0.00559215589199143,0.00567662711704685,0.00546928765445964,0.00568761159551808,0.00564201627698084,0.00607478174181886,0.00589645198561307,0.00595545465982395,0.0061604085812089,0.00646982125021373,0.00654832092930466,0.00682019609397784,0.0068249167958419,0.00725185744653384,0.00698746541503471,0.00711373254750173,0.00746365108964302,0.00733643047984139,0.00743720782315547,0.0068355108536544,0.00658520304680126,0.00590477285627718,0.00533532746266842,0.00438673374619485,0.00314037695199828,0.0017004721607054,0.000138208538398595,-0.00142636623889184,-0.00309121994673604,-0.00448154245436681,-0.00577933319485478,-0.00692891517986499,-0.00774641547155064,-0.00785076493126141,-0.00821192126803943,-0.00849190227905128,-0.00836372607238693,-0.00839669149268696,-0.00830415504449311,-0.00843208708110005,-0.0082664231172757,-0.00827332922410031,-0.00841459269670641,-0.00824491744650774,-0.00803839010123754,-0.00809848859424985,-0.00801529444407078,-0.00803962724199104,-0.0080793193310747,-0.0082325029833064,-0.00785396307772433,-0.00789807439298407,-0.00745585406138414,-0.00748759603717298,-0.00727740472036405,-0.0068046449695545,-0.00695266395619985,-0.0065734301327807,-0.00608829075504732,-0.00601738264858089,-0.00571368529795846,-0.00522279569820385,-0.00500190132628663,-0.00435348669718423,-0.00387556691864504,-0.00385645398652596,-0.0033314845343002,-0.00266384412383648,-0.00241628813458668,-0.00187274871121104,-0.00161685306506098,-0.00153378483756515,-0.0013798692413647,-0.00124543087983465,-0.000915988915771768,-0.000599620118421493,-0.000783972088241928,-0.000553425411371303,-0.000524092592053813,-0.000654630551124801,-0.00052027452089423,-0.000353283182982874,-0.000302711251671057,-0.000429711433335334,-0.000515110177551344,-0.000226107493559237,-0.000441316334205744,-0.000263825127826357,-0.000250178363956437,1.51445629031864e-05,-0.000267724155013682,-0.000344805380509289,7.94987434869932e-05,-0.000177818994981632,0.000224242385500583,-0.000158152321686394,0.00023956066316924,-3.58066557038163e-05,3.1915980864131e-05,1.20585157113128e-05,-6.1335857370817e-05,-0.000101602006489619,7.45759919707911e-05,9.23341575097888e-05,2.22254295647556e-05,-0.000268459258218629,0.000148785920543377,0.000391013997269817,5.02340330232207e-05,-9.77628191619881e-05,-0.000316940041843709,-9.61220229496414e-05
0.00538357215958262,0.00542876540930594,0.00554233543594273,0.00562153732893215,0.00566565611849281,0.00571836441089742,0.00538670892086141,0.00569436134367006,0.00577381781430435,0.00607082644548127,0.00573431918589599,0.00620417500188977,0.00610689994615743,0.00620338463797876,0.00653575292077673,0.00623252807878324,0.00628421513330736,0.00661743620760509,0.00689868897067627,0.00681587155366563,0.00704622950831279,0.00700745165380429,0.00757244201904362,0.00747679900050531,0.007855328295175,0.00775280316950609,0.00793365364850415,0.0078147172767905,0.00747985307903481,0.00740063174461205,0.00702548629836044,0.00623450467042312,0.00528478188070299,0.00448675109590653,0.00317452466754251,0.00174118396857291,0.000341455060293172,-0.000905150528331694,-0.00208827046953341,-0.00345444620578702,-0.00442553567032345,-0.00486843376115475,-0.00524800573676077,-0.00555852875771377,-0.00555174141816579,-0.00539268044457469,-0.00556308936137086,-0.00564075121351723,-0.00550338883920264,-0.00562840511951869,-0.00565876580367354,-0.00566294838490723,-0.00563534687906346,-0.00558958365141626,-0.00526917782549177,-0.00530911745178758,-0.00565953084526758,-0.00509073779151198,-0.00542276295396197,-0.00520533703139441,-0.00554072791319985,-0.00486732670630207,-0.00474489032967476,-0.00495482603372815,-0.00487157919891082,-0.00456577223847513,-0.00446899032730698,-0.00410367072380047,-0.00403374009027712,-0.00385849820847882,-0.0034464350035666,-0.00328949084950234,-0.00315000086030973,-0.00273249658523958,-0.00247394172495739,-0.0022222005831076,-0.00165193462838398,-0.00129979068803283,-0.00168009967867821,-0.00126598790992242,-0.00068242406780435,-0.000828072512864149,-0.000487452927700245,-0.000446027165825996,-0.000553614625677957,-0.000559269784350791,-0.000433976819510664,-0.000540877510546602,-0.000246825132274142,-0.00040172317554138,-0.000165639673860833,-0.00044560540291462,-3.80426047139835e-05,-0.000205373560813373,6.60342607262203e-06,-0.00042397988186715,-6.75680323802526e-05,-1.43752701589427e-05,7.71612525775159e-05,-0.000282693471056658,-0.000215613973301089,-6.21212337596714e-05,0.000205278930192953,-0.0002246826175436,-6.9636161260637e-05,-4.50783437577032e-06,0.000120099157177237,5.95390572387988e-05,6.66132526723081e-05,1.80435617808677e-05,0.000191393169968317,-0.000116616900675837,-0.000252603479251268,-0.000121885240315647,-4.29137687569824e-05,0.000115729727431422,-0.000348458960545135,0.000331670877584745,4.75872109236168e-05,2.81235535870394e-05,0.000101364703698306
0.00581300163694543,0.00590899533290695,0.00602887651399798,0.00602916661454977,0.00590584520218395,0.00593066845347029,0.00624404283070906,0.00610227866639951,0.00604447363746611,0.00594676385251797,0.00641483074057049,0.00633554327284849,0.00614960161051462,0.00639517194502207,0.00650722581597416,0.00678849877021162,0.00671883263092408,0.00712047917384641,0.00707144384616716,0.00726457739045762,0.00736351203350391,0.00767769246487969,0.00787611933414386,0.00793882849425555,0.00818260252956767,0.00853188315387654,0.00851927351456226,0.00838525012745498,0.00856644033580808,0.0081843239129949,0.00793038584166269,0.00723638263327367,0.00661870834866159,0.00565980452617701,0.00479955346202304,0.00368316451036502,0.00265239881274104,0.00110458200338909,-0.000109289255250481,-0.000907774073168589,-0.00160560028131239,-0.00223585290102651,-0.0028318947443307,-0.00284524836767751,-0.00291550233736624,-0.00293323376743924,-0.00317234536995208,-0.00308890225042195,-0.00279021068454851,-0.00287904696823586,-0.00299749829502332,-0.00287752401718298,-0.00309643874519966,-0.00301773615620363,-0.00290072866116001,-0.00259199707093386,-0.00278587418201786,-0.00274673833387952,-0.00288489468532048,-0.00289311511126804,-0.00306722516277988,-0.00257192475240796,-0.00276655791623435,-0.00240575406016435,-0.00246892212925231,-0.00243909128441207,-0.00250709392707835,-0.002225353055797,-0.00215896530266557,-0.00187106692546418,-0.00172448648682144,-0.00168255075343385,-0.00153383521081971,-0.00136294634015455,-0.00136423854685434,-0.00101441681136637,-0.000948648937765559,-0.000854800745712721,-0.000414598612119361,-0.000650745859624664,-0.000636810161522839,-0.000259287825931356,-0.000209427080638682,-0.000340939771450315,-0.000273510153149036,2.75856071464134e-05,-0.000208895112194813,-0.000307130557362568,-8.75443200900167e-05,-0.000185334302104931,-0.000429869750707421,4.23475629157877e-05,6.76209290126431e-05,0.000127132397226925,5.56568829725734e-05,-6.29663670877996e-05,3.9318428844122e-05,-0.000126433590007058,-7.30808307790731e-05,-6.42682245203703e-05,0.00015320567764955,8.67814236063088e-05,-9.46316206607212e-05,-0.000128111068483009,-0.000200268164789583,3.55850398721053e-05,-0.000191976540841241,3.04205194080544e-05,8.71200282066705e-05,0.000219344504683538,-0.00013995986252017,1.49659135768923e-05,8.93371667168939e-05,-0.000245855055141724,-0.000299736730243974,-0.000279273990682171,8.59284029786425e-05,7.63482561360249e-05,8.53244678937507e-06,8.86808109039577e-05,2.4553829982001e-05
0.0063379085417329,0.0061034864633627,0.00590507054623413,0.00619541642832849,0.0061042871985577,0.00631315160797185,0.00649433831532829,0.00640532102033711,0.00642415405878493,0.00647428914973675,0.00645017388817784,0.00642586777129146,0.00672505928174846,0.00690958614377895,0.00703850780354036,0.00707632937328272,0.00731542579127271,0.00726824195966626,0.00766654249977631,0.00758408875657754,0.00781849354996757,0.00809702290080059,0.00806932597220709,0.0084657299650265,0.0086677275554005,0.00891658457388896,0.00892932451416054,0.0089401080837833,0.00873821815970987,0.00894298592028087,0.00876247166216894,0.00843240124951703,0.00789877961984354,0.00729801731428992,0.00618648525684258,0.00539084328827518,0.00433018726464345,0.00325113815045769,0.00250233306061905,0.0014221186349751,0.000759460821338419,0.000359615597294429,-9.68178447119043e-05,-0.000662493246969022,-0.000225273732818981,-0.000398987416388132,-0.000342515518627949,-0.000493441798667731,-0.000461291474819445,-0.000237103011081573,-0.000611006282984891,-0.000450139092915791,-0.000236699980360625,-0.000216044876809293,-0.00082644215339355,-0.00025383876556375,-0.000556535819909687,-0.000208140968461185,-0.000393154922327125,-0.000652597968047653,-0.000393845923728488,-0.0001930682724347,-0.000417813027269309,-0.000416893271147574,-6.78428095636834e-05,-0.000291819510901293,-5.51663911383759e-05,-0.00018058796156863,-0.000366329011486634,-0.000341948642473096,2.16026774571974e-06,-0.000253113051489534,-0.000261787977578281,-0.000130038153443764,5.01062130467661e-06,6.5273173029389e-07,-9.876272784726e-05,-4.6527283150803e-05,-3.64890745714176e-05,1.01703215910405e-05,4.5868876954213e-05,-5.38639890644206e-06,0.000171024829605272,-0.000103288390636474,1.45995984107561e-05,-0.000164469278355629,-1.08045758979218e-05,1.71534228378368e-07,-0.000154682783820972,-9.31959108568857e-05,3.66076386406149e-05,0.000104377259476336,-9.92098324044192e-05,0.000280906538813213,0.000334489111796588,-0.000173868078113179,0.000111587826186677,0.000261348342908464,0.000177981707146107,-3.11204740059922e-06,1.74971703272001e-05,-0.000206450560333765,6.01832478674109e-05,-8.52655807077539e-05,0.000200555731688367,0.000157604251213173,-3.75425601924412e-05,-7.40523097934057e-05,-7.09338483046118e-05,-6.95726436248234e-05,-6.81472986671391e-06,9.0866519166611e-05,-6.4736634287934e-05,-0.000128501460961485,-0.000120039807579164,-0.000137050346938003,-0.000143942515725339,-8.88078643023134e-05,0.00015557671571008,-2.13772220256004e-05,-1.01118725469049e-05
0.00618902627932148,0.00652507337623939,0.00619029151779908,0.00662207971996028,0.00670478822205868,0.00658254099047445,0.00627428067616982,0.00647220335668626,0.00699860564323719,0.00662463910076097,0.00661115227312935,0.00667999909456261,0.00692710423888858,0.00706454661819135,0.00709994394594109,0.00735390615130663,0.0074536009710235,0.0075613918559806,0.00736956709120129,0.00782183938226805,0.00800969460816128,0.00821917303801646,0.00856211012520336,0.00877435314212061,0.00900419310745176,0.00901167587248748,0.00949961193539943,0.00974404337181556,0.00956251865609009,0.0096953759558839,0.00942497035870805,0.00930551506241932,0.00905781468995463,0.0086208673726763,0.00790066226951935,0.0068781224780622,0.00605978936698685,0.00554130092045291,0.00444416382135741,0.00368946099029192,0.00314573239179273,0.00270442589200173,0.00228603923530073,0.00242762491382498,0.0023402448938801,0.00212665406867401,0.00210444662344077,0.00218350599844886,0.00207622461217721,0.0021412435420864,0.00205470657828791,0.00232796090663919,0.00184080052292716,0.00206150719102873,0.0020302053155892,0.00206633212425319,0.00187425259439605,0.00198530097502739,0.00205530719122078,0.00185713186503692,0.00181737507122358,0.00180484162847579,0.00187943843042578,0.00201735393165172,0.0017190491558082,0.00156998885814209,0.00161765154700523,0.00173458272945207,0.00168049041761114,0.00140748617213059,0.00139583097626677,0.0013820843716424,0.00126626491218753,0.00105173377399091,0.00101220358336328,0.00105604428644346,0.000964902223816329,0.000610994002567879,0.000728901659994269,0.000680286825460047,0.000721222342449751,0.000270464877701963,0.000387824237776462,0.000453464652032631,0.000235000073469993,0.000393430959741768,0.000364094182621493,0.000417458182935737,0.000312135616620682,0.000323075798736898,0.000445438267108194,0.000327408567610501,0.000363178522310228,3.91767310234018e-05,0.000304961687325267,0.00020629888076038,0.000184058465282667,0.000183196110501287,0.000328878716341318,-6.76487675684145e-05,-6.2092954059019e-05,0.000203423047441496,-0.000118972030700755,0.000312410565531319,2.41831147428639e-06,0.000154182068634607,-8.89101346086793e-05,0.000179947342412615,-0.000252059485936308,8.14012439506778e-05,6.70569651266558e-05,-7.46842939090848e-05,3.9093545091356e-05,6.50346741995133e-05,-0.000161839125809652,6.62943761599919e-06,0.000152726414391835,4.34813573757195e-05,0.00017150128621928,8.23468805881339e-05,-0.000119752308890236
0.00643056709798012,0.00638761339607623,0.00677820999803701,0.00679131142767647,0.00658369513346,0.00669474711888263,0.0068603176559397,0.0066090672043849,0.00661891143754657,0.00690081488538591,0.0070099815445437,0.00738272339872009,0.00706117263074734,0.00728218847106567,0.00747579354114762,0.00746207550697344,0.0076341625429269,0.00792806217516314,0.00808412936639139,0.00816645864263639,0.00851116117115321,0.00877600097547525,0.00883552310695999,0.00880300884391208,0.00955032712081236,0.0097390160721101,0.00980414550407441,0.0103623415850668,0.0102898540186038,0.0104556344268849,0.0105210793830928,0.0104730917506707,0.010152210736495,0.00966962554317421,0.00939087976062628,0.00869062975316215,0.00789322153243023,0.00718078033196916,0.00624783379430398,0.00601572840940026,0.00522597749625941,0.00488801365477881,0.00483459693539087,0.00468072009725607,0.00461170974740202,0.00466639432772317,0.00441405930350215,0.00464122110096137,0.00479679128748735,0.00443117146329335,0.00465661162234963,0.00427947192910716,0.00451269062344197,0.00421801750143367,0.00441187610212157,0.00430996581100306,0.00444225143917379,0.00455233205283956,0.00435384236114436,0.00417418879191864,0.00422187182377052,0.00414914722599867,0.00391142303000051,0.00406899992968876,0.00400918435293853,0.0036640041401765,0.00339457761576234,0.00350972688146454,0.00336172189043422,0.00294364342655254,0.00286278408368314,0.00285167070800424,0.00243072232546834,0.00229921919277213,0.00218022383164544,0.00182434633941268,0.00137688381016344,0.00133007740606452,0.00136271634980449,0.000958320948778448,0.000742706317318308,0.000792122076538683,0.000802810755468894,0.000717876414979898,0.000618068130229645,0.000655111941953469,0.000541953213264,0.000702418652477897,0.00058825374347737,0.000485252727721126,0.00050858575861128,0.00049310080232791,0.000226560131212694,0.000336089089172234,0.000305618074758551,8.33217366385976e-05,0.000262351724910558,0.000215841949213792,0.000261114999438481,0.000247665139937553,-1.96372401358313e-05,-0.000153282113404073,0.000184219617877924,7.83780337661969e-05,-0.000153061970060414,-0.00012118321739537,0.000152440629695697,0.000167792295192897,-6.39290221559586e-05,-7.61498915247709e-05,0.000133690662241481,9.74364000546424e-05,0.000123430550471818,4.05839786476535e-05,0.000103219241540589,-0.000118306331779218,-0.000204997166621582,-0.000162755498549073,0.00034944110813992,-7.19315605304109e-05,4.68896597329393e-05
0.00653949361361061,0.00685013921160572,0.00676667687908787,0.00705482374685427,0.00671630774955715,0.00700713632640777,0.00699041410283911,0.00719727500068235,0.00712671130944574,0.00703917103317718,0.0069932090063451,0.00706813772088851,0.00758031600834115,0.00754813610088009,0.00766579212995124,0.00777036511998241,0.00786221390830862,0.00801259533516333,0.00833455108373218,0.00851663302294192,0.00858538627307518,0.0088219385250231,0.00918379226828315,0.00918852794781962,0.00969394950116532,0.0102350174937096,0.0102994107787093,0.0107926103112277,0.0109945068889511,0.011430003737781,0.0113328105582656,0.0112089411232131,0.011492541954521,0.011057556380624,0.0108427826672826,0.0102184003203767,0.00933523141700982,0.00915457525073077,0.00851484250755775,0.00819978841402335,0.00779659567726847,0.00752712649767823,0.00723871481875624,0.00699100450413086,0.00702042227427774,0.00694329727760669,0.00710476857698237,0.00675504348964838,0.00711683023796565,0.00694841080077744,0.0065157996194379,0.00671244489784165,0.00671133490565755,0.00697073236283879,0.00696963816099204,0.00686089675188375,0.00620364689935767,0.00663306599403771,0.00637598271751783,0.00632652051307023,0.00611872760359025,0.00615844306595724,0.00597076618721466,0.00599461207637439,0.00578985567756141,0.00527750086353692,0.00555893283091512,0.0051584140281867,0.00482800683350511,0.00450248500493669,0.00425964298998258,0.00400096235339485,0.00376019584808284,0.00343670728462823,0.00317920178708984,0.00267125005108352,0.00239394122850123,0.00212726720608338,0.0019380669272089,0.00144925522124291,0.00108386607442264,0.00127739817026303,0.00108113455044228,0.000976296877599113,0.000765383838716721,0.000727052324454278,0.000928672290317722,0.000489152684383325,0.000667337643611871,0.000565036964268622,0.00068916231225685,0.000745635777534108,0.000191870700897694,0.000373355159245927,0.000205838839510538,0.000284095335971306,0.000214906152079205,0.000300113482366492,0.000219131064762766,0.000302637109696152,0.000298988470723621,0.000128833025717456,-1.91252251410939e-05,0.000191071605495445,-0.000368836338725866,5.33487112305106e-05,-0.000215883227121789,-0.000116870270128151,-1.8094656699807e-05,-8.14751287614068e-05,-0.00021208145866577,-0.000111755410683506,-3.48997878183388e-05,-3.0530081860254e-06,-0.000108436970660389,-6.4420282103076e-05,-0.000201575818760965,-9.63639383878357e-06,-0.000252340471861841,-6.12250306537107e-05,0.000210684898997237
0.00672081026536287,0.00726672756323836,0.00678989784656431,0.00712406401270514,0.00686981178875808,0.00690772545660198,0.00689609956303048,0.00736171854912807,0.00740408283180805,0.00729726674016202,0.00721714621726067,0.00733485202756936,0.00744421582971684,0.00746782164727447,0.00775313120215859,0.00799047308764144,0.00819975614173918,0.00814043610831125,0.00843715140089872,0.0085653871648375,0.00896916238169024,0.00918196918787501,0.00948748528965638,0.00990940171195706,0.0104124633349686,0.0106082426241714,0.0108370272855356,0.0114850279523297,0.011589483521587,0.0121007616145574,0.0122263781666344,0.0121677278540881,0.0121027486925419,0.0123338533194114,0.0120393905988107,0.0116043816392513,0.0112486929784178,0.0110734844584172,0.0105797897801398,0.0100283080533516,0.00984233876843565,0.00959581777013344,0.0095230626361622,0.00911381855071873,0.00909772462306905,0.00915048498332796,0.00882237074106096,0.00906670993312654,0.00897717670412498,0.00898963905479072,0.00882769167342857,0.00908978892348436,0.00911837052333598,0.00870427681298687,0.00902307189543367,0.00862294350163721,0.00869257705392195,0.008620476782547,0.00849438921558315,0.0087271638559064,0.00823497967976409,0.00813263761896441,0.00817238870206087,0.00796487764227726,0.00757470432162651,0.00734193522082605,0.00725572589779354,0.00677396704880847,0.00656005757159589,0.00630010828311513,0.00574478349317171,0.00535295574034532,0.00482867133292286,0.00440349872394214,0.00398888498674243,0.00349558833422676,0.00303575590802673,0.00268031150863848,0.00232238132727689,0.00206378193358325,0.00171887456625767,0.00132985603086357,0.00142930404219574,0.00120373074984928,0.00112368148171857,0.00105469708025892,0.000717893369452183,0.00065337894350126,0.00064130526691588,0.000929497459553252,0.000679805025254981,0.000651594061108555,0.000534256730097106,0.000518675020259297,0.000531001530458231,0.000406482160924877,0.000467857623183641,0.000232808505262739,0.000169322529473586,0.000110918224131307,0.000234086041038005,6.49755956987513e-05,3.16581088747723e-05,-2.66469651561152e-05,-0.000169938576462286,-0.000186350867590395,0.000185466954172938,0.000133121779968856,0.000196766709013672,2.3161419216157e-06,-1.83379482120906e-05,0.000171211030436457,-6.71935315754742e-05,-0.000181560074822892,-3.9338436861258e-05,9.70627362971852e-06,-6.58699952975663e-06,-4.51330625497839e-05,0.000139265875626066,1.70538286519394e-05,-4.72620054160737e-05
0.00682795783978078,0.00709071595827522,0.0070959665875956,0.00712563729891115,0.00725920945891481,0.00728364235951501,0.00699749620942465,0.00741470768784703,0.0072639683827929,0.0072860314417616,0.00731769038213807,0.00748986099959329,0.00788981405407356,0.00773625273957033,0.00757902626103538,0.0080387209078479,0.00804747802782896,0.00840498074638188,0.00867611215905009,0.00898810553800263,0.0091440427543512,0.00948395566692485,0.00981521871826412,0.0101703834490787,0.0108143143873878,0.0110540937280051,0.0114868645818491,0.0119260940897146,0.0122599898620211,0.0127523026219588,0.0129988674824736,0.0131740018805903,0.0133490841996228,0.0131885685797786,0.0135433971210786,0.0133970124002291,0.0129146331061408,0.0127681446899444,0.0124749930386183,0.0122357486956919,0.0119374322264173,0.0114883344864356,0.0116790099140601,0.0112900777347785,0.0112427223990412,0.0109270542457571,0.0112201699673555,0.0114005771919815,0.0111183958546558,0.0113472724273697,0.011172455432732,0.0111582763704155,0.0112933708406367,0.0109851419851339,0.0105331185509352,0.0107098088762069,0.010819542983763,0.0106486159726836,0.0104534591129207,0.0104585573046289,0.0098829201413402,0.00990674835301315,0.00982048273582489,0.00953006528241271,0.00943299864812234,0.00904397806139723,0.00856267729040755,0.00835402162560447,0.0079325664956788,0.0076269701674617,0.00732828657710502,0.00670696416939257,0.00581072131839336,0.00546817006088768,0.00493787044220302,0.00433856117483206,0.00380134070480131,0.00323985110143408,0.00270771253991816,0.00241104722710041,0.00191728639681796,0.00162190153182479,0.00167189091340439,0.0012150581319482,0.00115493455708506,0.00138884537221331,0.00109345555545252,0.00108115550110371,0.000966310906478992,0.00113363350475721,0.000956220110987111,0.000760643188093702,0.000597943164264548,0.000604717546110061,0.000422759853189662,0.000564045380602915,0.000212105863481436,0.000344573510607814,0.000362425512637896,0.000123371719234553,0.000129319276113636,-3.4530894506767e-05,-8.60215165096662e-05,7.84115723440339e-05,3.26048240284457e-05,-8.48079951798452e-05,7.80660849539046e-05,-0.000189851486763649,-5.26268070573634e-05,-0.000114513857042869,-4.53488740718348e-05,4.74604914176166e-05,-0.000278773089815006,-7.34113503003229e-05,0.000268922759553396,0.000184721532702544,5.24264351341113e-05,-0.00013374990480296,1.83716944928061e-05,-0.000111933263794719,-2.81794876790426e-05
0.00706185936600752,0.00708085264006466,0.00706131554556763,0.0071176182860499,0.00715238971689985,0.00719401774935048,0.00722488906730008,0.00716941206989987,0.0074705391277945,0.0074476807634883,0.00755773988523925,0.0075619353927211,0.00774453366851947,0.00774134643707547,0.00805105836132036,0.00841712224059926,0.00833516643499073,0.00843673502495415,0.00872797820325832,0.00905686377060472,0.00937718115126789,0.00991123235857677,0.0101894082916595,0.0106186342411857,0.0109820389041771,0.0114282905166481,0.0120717995055654,0.0123332309730298,0.0129642959025372,0.0134793248710904,0.0137574004962511,0.0141852648990939,0.0145644197106478,0.0142844248691488,0.0146615866166454,0.0145365770144119,0.0145236248469556,0.0144503696435777,0.0141857216064294,0.0139287486793513,0.0135702158399545,0.0135432461826162,0.0134273172955681,0.0134200383439451,0.013301049011961,0.0129514330007795,0.0132516104514296,0.0131859704222782,0.0130984643324676,0.0130473371233048,0.0131324065385042,0.0128479529916849,0.0129610033499326,0.0126994406312015,0.0128008083010018,0.0127169660255256,0.0124245491219293,0.0124031624263709,0.0124095996557364,0.0120033630421095,0.0119614750864482,0.0118614082136344,0.0113561877550109,0.0114650646681053,0.0109380780889615,0.0106723403327473,0.0101606842383549,0.00969480301443893,0.00935422370621886,0.00868091228502407,0.00846632247266528,0.00756419549132372,0.00706850969545315,0.00626530173317246,0.00579934965220574,0.00517709882540793,0.00434336489802658,0.00388259643066632,0.00319933658101408,0.00277090301647399,0.00233632320337081,0.0019884794832239,0.00203798021478273,0.00133377500627406,0.00150436919774197,0.00140301375947593,0.00135528746121145,0.00114638556884356,0.00112569824661996,0.00122195626487252,0.000797355302242549,0.000724807884712032,0.000746865890160109,0.000838201546351812,0.00065055533212664,0.000675465118933802,0.000293178613194215,0.000366028524486884,0.000227904706532637,0.000215335216819156,7.59737550590416e-05,5.42299529793023e-05,0.000145523327863842,0.000193340678010258,-7.60672030957957e-05,-9.35314035220692e-05,-0.000233314850986487,-0.000109237171524252,-0.000202435973298744,1.97463574221884e-05,-3.43963102926183e-05,-3.12315072621329e-05,-0.000273997697134194,2.82150194098778e-05,0.000152176366429732,-0.000141201997460766,4.94586147198156e-05,-3.78000242828024e-05,-6.83676062653646e-05,0.000118651787191993,2.94410648170846e-05
0.00716247369550584,0.006998545802138,0.00690935862525595,0.00699771264292759,0.00719673803826899,0.00721140250714411,0.0070741204328791,0.0073382898724045,0.00738991258572674,0.00773192690381347,0.00791778696639591,0.00773635199167656,0.0079495368181649,0.00786354445840215,0.00806569721816082,0.0084074564050301,0.00875813519058102,0.0086445162521861,0.00907429377347089,0.00914257065634434,0.00972867890197173,0.0100281036045861,0.0103056262268925,0.0110082693474881,0.0114910088102828,0.0119069700018558,0.0121539644070893,0.0128738497856161,0.0134763668892635,0.0141090980231919,0.0144535760632643,0.0147569853950349,0.0153402417260429,0.0157112896986658,0.0159859132739886,0.0159529952726384,0.0161291867111502,0.0160206258549612,0.0156347655215907,0.0153820939409297,0.015482425868852,0.0152923588368281,0.0148520872767687,0.0150366612409167,0.0151240984273332,0.0150469256600189,0.0148822221518155,0.0150069505571203,0.0150785423926983,0.0148859252470229,0.0148660332035905,0.0147901611539025,0.0149916636650233,0.0147846837425984,0.0145263465711969,0.0142264473228713,0.0144443912508083,0.0141015458769289,0.0140105615547431,0.0139437715474578,0.0138210296288417,0.0135529160246131,0.0130225215585898,0.0128224566445229,0.0123983615794736,0.0120139806497434,0.0118111545003937,0.0113382348676948,0.0105861572101663,0.00982348229752716,0.00933684279498288,0.00863100176986928,0.00810767578009211,0.00714165490689501,0.00650935244711298,0.00596338075223273,0.00515974916106139,0.00449738505529068,0.00392584331452788,0.00307648088031305,0.00255655744900148,0.00210001241981885,0.00198175171353937,0.00189887775713292,0.00161487832116554,0.00146416090754107,0.00155410538055593,0.00165638455341986,0.00133043964412002,0.00114834945469835,0.00107348300917163,0.000914205631349435,0.00112288957152024,0.000851142420328343,0.000973638508309849,0.000741644949058422,0.000513595713275422,0.000536161884320393,0.000370960196872066,0.000307235027567947,0.000202170767104006,0.000204173199916792,7.51796228699021e-05,7.23973952727788e-05,6.25883503376003e-05,-0.000113667643330316,9.7861199922319e-05,-0.000153651278000253,-0.000128173697078976,-6.28889288152982e-05,0.000153103291968658,4.96903075658746e-05,0.000116276205696545,-1.08953404499311e-05,0.000138061176094204,8.26236831179885e-06,4.51395158528083e-05,0.000404104439103366,-0.000113289976803574,0.000109775768073273,3.28544268999518e-05
0.00756048220063315,0.00721299764391612,0.00714910659215037,0.0070068462570819,0.00751122567154356,0.00733817021761791,0.00727076235968823,0.00763793345723412,0.00759240230256014,0.00758829723940177,0.00773686082932925,0.00818218119600891,0.00817680363284034,0.0081369347344435,0.0080847402916657,0.00856110314560313,0.00871725106462487,0.0089705243315272,0.0093710096470367,0.00955761697648432,0.00996974546796326,0.0102752662215313,0.010641088657404,0.0111504725337277,0.0117585168897661,0.0122259379956332,0.0127019751801208,0.0133340078587963,0.0140942819128724,0.0146222384142371,0.0153371191326353,0.0161165142009806,0.0163384057937051,0.016673133647339,0.0172482438188318,0.0171666177241713,0.0173578200802245,0.0174437311921159,0.0176790269480708,0.0172357446075737,0.0171450795982147,0.016818523483055,0.016865671907904,0.0165138133606468,0.016674578918674,0.0166623948105046,0.0166746419361409,0.0168896931258097,0.0166953657953197,0.0165671781268298,0.0162720504576112,0.0164544050659869,0.0162814414337056,0.0161765692562692,0.0162117901689331,0.0160099352485333,0.0158265904084848,0.0158134998453808,0.0158423296481989,0.0154140929609241,0.0151223030146852,0.0148588856744802,0.0145381723930225,0.0141917319343428,0.0139349002000397,0.0133566895726743,0.0129720979513341,0.0124355617048084,0.0118963464534314,0.0110915043538534,0.0103881927865686,0.00946101432970349,0.00892295635757343,0.008140603180975,0.0075766512123502,0.00639605352815087,0.0055332207623565,0.00489738902034035,0.00431940361730249,0.00368996745992331,0.00299821269578725,0.00259500992128881,0.00247941669205796,0.00194398959610336,0.0015231635195519,0.00160154197464152,0.00158382543294962,0.00148054805233609,0.00143778880030454,0.0013425888207089,0.0010664132830126,0.00109769166220305,0.000882383164426092,0.00094747604039367,0.000933994368486977,0.000700125674561507,0.000437854594193318,0.000317374470142417,0.000355696072202161,0.000262623342633106,0.000378786166893131,0.000265358836250971,-3.56424246489206e-05,-0.000107652683301085,8.65247063366255e-05,-2.06508946284126e-05,0.000154044264601141,-3.31760917563124e-05,-1.94760712660607e-06,-7.97313509926958e-05,0.000167692383945903,-5.93344258306987e-05,6.2054465315204e-05,4.02612519130887e-05,1.13672820039852e-05,6.68681168549363e-05,0.00014855235551504,1.07258190984578e-05,-7.47476488830726e-05,-0.000128017654065694,-7.98491388661627e-05
0.0073173682533074,0.00723730129659191,0.00724207967920183,0.00733788571841149,0.00733791197589058,0.00741940460581379,0.00753090631162014,0.0074901435765842,0.00735648149344865,0.00760166590311049,0.00765612348645331,0.00781733178198014,0.00810087606798018,0.00791483245524948,0.00815143647601732,0.00854876232824004,0.00861372051911554,0.00909391056822573,0.00930580369673984,0.00935944192081059,0.0100350600981197,0.0106640526349518,0.0110357135544934,0.011465610768242,0.0118928564478678,0.0126534023747212,0.0135495376351306,0.0137336733473608,0.0146655678097693,0.0151489285224148,0.0160484279744828,0.0166401977810417,0.0171516332511573,0.0179476601594185,0.0179735432300107,0.018457422728457,0.0183954507477275,0.0183952627114937,0.0186281611338075,0.0185921776334781,0.0186233737781061,0.0185016562166352,0.0186353049125976,0.018346691288571,0.0182660051887129,0.0181190160131268,0.0183106043751779,0.0183871562695371,0.0181494853659242,0.0182553501947268,0.0179932866924278,0.0178359360903057,0.0176971648093822,0.0177270950711188,0.0178929528423477,0.0175944860208127,0.0174805686737598,0.0171624033771391,0.0171575724739347,0.0170857250688341,0.0168188189135578,0.0164882908334132,0.015993992977335,0.0157220416923294,0.0150137772533044,0.014717816265664,0.0142693159681261,0.0136477154577294,0.0129962976979499,0.0122134595532934,0.011334303815435,0.0105813858902472,0.00997905048566833,0.00895531357635818,0.00831739270337093,0.00730610424533976,0.00596090295313613,0.0052928238368241,0.00425226592089795,0.00376634177231776,0.00313203108947553,0.00266213180529875,0.00233787392935807,0.00223490047432671,0.00195822490892016,0.00183686318058372,0.00194355459100902,0.00150328190840631,0.00160392442327885,0.00132983574142431,0.00126703144722434,0.00124925536281695,0.00134792502678995,0.000826171813992612,0.000752836845897204,0.000624438571179289,0.000545804811496612,0.000584475505080719,0.000462960668335133,0.000335642936492714,0.000144330415802547,0.0001791563109402,2.99494509295545e-05,0.000316111635650692,1.64921071063112e-05,0.000248634526771768,6.55933457192052e-06,-6.03251702016689e-05,0.000218705031748537,0.000179276237089012,-1.92063172722499e-05,4.32195533100883e-05,-9.44021757618739e-05,-0.000250185765307167,-6.50789912743037e-06,0.000271789969357529,0.000225760391194975,0.00015550305868798,-0.000136200209114947,0.000185709497016165,-6.04884578706752e-05
0.00722801740556057,0.00702411450294741,0.00755810881141317,0.00733723999230442,0.00731472610619244,0.00710375870603405,0.0076057198245034,0.00756083399624471,0.00803023474411133,0.00781121821254082,0.00798905676420264,0.00765240102574268,0.00803573293904574,0.00832759916404052,0.00830219948316564,0.00887461288136493,0.00883189831029757,0.00924598381813157,0.00967225431163831,0.0101219402197326,0.0101140366591556,0.0108236028990037,0.0111440446912849,0.0118031164621553,0.0124221599623978,0.0131104373062804,0.0137425046640576,0.014280055375359,0.0153461275714427,0.0160047982428888,0.0167242201001356,0.0174294423432588,0.0180374031905214,0.0187802826627169,0.0190073659848131,0.0196341776494058,0.0197726543052008,0.0198620253596373,0.0200392791889017,0.0201835557294723,0.0200580278714,0.0199169118766116,0.0198470941207836,0.0196358811576052,0.0202436600225566,0.0195679651373028,0.0196874679273392,0.0197490555826475,0.0198021157665716,0.0192763566331853,0.0195044513474408,0.0194951539326295,0.0195424893320783,0.0192463251316449,0.0188829945962371,0.0188597167356265,0.0188042099493264,0.0188650439714137,0.0182226419513331,0.0181876617392384,0.0181378407187304,0.0174032297027736,0.0173543312220731,0.017021216197957,0.0163263055578506,0.0158226776153281,0.0153857862988196,0.0147027756555745,0.0139386062289584,0.0132105021534782,0.0122596909861097,0.0116922876397904,0.0105077819023801,0.00967748134046387,0.0084329501887043,0.00745726448036137,0.00673298247409627,0.0056641541247269,0.00506037552873193,0.00417830554513787,0.00361361034761175,0.0028505378368407,0.00257928092544876,0.0021650749143032,0.0021048122884961,0.00198833143552546,0.00189199573490346,0.00159039036219319,0.00152004504593473,0.00173574248622226,0.00125575278945866,0.00123760094542723,0.00118761202004755,0.000958355258351728,0.00106037818890048,0.000616942210217076,0.000452121842580133,0.000269416975228052,0.00033800423517364,0.000318748277421138,0.000242460337499967,-1.85021940536943e-06,0.000289534990721337,-5.12533799722018e-05,0.000197968983006079,-0.000168098247750529,-0.000138678244406839,3.60533764962849e-08,5.69529022021452e-05,3.02911876270619e-05,-0.000111172942798659,2.33485643899584e-05,-2.56264861325213e-05,-0.000166860049208882,2.06639508788894e-05,-2.23867174404061e-05,-0.000171232963529612,1.5154279894504e-05,0.000126050801794456,1.65095055164523e-05,-6.87213044092682e-05
0.0071908041792259,0.00719019490590649,0.00726475272311227,0.00752603894127943,0.00747924968514845,0.00725629789097148,0.00755743684770628,0.00761801993250165,0.00760282228632975,0.00793590959138013,0.00771380292173261,0.00828189331599416,0.00838702356513191,0.00840954572743673,0.00869203563050304,0.00886027635625886,0.00913729891470231,0.00921806719695812,0.00949185885685934,0.00986752490692588,0.0102536742337111,0.0107177245990685,0.0113941094416043,0.0119791964784585,0.0126132424714673,0.013557204708065,0.0141303841843116,0.0147427934645758,0.0156579693881932,0.0167570234260948,0.0173527813702384,0.0182095355025923,0.0189306477305156,0.0195112360155028,0.0201033484110406,0.0205328775899753,0.0210864255918736,0.0211865485856032,0.021202814628194,0.0211282561232438,0.0213243650884692,0.0211861610774712,0.0212855400189845,0.0212461559582983,0.0210529311406551,0.0209491503230091,0.020885446436996,0.0210045986026615,0.0206673777864592,0.0208010592124965,0.0207120287248169,0.0209265259931122,0.0205631880469419,0.0206656928134378,0.0201645830307924,0.0204531846975295,0.0199550914750607,0.0199363351258849,0.0197310083952445,0.0195349442087867,0.0193071795879081,0.018754051260121,0.0184693852622249,0.0179555723853307,0.0176109302746095,0.0169363406214347,0.0163237167225913,0.0156576527440038,0.0150927346822194,0.0139442058356936,0.0131835236544214,0.012418349523173,0.0109861253663331,0.0101317831351764,0.00902804170110491,0.0080997071321176,0.00695676298930775,0.00623464251551053,0.005153400074619,0.00431197132570567,0.00383905338093043,0.00320335194409186,0.00251226176249797,0.00237882642019744,0.00238196381486204,0.00207157988847642,0.00210282146147193,0.00196287296155922,0.00166592296098588,0.00187824101004687,0.00179648019878529,0.00136350249838468,0.00120121446231561,0.00111678879792347,0.00082030095171693,0.000959343589218563,0.000761916682207435,0.000704943669117567,0.000496111965690807,0.000534219889217832,4.53432268155075e-05,-0.000106021677280949,0.000119705237396409,0.0001371636519452,-0.000243907339702089,6.41730646157015e-05,-2.87471156787474e-05,6.52049867928888e-05,5.89461748163906e-05,-0.000111683998838301,9.01506706763102e-05,-5.41758510439083e-05,-4.94224500870507e-05,-7.34752701715744e-05,4.62410044349468e-05,-0.000284357485635405,-9.64612852700733e-05,0.000202002668560638,5.45508972132214e-05,3.87733057654106e-05,-0.000154190032890959
0.00734991615155394,0.00744543030374248,0.00732106474728847,0.00730902306325976,0.00742249624941082,0.00742458390974122,0.00725351786334867,0.00747915605672623,0.00736038040714237,0.00784068411510366,0.00794578962651048,0.00814410638867853,0.00798159311346161,0.00827946681256289,0.00885078028324392,0.00882616501474016,0.0091077165654828,0.00930673324964607,0.00953713679623262,0.010194715786093,0.010540176566432,0.0109679801896398,0.0114155641200347,0.0123699665897423,0.0130763508830284,0.0137303698178852,0.0145133934373469,0.0156061358413327,0.0162035914021734,0.0172512911682632,0.0182414460143456,0.0188922398816652,0.0198657630606159,0.0203029290858574,0.0210569818291133,0.0215768615054277,0.0219924403833267,0.022335127082602,0.022153773055845,0.0223203021822078,0.0224536192143174,0.0223511190294118,0.0223570799529177,0.0223032119811872,0.0223627053071734,0.0225724447788913,0.0222141051131842,0.022275689460776,0.0223096701611596,0.0221347451119457,0.0220463369898626,0.0219276710672286,0.0217582543959324,0.0216331224429234,0.0216113377846883,0.0214956855544135,0.0214779411635521,0.0210997879418107,0.020940875792283,0.0203960110489289,0.0200308809689749,0.0199430900850436,0.0193280667802197,0.0189737177734826,0.0182197718863551,0.0177743191178754,0.0174656161457095,0.0165507959466251,0.0159483626574101,0.0149967336568404,0.0140501621970243,0.0128404556236162,0.0117847601162192,0.0107708337182665,0.00973432467741331,0.0085270385979223,0.00738523978831736,0.00636226944802906,0.00551373540350041,0.00457289949455601,0.00397897028170027,0.00346788254186203,0.00271871503606359,0.00237104397960288,0.00239597399098429,0.00234437921631903,0.00205958668254073,0.00199610305293411,0.00179580911308881,0.00155705717267417,0.0013772034638408,0.00136063943882996,0.00126924011481085,0.00110922064993405,0.000873767153079432,0.00085195882491083,0.00093211685855899,0.000780129680909704,0.000277570333403108,0.000402446458112149,0.000159218716917897,-1.78207305031196e-05,-1.02270318261426e-06,0.000223707458471642,0.000135668119551933,0.000161329761370646,-0.000106799709374726,-0.000117130513287311,-0.000135745563155376,-0.00011571338466045,-0.000298551766203854,-3.893930843161e-06,-3.59987360428359e-06,0.000146985607342312,3.54342195618591e-05,0.00015008307890851,-0.000222056369369997,-4.80483874715866e-06,6.29948797226652e-05,0.000101521516209866,7.5737566027666e-05
0.00706033798718166,0.00711057279791429,0.00720089242749074,0.00731882328128937,0.0072189498335728,0.0072544805141385,0.00766637398600122,0.00747906673285824,0.00758716266648429,0.0078683245231636,0.00788200393925242,0.00788027191904827,0.00837884995111141,0.00834512837858816,0.00871292895445652,0.00857752757972645,0.00905404165371279,0.00947751482407816,0.00977291468221569,0.0103625122256184,0.0105207231420231,0.0111618014766405,0.0119871972010742,0.0124140761395671,0.013113813424523,0.0138160385471725,0.014865876844219,0.0157785073804533,0.0165444270339358,0.0174922095835538,0.0185803898874711,0.0195124607696836,0.0204130290809528,0.0213170793090511,0.0221725307545579,0.0224424170603001,0.0228370231257096,0.0233193030011711,0.0234789073816869,0.0238593188121728,0.0237915350388888,0.023658034828314,0.0235165901043844,0.0233375005474773,0.0235723120266636,0.0232813927763623,0.0232247783949077,0.0231230645578932,0.0231343658237669,0.0232169459498429,0.023030771976583,0.0230713315731819,0.0228836187239263,0.0228182713430599,0.0227122919663745,0.0224919554680786,0.0222091278189939,0.0220760149559484,0.0220063649222865,0.0215233741873343,0.0210690224768821,0.0206602541826635,0.0205522427344304,0.0198351041084832,0.0191742732098315,0.0187737515037091,0.0183314078262576,0.0174118319100915,0.0165202758557056,0.0156751459091154,0.014714108193664,0.0135879358220772,0.0125993889195862,0.0113061014261033,0.0100595620159005,0.00897334162759024,0.00758132593025719,0.00680711334184376,0.00560940555537369,0.00506227127859928,0.00384781750157864,0.00339782575394399,0.00296046160426503,0.00249671589917851,0.00265936320223036,0.00194313587730932,0.00210026022533823,0.00217418326617891,0.00178648130976371,0.00175623821735123,0.00178071420668358,0.00147904749761668,0.00124689307736013,0.00111613038850914,0.000958240997644375,0.00121027893700196,0.000845131878537799,0.000704104251736582,0.000487846097928821,0.000449711660923425,0.000223803810062981,0.000381668207012381,0.000366634593394769,-8.99698678654214e-05,0.000124515381570777,0.000152500714358109,-8.08007826869767e-05,-0.000428362755149812,-5.90436722176703e-05,4.98330914493039e-05,-0.000182419433164611,0.000120729553794578,6.90943236924758e-05,4.06328212408644e-05,-0.000146494674468043,2.17891028307766e-05,8.80320647869312e-05,-1.29411199947796e-05,-3.15975050592694e-05,-9.3385227503171e-05,-0.000222659550092065
0.00730318260703165,0.00692473534748472,0.00704362856282032,0.00722720428075158,0.00724466794743524,0.00728403315025252,0.00737378997342312,0.00745460195639854,0.00761360557540628,0.00779081100099555,0.00792819477892522,0.00785431503686752,0.00826700958303482,0.00836016561311848,0.00853393152554943,0.00852915832241252,0.00926114576906965,0.00943268648182021,0.00986327872420423,0.0106181975959763,0.0105409941049612,0.0114268213377527,0.0120779021336716,0.0127605826810593,0.0136089495227892,0.0144310597964401,0.0150064250304801,0.0161572750517518,0.0171276458670296,0.0182293854100599,0.0190455263448238,0.0202363540083368,0.0212676653393908,0.0219386346028546,0.0223693651277574,0.0234286453380662,0.0237503364858529,0.0240456170675686,0.0246342921567539,0.0243861659401973,0.0244625461415048,0.0243768713984563,0.0244622591432806,0.0246562823091521,0.0242423497554686,0.024091328370689,0.0243334885079105,0.0243181774476733,0.0241417247375826,0.0240994068917401,0.0240315634769888,0.024121997300906,0.024038429326538,0.0239338110955157,0.0234692006725667,0.0232300754788974,0.0231215385656655,0.0229570800184359,0.0230268045539204,0.0224654494338614,0.0220101884450171,0.0219867211360273,0.021484331262918,0.0208261631975557,0.020428227941752,0.0196777784790486,0.0187219034670476,0.0181182982511872,0.0170089496751518,0.016185955826587,0.0151551203047169,0.0142510153463469,0.0127625221471419,0.0117419503535061,0.0108393086640276,0.00921312081711377,0.00786074062717729,0.00693049454511162,0.00620244678531476,0.00512526905969236,0.00423031829732966,0.00364337111165871,0.00309525522936802,0.00270322571154678,0.00271144780692629,0.00223342003135286,0.00224379974006172,0.00213208745759352,0.00191613531361882,0.00184752201704458,0.00166019439188648,0.00163022563334384,0.00149408146561614,0.00151352778213554,0.00124184299130054,0.00127163208390404,0.00057254100407798,0.000586668646654082,0.000671095858985161,0.00030724112295513,0.00031147128578056,0.000169899000253039,5.34848848278173e-05,0.000249666183932189,-0.000179838479153873,-2.61790288840316e-05,0.000149039602370925,9.48625917086836e-05,-1.7317902080328e-05,0.000133251001621194,0.000209744607836624,0.000184861949045814,0.000159645231824116,-0.000175812290147644,8.27878795575208e-05,0.000115970136202196,0.000128782367662295,0.000105881678216824,0.000135983251929741,8.26780111288181e-05,0.000269266296887432
0.00679878268827381,0.0070740025300235,0.00709558377274158,0.00738154074689506,0.00735427379786008,0.00740649469146393,0.007272162453299,0.0075588326048874,0.00755085766705008,0.00763161500771905,0.00771475683952778,0.00785156609893037,0.00781385543832461,0.00827917770970734,0.00851429885650353,0.0087832606234342,0.00918238657431431,0.00974925491923106,0.00999250179735416,0.0106331384214736,0.0108603978587586,0.011456131862633,0.0122077439816715,0.012827073412649,0.0138452163479306,0.014625157114616,0.0154982858897864,0.0162548356749214,0.0174914768024113,0.0185842582831961,0.0197290293115035,0.0211265501653205,0.0214616413247719,0.0225096156794476,0.0234024702969884,0.0240461182331232,0.0245041394919518,0.0249831774202341,0.0253115962570719,0.0251603192362223,0.0253326884253914,0.0252694623570056,0.0251963822343015,0.0255147286203457,0.0252883283146333,0.0253384804560426,0.0251435115633071,0.0249893199684997,0.0250203139539659,0.0250987011882531,0.0247950291331816,0.0250367973784734,0.0250174468968822,0.0244171079179374,0.0242558092639663,0.0242579457453222,0.0242158491987653,0.0238712623190849,0.0237084769487809,0.0234869470827171,0.0230962730281502,0.0224757789026902,0.0221207549388855,0.0213843293880977,0.0208016680556114,0.0202959769717431,0.0195850107504974,0.0187102448465767,0.0178976944683649,0.0169161801734794,0.015796610984758,0.0144496379727547,0.013445527434707,0.0122564250659347,0.0109815666446735,0.0096330559741288,0.00818515989623217,0.00743307644727184,0.00606591297044688,0.0053271914174437,0.00415274639522125,0.00362298708341078,0.00315279748675475,0.00289997534238599,0.00262960809075596,0.00246140872775331,0.00200238814730221,0.00228247690966027,0.00205896545978427,0.0017859119214146,0.00164715535785877,0.00175628711745386,0.00125137218463832,0.0014729419787175,0.00127736114062466,0.000817560247591361,0.000876320298944508,0.000715589952778057,0.000541519904852578,0.000427177686489906,0.00023540208339983,0.000185336824202258,6.29536088388036e-05,0.000115090380157556,0.000265079542250146,-8.6323471264016e-06,0.000184765401231452,-2.84492656051472e-05,-0.000180517895857763,6.39670571421208e-05,0.000162282951019933,1.44439013642145e-05,7.73170944617851e-05,-0.000101379519731246,-9.70106801526865e-05,0.000108083490341297,0.000222963251574344,-3.75023880525673e-05,-0.000144820764420466,-9.7653722324304e-05,-7.70878689426473e-05
0.00711409112520531,0.00705338675280773,0.00695184174256426,0.00719225747375471,0.0071765976915072,0.00724627518832304,0.00732270595124532,0.00738272489248386,0.00741090361303648,0.00760166328564266,0.00794838651700001,0.00796542330051775,0.00815058438594457,0.0084839333310455,0.00867445785198975,0.0089113113284505,0.00936581737324094,0.0095584029845165,0.0101125875659991,0.01068556809649,0.0108078635777328,0.0117592219473001,0.0124814273865493,0.0130853856309097,0.0139264305035464,0.0147404921251046,0.0159683513078239,0.0170298027804501,0.0177074921102094,0.0190686738697647,0.0201546057418432,0.021339020910621,0.0225851187834444,0.0234360848510203,0.0239616471696267,0.0249216546082132,0.0252438184493004,0.0258527548594092,0.0260594708341621,0.026223764132601,0.0258969369452651,0.0258442134111707,0.0261177386914784,0.0257789295828225,0.0263662718279535,0.0259622581086626,0.0259356228403391,0.0257251439687653,0.0258767565075421,0.0259249348979052,0.0257133354084111,0.0257722180319331,0.025477382733348,0.0253561449135732,0.0253729091960759,0.0249641736383853,0.0248823265173053,0.0243896841118776,0.0242682163508228,0.0239704218104516,0.023429040008384,0.02324399969491,0.0230358940371804,0.0221065262715369,0.0216799208155723,0.0211422541767166,0.0198089668567294,0.0193967374969807,0.0184535691928671,0.0176750223394823,0.0162658840766201,0.0149714508270523,0.0139219280840645,0.0124479984009998,0.0113106825500889,0.0100153288681783,0.00850039740374464,0.00750210145040322,0.00643411268273402,0.00517889328070951,0.00441882533621328,0.00362379633510598,0.00351609365328196,0.00272798713652239,0.00269426020112395,0.00256910181794572,0.00235355180131863,0.00243546633872781,0.00222947087089687,0.00202151752937521,0.0015964394796658,0.00169919872460583,0.00159991087376959,0.00119965054790057,0.00126650871267411,0.000984996764548142,0.000804685012328522,0.000601127857265741,0.000346317945397508,0.00052959568697042,1.88772097097303e-06,0.00020415183229656,9.94005512263752e-05,0.000253751540790043,0.000127242634218777,3.40189446307645e-05,-5.1166440873362e-07,4.80678709760268e-05,-3.72349357533919e-05,-1.93745631730384e-05,1.16122492803722e-05,-6.87755848522218e-05,0.000163679677891802,0.000149950231522052,-0.000143928826913667,2.81235865327947e-05,-5.22043432202917e-05,-0.000117625420122987,-4.32370394488151e-05,-1.8422493644585e-05,4.76565550303022e-05
0.00691566134496692,0.00699668072918166,0.00696859862407401,0.006863956169899,0.00729001759055444,0.00735924836581497,0.00726985010958105,0.00748693435610197,0.00747510657394126,0.00769563732872659,0.00767405287581898,0.00802416548651507,0.00813394890266082,0.00834790520338372,0.00848522298962272,0.00899192522800164,0.00948523155501737,0.00980529381129055,0.00998109882270612,0.0103082606695278,0.0109131084078001,0.0119466708489729,0.0125563352839689,0.0132654997152076,0.0140794606348932,0.0151550594336878,0.0160501940384506,0.017229662327018,0.018113001407637,0.0195362662189499,0.0208635866959628,0.0218453705565292,0.0227426291134394,0.0241603614287961,0.0247848159605875,0.0252768379415245,0.026181142499513,0.0265564617652001,0.0266820641305855,0.0268313919191057,0.0271221979357279,0.0269704329006572,0.0267442306697808,0.0267560369272329,0.0266819556564217,0.026730580449718,0.0266601179169346,0.0265962120657971,0.0263326048879538,0.0264835007982983,0.0262213190766464,0.0261845034607089,0.0261655573246536,0.0260173625847372,0.0256485513922016,0.0256332125510732,0.0253860485496032,0.0252956262301118,0.0252012645464312,0.0245840164214823,0.0242062148873423,0.0237249880880734,0.0236908270620193,0.0230048382843044,0.0222079390973576,0.0212345440053543,0.0208538300209283,0.0198671575146641,0.0188274714385901,0.0179339424154434,0.0168707490245123,0.0153840000565642,0.0143509292373402,0.0129573242903548,0.0114889113242369,0.00997451090136254,0.00879455461266253,0.00773287943271978,0.00659026062792608,0.00538889622245872,0.00450373789914736,0.00406935022320475,0.00326320981111526,0.00299646297550505,0.00308859869587884,0.00247086717586141,0.00252265758364451,0.00210125761932477,0.00221845105748312,0.00190172316589369,0.00207006995448527,0.00172954589302194,0.00164000299561997,0.00146216387434062,0.00112739433871305,0.00120275712881985,0.000833140037279834,0.000738571009149779,0.000862377422641101,0.00049437092580619,0.000175353598294314,0.000118276508144655,7.97249866324191e-05,9.85668093673211e-05,-8.64283191791487e-05,-2.30224157580427e-05,1.19956433176441e-05,-3.77746425014955e-05,-0.000151083335725841,6.67975323759173e-05,0.000129348740129091,-0.000153763751498797,0.000216348877275607,-4.12589134593661e-05,3.17749977388056e-05,7.73418723567087e-05,6.84694358762064e-05,-0.00016708757431008,6.35494274045278e-05,0.000295921593412992,-0.00027587595258823
0.0066179106763739,0.00696100096847218,0.00703736608362618,0.00698933128801814,0.00688939605933902,0.00698452892797462,0.00688941968067278,0.0072978520939541,0.00732431139142007,0.00752530106457867,0.00750424014548097,0.00794798134142413,0.00816808370030369,0.00833776970975699,0.00856618243198608,0.00873438598989448,0.0093880053757461,0.00962540138843237,0.0102780713262069,0.0107066949877248,0.0112892448574536,0.0118502170759374,0.012561575564512,0.0135255025923979,0.0145708123726857,0.0153751107885805,0.0164165248391371,0.017511394350404,0.019028173685032,0.0198509600666396,0.0209646618053862,0.0226827139413465,0.0235070337900181,0.0246536518532971,0.0254037154630775,0.0259531744277313,0.0262666395500491,0.0268814692581646,0.0271031636987564,0.0272733543711927,0.0273247494706837,0.0275316818459705,0.0274802863732599,0.0272793122886567,0.0273100447674888,0.0272266363651223,0.0273325742233378,0.0271672282790317,0.027078770707966,0.0269723601191682,0.0270805127277577,0.0270603674657161,0.0266345786984998,0.0264959807420432,0.0262360990441085,0.0262761201926367,0.0257902790996165,0.0260102343925071,0.0254690742615302,0.0252162295269217,0.0249460877274171,0.0240964283262089,0.0238071687236879,0.0233793256331856,0.0228843325042935,0.0219080430351077,0.0212973599559743,0.0202976973518014,0.0196246637787998,0.0181999396031256,0.0168755578329677,0.0159053036144842,0.0145795774735117,0.013278873512404,0.0117342715565405,0.0102470502745514,0.00903024019633224,0.00768850795276131,0.00663936625096791,0.00555213164857163,0.00490204061483887,0.00397751623511683,0.00360128955205281,0.00314522363564029,0.00295707877138354,0.0026212440056478,0.00263811389678561,0.00224013933874958,0.00226690988068609,0.00196811788964022,0.00189360304378831,0.00183240000298216,0.00166641431263945,0.001195051402478,0.00133443984830623,0.00105088323575153,0.000538261341079954,0.000643729130304374,0.000295318999337314,0.000235762561969378,0.000298388783494419,0.000130096065949246,0.000181717336091727,5.5125572225033e-05,-5.83721865168298e-05,0.000167493274468619,-2.18625204522726e-05,0.000139646074424541,-0.00012290655384752,-5.34290940768885e-05,1.48438067384752e-05,0.000229467331063003,-6.29117066442828e-05,-6.13451890498435e-05,-0.000198343199169068,0.000101316452099293,-0.000133521410845362,0.00014619678245631,0.000147684607129852,0.000335516519411414,5.56460199217466e-05
0.00690635725466631,0.00656895599144552,0.0068440423707653,0.00671849741178631,0.00697520468077596,0.00681872893459532,0.00700479819127412,0.00718301046014544,0.00729600921869137,0.00734305860453182,0.00763832747889365,0.00788630004000366,0.00805707345939292,0.00818061032023693,0.00827576567528375,0.00891693736255512,0.00926559471468009,0.00942862109027143,0.0101009244064557,0.0109506699530455,0.0115080125087454,0.0118865796548602,0.0128891179778977,0.0134861205221291,0.0145804776621966,0.0156401398595383,0.0167672630208931,0.0176855209782121,0.0188434368832029,0.0204641755015324,0.0217449813462506,0.0228745030073585,0.0238318839271921,0.0249608134648154,0.0257656861506119,0.0265677456600156,0.0269939649090503,0.0274486508821825,0.0279003897275956,0.0279117305426454,0.0276890837570067,0.0278659825766423,0.0276883427369594,0.0277191733507209,0.027840600056819,0.0279157969585798,0.0275475992493175,0.028028210874359,0.0275289919768628,0.0274678109245934,0.0275061037071572,0.0272941879726341,0.0272601555598945,0.0272648146789646,0.0268788810162796,0.0265834654146309,0.0265067416814702,0.0262212074146189,0.0258931428239329,0.0254191013714545,0.0253574401642178,0.024914708853605,0.0241636923757016,0.0236666324636842,0.0231106620743114,0.0223876498463875,0.0217299046976769,0.0208075120289277,0.0196531098637145,0.0188514581300476,0.0174722933044785,0.0162154981727104,0.0148670595171879,0.0136354840524901,0.0120619882464637,0.0108035512049451,0.00902531825058319,0.00825386093748138,0.00675897613026965,0.00571355524439354,0.0047606435591901,0.00393582027174969,0.00347468244251342,0.0031644394094073,0.00315083696331628,0.00279761723096455,0.00248116309266486,0.00254378349181216,0.00238641182355431,0.00190310552448036,0.00202863837141659,0.00182640586054131,0.00143399374116704,0.00151379331305802,0.00130451202097696,0.000970922784438389,0.000727663764597801,0.000764294895504956,0.000934928474649263,0.000427301211963278,0.000235265956374626,6.03089008801053e-06,0.000302315531129514,0.0001791184419852,-9.59815662336499e-05,-0.000105090921648415,9.23242085364006e-06,-0.000154266488590003,-7.98635016812333e-05,-0.000116722221040805,-1.38942865331861e-05,6.60980648275792e-05,-0.000219155282683836,0.000158009031625045,-0.000125183636758401,0.000372148798923784,0.000266430869459461,0.000194874738146675,7.22446499882123e-06,0.000119728203542821,2.90298700197088e-05
0.00674088095695815,0.00662563176277577,0.00676630324184516,0.00687598895937435,0.00691385325838101,0.00702059049192986,0.00696406464239009,0.00730672649160652,0.00718946619179417,0.00730596063776877,0.00788260852743471,0.00749571394296481,0.00791303097548741,0.00810771411463494,0.00855840061178717,0.0088582373342553,0.00930335001754966,0.00981473695513052,0.010186318939883,0.0109000948113247,0.0115725687450041,0.0121008883065897,0.0128328411623291,0.0137517719410582,0.0148501724570646,0.0159550910571659,0.0168629603130153,0.0183501115495676,0.0196549187238975,0.0208164202960733,0.0216731569250508,0.0233037824574565,0.0243034101052471,0.0253788088782134,0.0260448611169812,0.0267754755082054,0.0276269494657091,0.0282681250320505,0.0283860725620208,0.0285318716119357,0.0281608263536215,0.0283665015962769,0.0284479159126515,0.0284024827364524,0.0282047614093768,0.0281941363442018,0.0279807772370337,0.0278892994399875,0.0279485078972145,0.0280256441707125,0.0278781014712555,0.0277204121382742,0.0275188778728765,0.0273314075180908,0.0269724481045738,0.0270907486805189,0.0268791473817845,0.0266038998503338,0.0261004213913164,0.0260256852111733,0.0256122567010903,0.0251990577067855,0.0245385260374806,0.024007603205483,0.023585042595026,0.0228748808974828,0.0218968095493267,0.0207717272653645,0.0200465853206986,0.0191161900623906,0.0176033120632249,0.0161577908619642,0.0149158444899834,0.013780241875036,0.0122990007153314,0.0108309073737087,0.00937906694393003,0.00811210160341862,0.00697248125402145,0.00568743261334009,0.0051578434373213,0.00401846209786856,0.00354264440487965,0.00322324449109174,0.00290124909421146,0.00272499443711275,0.00254084907348343,0.00258491477319311,0.00242179909973426,0.00227951133916838,0.00184346880863692,0.00196736085864318,0.00169675361966838,0.00172351812842931,0.00105113986068009,0.00128436145481909,0.000726348230907863,0.00085113960436846,0.000568038665097582,0.000481968259108754,0.000143692170757404,7.34117610992499e-05,-2.75852202506314e-05,0.000101197375845379,5.72782300712348e-05,-8.54275714728428e-05,7.63211086207704e-05,-5.81119801839307e-05,0.000310719682074013,5.30455818006719e-05,-7.85434274292993e-05,4.2881201952138e-05,-7.91002979458732e-05,0.000203037146849418,1.68341667082105e-05,0.000253820046246399,-7.85037013134121e-06,-8.87133107021726e-05,1.93331651992506e-05,-0.000229948069939598,-2.72997929478287e-06
0.00677874575300405,0.00665513799420608,0.00670534902464886,0.00689685075793657,0.00678457312131263,0.00679625150930063,0.00710024499355629,0.00705490320064365,0.00723645339011715,0.00726612116103372,0.00770599508308248,0.00768318445946323,0.00785422242389815,0.00843072191670747,0.00860979191184611,0.00890371320798973,0.00920225171603665,0.00964398064058245,0.0104888500993879,0.0107987097682623,0.0115574533719392,0.0122527374243051,0.0132611020476416,0.0141329030143048,0.0149294869661483,0.0160471455890364,0.0171655234486992,0.0184954910113175,0.0197156078061939,0.0211671217799945,0.0223078052601793,0.0233211413282934,0.0249761689551106,0.0262294440514259,0.0268563657785344,0.0276216419255749,0.0281759719421149,0.0286112795027238,0.0285430305224171,0.0288661583810464,0.028800566991324,0.0284597174327186,0.0286209843843682,0.028635384112797,0.0285793174193212,0.0285561799705,0.0284016995540838,0.0282190593094185,0.0284939967096686,0.0283201481448383,0.0279766810363093,0.0279824207619291,0.0279726755178597,0.0276584597173299,0.0276974072741513,0.0276307155161251,0.0271224115618352,0.0272597768342019,0.0267096877466466,0.0263503898079097,0.0256434185800128,0.0254757358953903,0.0250664918625541,0.0244404521374612,0.0236941488996428,0.0231217346253512,0.0221656621548302,0.0210921125349827,0.0204319676097673,0.0190592124019365,0.0179129821711391,0.0166084588619362,0.015182391346061,0.0139997140742916,0.0122652608287419,0.0111121559811642,0.00937212496204253,0.00828294690832265,0.00685160581968866,0.00588583798771462,0.00514217094937666,0.00453105634200782,0.0036400767946936,0.00348962768947483,0.00292258763792512,0.00288068091062512,0.00276583244401031,0.00261129881468497,0.00222684842830225,0.00243879636859916,0.00221137613758231,0.00231882627140156,0.00154006114317691,0.00132772680279213,0.00128657454070241,0.00105507171007611,0.000967026629278068,0.000980632062904427,0.000725592582002131,0.00033247066888064,0.000212342854015427,3.46328724362563e-06,0.00015573679390435,0.000227534747159439,-1.85039499561253e-05,5.94224825007721e-05,0.000141878392796503,-6.72477988973348e-05,-3.02562496269702e-05,-9.64112017194699e-05,5.47539596487232e-05,7.68782487118978e-05,-6.44599809793013e-05,0.0001260051936067,-8.79421850195321e-05,0.000151857862465692,0.00012063783501486,-2.23128096224792e-05,-1.05563820592486e-05,-0.000398664365115905,3.86352204802847e-05
0.00660626146123089,0.00668924064799046,0.00663727159843706,0.00669680727716181,0.00671264974265948,0.007031832866142,0.00712514778201443,0.00716875063025747,0.00736520131183721,0.00741157401629755,0.00733962159431605,0.00774690843014682,0.00776641643257472,0.0081023600008658,0.00868587960772829,0.00893990319106935,0.00926017419932639,0.00981919655709019,0.010301933345023,0.0112419848676291,0.0117060999204092,0.0121405505216217,0.0131333100028286,0.0141653865916748,0.0154753795583833,0.0162222471863661,0.0174132998146885,0.0188450665316468,0.0199066799823898,0.0212296698598823,0.0227872815801734,0.0239265367044602,0.0250845329232321,0.0263903144533312,0.0268966281635823,0.0279677289820859,0.0284705045720012,0.0287167277751161,0.0290165491047358,0.0290372999933339,0.0289745593941309,0.0291577973115634,0.0290683360940614,0.0288693398685661,0.0289242761143553,0.0286638475275533,0.028937688671578,0.0287924477128172,0.0288006236791359,0.0284890079687007,0.0284905111256202,0.0285068803047734,0.0282402988636231,0.0280860478319008,0.0277842058731601,0.027739546687938,0.0273422039704788,0.0272537604770509,0.0269489080702916,0.0269002198970714,0.0260698473850379,0.0257786239570809,0.0252165563973834,0.0246866896470087,0.0237847539161074,0.0232295275345332,0.0223280568102944,0.021599817611806,0.0205091168816458,0.0192693863393999,0.0183610370656553,0.0167349562970437,0.0151933270860955,0.0141116792157821,0.0122301269610348,0.0108771414807772,0.0097354675418679,0.0082294849707191,0.0069151738240634,0.00579914342512688,0.00485706187319234,0.00452588063777856,0.00391581566717046,0.00333667387654567,0.00298724983729951,0.0028624532850029,0.0025341277946145,0.00236775179170996,0.00208923725884339,0.00227254579833833,0.00220971346193801,0.00189759754082777,0.00171799802378367,0.00128114288751503,0.00124965586679946,0.0011655601541016,0.00105149353103844,0.000697446340219133,0.000460299628030242,0.000421504574194794,-0.000127532636927004,0.000268036382715404,0.000257768983145758,-6.09235257271663e-05,-6.87025367497287e-05,9.99504353888777e-05,0.000280341785581025,-8.51988287514106e-05,5.23012438601216e-05,3.19732378212689e-05,3.23772300756239e-05,-1.10054231373564e-05,2.44250432912425e-05,-0.000188702783741948,0.000257277230320709,-3.65366810288154e-05,-6.33321609965543e-05,0.000119636903830842,6.43728597678545e-05,3.93114469784245e-05,-9.08269368726327e-05
0.00650324926856541,0.00664381859389397,0.00641803923198757,0.00692150399626336,0.00686784173636087,0.00697922185400244,0.00671254706621356,0.00698496738217733,0.00736945563928561,0.00739294517456763,0.00750608177835679,0.00778946139548115,0.00789269456985938,0.00815085505696975,0.00857349362631171,0.00911549952104285,0.00955983649024367,0.00972321221164799,0.010620335622383,0.0109942456797401,0.0116094659174513,0.0127002050139372,0.0134150393632821,0.0144286350880423,0.0152898585026165,0.0167026382004791,0.0177582796302389,0.0189675811251931,0.0200913715390237,0.0217331915476563,0.0230710898741047,0.0243713414648761,0.0254355656699621,0.0264445606616615,0.027605073063736,0.0283779588972893,0.0287642390685477,0.0293587921100567,0.0293355537922394,0.0291417109183426,0.0292356587945369,0.0293523955309941,0.0294671940215615,0.0291264101394218,0.0291090950967936,0.0291423411005779,0.0289312317807316,0.0288235612017093,0.0287606071066038,0.0288127031206815,0.0284693312572089,0.0286689917177686,0.0287195051484467,0.0284649585753778,0.0282539309296057,0.0281891556641934,0.0276151238819224,0.027461107529685,0.0269318668445075,0.0267970744282274,0.0263557389683424,0.025831385252639,0.02558204184802,0.0248812285630099,0.024500905764861,0.0233590788244505,0.0226321256879796,0.0218329590694337,0.0205073213570277,0.0196485692559294,0.0182853896641167,0.0169018471355552,0.0154128643034183,0.0139599186430043,0.0125683207765615,0.0112911411596039,0.00975956835892981,0.00833614114817936,0.00705665594050825,0.00599893562173205,0.00498903563799066,0.00451401409725146,0.00386417388029651,0.00342464866483129,0.00308193372510454,0.00280501076257231,0.002788628956162,0.00260807816971732,0.00217460089867927,0.00239147423120016,0.00213286028539487,0.00196936742749885,0.00160214991215488,0.00143159197997824,0.00112965770629701,0.00104719961829292,0.00105486101497654,0.000917454831854824,0.00052944991547282,0.00039024580099622,0.000466737398382537,0.000145215363469344,0.000255719942691976,-7.75230055784878e-05,-5.38526378096837e-05,0.000100556242036445,7.03003270573504e-06,-8.72412344658191e-05,-0.000111488866591866,-0.000301579273703833,-5.80235548936227e-05,-7.01385899729753e-05,-0.000144852249007376,-4.38733680152636e-05,3.56800340411036e-05,-8.21447426496481e-05,-0.000264245213271172,-0.000175052400329128,0.000411272476629934,-5.29881540562625e-05,-3.3935526034486e-05
0.00655009867575585,0.00653282117381815,0.00651792014879096,0.00679651895185011,0.0069310370812701,0.00685896214920851,0.00714971041174629,0.00702800709365355,0.00727794868978061,0.00751508414283354,0.00758355988187311,0.00762845177769396,0.00793616847388547,0.00824069185991723,0.00866339738476577,0.00910734275172069,0.00937336833121828,0.00993751413916339,0.0104444030404835,0.0111873131715422,0.0120901849841184,0.0124517951031874,0.0135939427314368,0.01458829707596,0.0157450053231569,0.0167675640351769,0.0181902341697716,0.0192513077646483,0.0204514475427823,0.0220865848119468,0.0231016411494466,0.0247895837896638,0.0259489392804253,0.0270539211813581,0.0279342436781607,0.0284123928007763,0.0289720796733673,0.0296627720418623,0.0293769617633234,0.029647296949027,0.0294774234214944,0.0290761693041955,0.0294473870268427,0.0291643057252596,0.0292577673741099,0.0294468012624549,0.0291073903197473,0.0292338034792864,0.0289154954024927,0.0288875071027968,0.0290194621744734,0.0287400265650914,0.0285941084752016,0.0284923646357312,0.0284266092689583,0.0280919523757735,0.0280506445257605,0.0277644004959869,0.0274303687040438,0.026999371987296,0.026499919698824,0.0260971600967974,0.0255811130729064,0.0249637424951362,0.0244912551618773,0.023718375293785,0.0228177683952109,0.0218812370596739,0.0206100429976117,0.0194377259155327,0.0183896718331635,0.017093777419002,0.0156513929027043,0.0141743840838104,0.0126189397654381,0.0115206071127105,0.00956141477088713,0.00858933952605697,0.00709621278846678,0.00583290002413946,0.00514013191386832,0.00422009936956038,0.00391002473897775,0.00355538680792701,0.00304683208238062,0.00287249965312017,0.00257535578177082,0.00271932289037001,0.00218215813253298,0.00251469178074786,0.00229516286789714,0.00191238501021993,0.00194505342578378,0.00147632343250574,0.00119079110993371,0.00114226158325465,0.000801889083626425,0.000733929584831209,0.000593167924161838,0.000372141349668453,0.000378810125027187,8.78390332777605e-05,-2.06885883066164e-05,8.47182236284253e-05,7.16045701876567e-05,0.000140579866998048,4.19701524776583e-05,0.000143522066449723,5.01321605252122e-05,6.68931623730224e-05,-0.000214079511045237,-4.40223093184651e-05,6.44403897010139e-05,0.000281272428339547,1.24778945981859e-05,0.000309817937508125,0.000172915106552601,-0.000155191900836068,9.0827767635405e-05,2.42793623241234e-05,-0.000144650864360953
0.00664236218122276,0.00647592804595499,0.00655354016293901,0.00678348557332438,0.00685958904665481,0.00667027017990919,0.00700051344742984,0.00714865956774401,0.00735932392272049,0.00720063397562963,0.00739612820463443,0.00772348272472735,0.00818245602711488,0.00836717215681568,0.00880047378385959,0.00892808503990024,0.00956536052133207,0.00985902556397023,0.0105502801711892,0.0111764406246009,0.011816420806784,0.0126708867432855,0.0135130618284051,0.0146587451464295,0.0158744695764538,0.0171830326274755,0.0181634010027298,0.019408809285608,0.0209113390561183,0.0221294178173227,0.0236155000159846,0.0249058442280828,0.0260589094008117,0.0271898903065497,0.0278836222279555,0.028948358962291,0.0290342725964522,0.0296161867345372,0.0298830146263042,0.0297195700422674,0.0297513693732523,0.0298511663031976,0.0294147494234831,0.0296032960522772,0.029612076602053,0.0292057576286365,0.029325823984809,0.0292481513444656,0.0291914613213512,0.0290639948023921,0.0291446151556288,0.0288514236236761,0.0285522064647761,0.0284117909595051,0.0284040207167238,0.0281378891945463,0.0277298434170919,0.0277489779619616,0.0273411340391815,0.0267821912149217,0.0265441352698525,0.0261916525654584,0.0257148372441386,0.0251081900225631,0.0244783134471281,0.0236451995110979,0.0225601812210238,0.0220456622653182,0.0208184411182652,0.0197124685109818,0.0182151369744391,0.0170667350465268,0.0158317394250677,0.0145603866088407,0.0126873911948401,0.0112115134968974,0.00976206447791711,0.00851600826869156,0.00709724801284616,0.00618452681616476,0.0054369390742439,0.00450930055266887,0.00380385282387495,0.00361076944057513,0.00305665066165937,0.00304275680609813,0.00257771095843976,0.0026067545187784,0.00248099474586448,0.00240709798046071,0.00235987124127185,0.00213328090657408,0.00173904283419979,0.00162829994884026,0.00152311205967314,0.00143245322882822,0.00102239649420732,0.000980355246946905,0.000646850644094663,0.000614402529203182,0.000272137749721115,0.000234483952829158,0.000452002585385274,0.000335790218975111,7.20460174112104e-05,0.000200549327337768,-4.61425855183504e-06,-5.90398368443921e-05,-7.57027111849969e-05,3.53266511252139e-05,-0.000195412029391173,7.12204714025757e-05,0.000123755454263682,3.19479335928621e-06,-4.48912772428727e-05,9.4321052193467e-05,0.000160413756798451,0.000173640833546761,-0.000136800511528919,-0.000151505711862802,-0.00019273851124978
0.00645069784177038,0.00641601288210354,0.00662062225905466,0.00665463290644355,0.0068648818715431,0.00672858681285374,0.00686028290393391,0.006784064618977,0.00739359447811991,0.00758022853123415,0.00751189374888528,0.00779069919466281,0.00813007239918523,0.00826903328765982,0.00860914397153262,0.00922941940334787,0.0096315136320306,0.00997502285357155,0.0104800856095011,0.0112570046747725,0.0117456056730045,0.0126892055897169,0.0137847862306344,0.0145984676021392,0.0156586852687378,0.016632702354925,0.0180954978288939,0.0196546012430785,0.0209883205537015,0.0223228841585799,0.0235949064396656,0.0248549780226657,0.0263141413799336,0.0272822146928559,0.0281516530620517,0.0290145787048002,0.0294333970707004,0.0298613955151209,0.0297595924021718,0.0299945856675503,0.0298343167105461,0.0299161690315265,0.0297462800789122,0.029515435008776,0.0294598771707273,0.0297134501444143,0.0293320604859466,0.0295061831176585,0.0291768664435064,0.029090322669774,0.0290496708717415,0.0289581217914359,0.0287616777273292,0.028630531283198,0.0284467416077976,0.0284294094944336,0.0282066728301362,0.0277940164114512,0.0274896157686081,0.0272797262465093,0.0268058341290098,0.0263041940165163,0.0257440743533015,0.0253677348039371,0.0246562174290111,0.0238564670522662,0.0229325588752729,0.0218837724933079,0.0206937856004074,0.0199183028467313,0.0184724068077207,0.017293717728961,0.0157626178255516,0.0145540829482772,0.0129679220191568,0.0112903576772726,0.00987552446774334,0.00866924113673972,0.00697828564230315,0.00627666642623446,0.00529089279492621,0.00463410029276962,0.00367411393514776,0.00361361518449765,0.00315168841404249,0.00297331769628571,0.00300065160492698,0.00260642665531669,0.00223304841349035,0.00232431829474715,0.00202992185496344,0.0020669332096973,0.00171445718754695,0.00163588488029091,0.0013486168198809,0.00121976678490247,0.000940908144519578,0.000503674476118901,0.000625094729581167,0.000437724662049805,0.000200212440425122,0.000302853283716039,6.25130770845208e-05,-0.000103483474812409,6.1644071716313e-05,0.000148846432263329,0.000120969047991726,0.000130746552326513,-4.97392040072725e-05,-0.000163363347906336,-0.000276501259880489,6.1099857565009e-05,-8.48610151139278e-05,-9.21803337334164e-05,-3.54624583274407e-05,-9.39081657193849e-05,-1.29710074591407e-05,0.000187327756169131,-2.61841922300482e-05,-0.000123965256536618,-5.57091062257881e-05
0.0065661494261493,0.00648634879974304,0.00660537807011482,0.00676142558637357,0.00699972252154677,0.00701311434725563,0.0071748554326563,0.00722196582666196,0.00715741628509006,0.00746556618455786,0.00767562981711241,0.00776473448510267,0.00810848785765121,0.00818678685662952,0.00865396500700659,0.00911438786668173,0.00959684753563513,0.0102467024814166,0.0107195053137348,0.0110393410446453,0.0120239498253508,0.0128439682302994,0.0135574017930083,0.014797851435346,0.0159214396600115,0.0168444529705168,0.018387166296371,0.0196250238861778,0.0212542697365138,0.0222572382545738,0.0241650033101865,0.0251522900802209,0.0262324308523304,0.0276487834351793,0.0281203742547949,0.0288702442094419,0.0294036883630367,0.0298279716617471,0.0301602157735897,0.0300597914115879,0.0298787201152685,0.0299232880447066,0.0299452678190571,0.0298291366832853,0.0295512890378584,0.029176297375382,0.0293157793563184,0.0296023257544206,0.0292923449217832,0.0292814393414116,0.0291906749976248,0.0290564207308827,0.0291457417317675,0.0288250296986811,0.0285416981930602,0.0285028496771314,0.027994247947686,0.0279514044716618,0.0276941680784047,0.02733168705235,0.0267815556861908,0.026390878558548,0.0258973162495067,0.0252230089914212,0.0246025560931007,0.0240653721877766,0.0229674065098744,0.0221836652700251,0.0207614616900648,0.0195553416916663,0.0185614973262198,0.0173377033580475,0.0159179420704361,0.0146060567328905,0.0128510244515,0.0113070660849041,0.0098638390393151,0.00858464403963745,0.0072304549830617,0.00618376203209087,0.00530473779524648,0.00447748665751202,0.0039579339127723,0.00362308111936124,0.00292439385758247,0.00278961822395827,0.00282920752046711,0.00259056157490894,0.00256806634291023,0.00226477387991351,0.00202773073080009,0.0021060230684329,0.00179369059730051,0.00145250821031249,0.00130690648092082,0.00142290355253032,0.00112784366060937,0.000723829143730032,0.000551139939826558,0.000841797430767414,0.000367397755247011,0.00019221709656767,-4.0981769786597e-05,0.00029633076686889,0.000187675144770975,0.00017621362845494,-2.80951361006915e-05,3.41114002447952e-05,-1.91876210526904e-05,7.49205890432184e-05,-6.8102045583816e-05,-0.000113529451467937,-5.20314419542591e-05,-8.80118716514457e-06,-0.000200856045068535,-0.000116059217149531,1.40370036499926e-05,-8.09714035689446e-06,-7.54657159086128e-05,-8.94467346374144e-06,-4.18471741181049e-05
0.00661542257311793,0.00660415237999904,0.00667535487539022,0.00677985046763361,0.00678848007231616,0.00692119196160329,0.00709420578943267,0.00718156586009796,0.00730493141203198,0.00747927088029637,0.00759435437875953,0.00799988871881535,0.00806921907181083,0.00841092247692519,0.00882882980926412,0.00903303234649652,0.00964370146578006,0.00995320029927376,0.0105671779616329,0.0113889477620603,0.0120105016580894,0.0128163161953888,0.0136751410792542,0.014842284928407,0.0159267792905415,0.0170562728047896,0.0183559276091148,0.0198688383909325,0.0213545809353741,0.0226170612075926,0.0240513865514214,0.0254137866874218,0.0266512525459085,0.0274737759789021,0.0284564688079703,0.0290434600893662,0.0297124695893803,0.0297943885130907,0.0299096998606262,0.0299083974725597,0.0299692906238749,0.0295654078554722,0.0296974689386187,0.0297642120657058,0.029636163101518,0.0295401046323975,0.0293328106798122,0.0295279540630448,0.0295558760731937,0.0293468798072242,0.028907755882388,0.0286515250158275,0.0286854721470888,0.0286383677794741,0.0285637617840678,0.0285126661645774,0.0282025813299281,0.0278826857294604,0.0274245068542179,0.0272388889096959,0.0269292278046718,0.0262940106564404,0.0256340261208557,0.0251044671645648,0.0244716741955816,0.023731514408014,0.0229963525237782,0.0219545121803762,0.020807378189095,0.0196136431897804,0.0186260368787845,0.017003615002401,0.0159546492683024,0.0145374332789009,0.0126508908583287,0.011248601600942,0.00975918732447349,0.00859899511525634,0.00750357626694914,0.00611115254259465,0.00529483550997477,0.00434497949001833,0.00385869035000477,0.00345893586472365,0.00319025801036083,0.00296466270888215,0.00280015009898941,0.00243852609204781,0.00235812077643551,0.00260603650770466,0.00227625452610568,0.00220201417312035,0.00149508833728175,0.00174840504245789,0.00134946541395754,0.00130223695858085,0.00106081979208623,0.000600405962855137,0.000641562489992724,0.00050161540374853,0.00050338045775902,0.000354617482161833,8.75325614974345e-05,0.000190715410052293,-5.34215727731406e-05,7.09154763806407e-05,-0.000183020552217139,-9.80967204086368e-05,-0.000207812785036931,-1.68094217141919e-05,7.09018570251551e-05,-0.000155203414253484,-3.21456375361232e-05,7.03587352497552e-05,2.15739562338191e-05,-8.27114779162159e-05,0.000197100398607021,-4.58756945193904e-05,0.000115777464797535,-1.80771233551505e-05,4.10898816265818e-05
0.00669415025197427,0.00662030066112028,0.00659101258993341,0.00670018289489298,0.00686431564151469,0.00699089562598742,0.00716080970568231,0.00708826753752679,0.00730971906474031,0.00751730699966409,0.00758951736702647,0.00777302412214073,0.00824161696677405,0.00845993853887642,0.00886496615169485,0.00946117091095861,0.00944127869152793,0.0101279788960553,0.010766579269931,0.0115093971840463,0.0121775112740851,0.0130155856680777,0.0139199599034229,0.0150282718755241,0.0159174568388646,0.0173608073565465,0.0186427651078314,0.0201253491223275,0.0214905024603703,0.0227312246882233,0.0241843801470934,0.0256227886698713,0.0265689327044662,0.027494382608219,0.0285696352240047,0.0291298495770795,0.0297891525351239,0.0298789491198028,0.0301827312745824,0.0297847402277196,0.02940275892191,0.0299399097222664,0.0298620257368046,0.0294878661297201,0.0294005423864344,0.0293800386893174,0.0291005470715882,0.0291447027453149,0.0292226596719477,0.0288923479617764,0.0291163119422187,0.0290290444854755,0.028643875260652,0.0285324691801805,0.0285271764201201,0.0283362029363866,0.028011009446101,0.0280297514635076,0.0271109903620555,0.0269864103616437,0.0268953886078883,0.0264930573419903,0.0256468889451065,0.0250199433115206,0.0244821381902228,0.0239308526242753,0.0229984298889127,0.0220729318349608,0.0211919975331335,0.0199754574172402,0.0185450210586716,0.0171958587859832,0.0156886629346762,0.0141361830362011,0.0129764521660566,0.011310368587221,0.00968718514524896,0.00853886089688644,0.00745974686330011,0.0064327139628492,0.00531952849865521,0.00458272614399021,0.00405717237123892,0.00335375931059474,0.00336006934258216,0.00291138881457638,0.00297392543333117,0.00267768285449307,0.00235628741699856,0.00240643743098542,0.00221607987665506,0.00221296562520864,0.00150103027348075,0.00160297379324915,0.00160647468121486,0.00117106318477715,0.00116184763281183,0.000763113102513046,0.000710277161670931,0.000675473361510098,0.000548931266791373,0.00031252427874919,0.000105365806792749,1.03171020585596e-06,8.13103121764844e-05,8.01878110377925e-06,-8.05548785331271e-05,5.24917920405379e-05,-0.000147497048047347,-1.55518328904388e-05,6.30859792060507e-06,-0.000163740342610861,-0.000121827099523806,-1.07760526463641e-05,-7.66729237309081e-06,0.000173419740150859,0.000280244204634879,0.000224591448692907,5.05368958905136e-05,4.97872219135483e-06,-0.000149977669372478
0.00629154905477122,0.00655259550412056,0.0066198078442584,0.0066520057904027,0.00684402448033629,0.00687325816364854,0.00708661007352775,0.00708529943636574,0.00726489524297348,0.00754431643722146,0.00784408196003954,0.00792864524659705,0.00827727761280422,0.00827752033495995,0.00882096099433,0.00909505196845219,0.00979376727662387,0.0101431983289661,0.010663165612071,0.0114626952583198,0.0122138219891639,0.0130290824634124,0.0139744625042903,0.0151965672911989,0.0160994580862638,0.0174325616729151,0.0185729661902052,0.0200659170857389,0.0216165365227111,0.022891139380716,0.0241266237302407,0.0255632864377786,0.0266941574772294,0.0277164231052482,0.0285038636029708,0.0290013990386638,0.0298557333273321,0.0298210158150718,0.0299168561924365,0.0297666898227315,0.0298014645131045,0.0295502570579974,0.0295679723401907,0.0294044128461517,0.0293627361858099,0.0295730836631761,0.0291836678794967,0.0292933192818736,0.0289697769215568,0.0289075216129129,0.028956729501481,0.0288611020829234,0.0288355756410039,0.0285901482286985,0.0284876499874895,0.0282600280831757,0.0280986934180929,0.0277342329643241,0.0274238600682728,0.0271034133131589,0.0268189295499678,0.0262416979753728,0.0257524565105247,0.0252145346027231,0.0244980512193415,0.0235518073210367,0.022868376456428,0.0220192588947164,0.0205201450072213,0.0197704368590665,0.0186232904365186,0.0171248492453749,0.0158241731636058,0.0142712703150213,0.012698971225402,0.0113138379182975,0.00969896436944995,0.00859436233055282,0.00736788057673105,0.00620323428358401,0.00527178810421075,0.004651342834204,0.00421697924526778,0.00366377490013022,0.00335450532092275,0.0031192324150546,0.00266914223750996,0.00292609645294357,0.00258801362634848,0.00234303188246845,0.00220189198569312,0.00183561550694592,0.0015742976040886,0.0013085275389181,0.00130163949312733,0.00122404422924119,0.000744635233527509,0.000807802001599648,0.000351713226550811,0.000258912854744469,0.000294954624572652,0.000253154468947951,2.81790059071679e-05,-7.34567311808204e-05,-0.000129966750641429,-1.99753812091337e-06,-3.16449901335716e-05,5.8245250958997e-05,0.000183376360595974,2.41674091438326e-05,-8.31798001934683e-05,9.99026084383346e-07,3.15817659871756e-05,-0.00017507387011663,3.18946044466425e-05,2.72097093191357e-06,-4.30660327539113e-05,-2.56328655096103e-05,3.9021080721301e-05,-2.78373140467738e-05,0.000142359089768502
0.00646352005857831,0.00655349205646464,0.00665150546957749,0.00685712178782879,0.0066961999848642,0.00674990919668463,0.00683376960972855,0.00720802732081379,0.00719698790507658,0.00730744845316279,0.00740672642988054,0.00789052847258202,0.00799478033518698,0.00850908171109588,0.00878079910239137,0.00924735664260908,0.00961402538157611,0.0104496585827501,0.0106638236719169,0.0113522438864297,0.0122079443944854,0.0130437947395297,0.0141706812130391,0.0152384854463211,0.0159130797066631,0.0175762316762173,0.0187406413065407,0.0199479535190032,0.0214484225500545,0.0228839257205874,0.0242354385509771,0.0255145725542588,0.0266811091760379,0.0279833223313825,0.0286749473707472,0.029121541114172,0.0295387669992557,0.0299309979534451,0.029873353541313,0.0299061447718098,0.0296606336721766,0.0297156165745339,0.0291780134926779,0.0291322606229547,0.0290441259260203,0.0293130084087815,0.0290077528384924,0.0289115800622398,0.0288829415201356,0.0289958377710059,0.0289972804505807,0.0287271809351187,0.0285137631618315,0.0285814963008026,0.0279598786160196,0.0281891389773911,0.0277607143699855,0.0274972706327327,0.0273718194667654,0.0267748529590914,0.0265258899531722,0.0258253062646337,0.0252629928935812,0.0250492340982152,0.0243549320322287,0.0235336028144288,0.0229418658244898,0.0212972878636172,0.020674624069732,0.0197362599032502,0.0184382820286757,0.0169228619350103,0.0156944102755551,0.0140030265531336,0.012741970193605,0.0113377585924342,0.0100715161315199,0.00870907596069745,0.00747793596964512,0.00632380065738722,0.00541666088688666,0.0045187416056244,0.00393955239020091,0.00385199163352522,0.00333128137258139,0.0030370877573928,0.00274316622553375,0.00242788817131268,0.00265092820118472,0.00230394112280046,0.00210938705450404,0.00209346232559256,0.00194438843685027,0.00181953696002853,0.00153005701469903,0.00134691796941307,0.000955836383958962,0.000780152168317059,0.000449432445901207,0.000718707661563893,0.000274344149726983,0.000389672601585109,-0.000169817183312537,7.83650265587398e-05,-2.59884510940972e-05,0.000110911918451157,4.04366561809554e-05,-0.000102799220297081,4.84588296279153e-05,0.000175281989112694,0.000123892315816104,0.000118342026432039,-0.000150380448084356,0.000130454831097068,-7.3097761968874e-05,-6.86743393826561e-05,3.94949781780522e-05,3.31419646361043e-05,-1.00216541992882e-05,7.27634957643626e-05,-0.000248929372247788
0.00628828051471494,0.00642336389188794,0.00665011585241864,0.00661707572571834,0.00670467192806918,0.00681561482895229,0.00678681610635958,0.00696625291070336,0.00713434896798891,0.00737235881096863,0.00743925782838311,0.00765460098326339,0.00790973742252374,0.00820369952012001,0.00859457027366214,0.00909239100930271,0.00961141606981538,0.00989524807225082,0.0107101337545997,0.011664277762422,0.0123226985876477,0.0131916900591534,0.0139078447363781,0.0147482114544889,0.0159752392988641,0.0173513687711951,0.0186383530472213,0.0199932683261334,0.02145453542701,0.0226569258833052,0.0240935360044774,0.0256792620420074,0.026718670317317,0.0276634829111518,0.0287175797919483,0.0291484547209436,0.0293144413319949,0.029663668023053,0.0299893931133794,0.0295291582722614,0.0296222573150876,0.0292893174521347,0.029318383187475,0.0294037107926134,0.0290869150585081,0.0292393024824208,0.0286869165784273,0.0288342937644641,0.028918742950438,0.0288811847730109,0.028555179150094,0.0285823181057647,0.0281210254632073,0.0280700929307325,0.0280280162640482,0.0279798223112312,0.0275876010153822,0.0272166920253903,0.0272007643523601,0.0267758571946013,0.0265562529416292,0.0258517043490648,0.0255319085630254,0.0247629707182168,0.024002684961767,0.0232035834882069,0.0225923949198486,0.0215551288633121,0.0205750360523918,0.0195446168301197,0.0182360800359385,0.0169903685539686,0.0154236829695997,0.0142548963674047,0.0127099960427934,0.0112046502002464,0.0099193727829483,0.00845119050534899,0.00710877625232097,0.00605359360402811,0.00533382764326308,0.00443424175689652,0.00416699818661305,0.00371825765228619,0.00305200451353973,0.00316725637179698,0.00265333620425687,0.00267807305701967,0.00260520328710665,0.0024559205441633,0.00259424351927129,0.00209871305323719,0.00207149600755652,0.00168847609687326,0.00132360668936015,0.00117398144602967,0.000930009872911846,0.000822566662993901,0.00102039328835346,0.000575106626234542,0.000308584668393847,0.00048080843651319,0.000289952694705672,1.83592583349455e-05,1.91604376921179e-05,-4.19345111937502e-05,0.000188803428795491,0.000192391822919384,-1.48302848005686e-05,-6.21754416858097e-05,-0.000117475026388576,6.54343397666892e-05,0.000199885774921023,6.03014632207358e-07,-5.92614813863901e-05,0.000139607837711356,5.31590644858709e-05,2.71715112077177e-05,-9.72128232629714e-05,-9.81426406946826e-05,0.000106196973288381
0.00620591787661709,0.00657989627681197,0.0067236843635932,0.00656635760861189,0.00654071760502504,0.00675292023567881,0.00663841703754381,0.00676613052637556,0.00734293115807397,0.00736559313667707,0.0077400986426718,0.00791051861198245,0.00781409191696463,0.0082068029952593,0.00865660590748162,0.00908048789336583,0.00967442692908899,0.0100234915332045,0.0105671346453061,0.0114183979990136,0.0118892185774687,0.0127917419049372,0.0139869641066786,0.0149447082616296,0.0160003000678217,0.0171020953384629,0.0185041485507032,0.0198070908738499,0.0213188096666905,0.0226652283736134,0.0243816155179027,0.0257157525700857,0.0264960546499117,0.0277907440547596,0.0284867474173375,0.0287563207671299,0.0291969210781742,0.0290805397651117,0.0294632856341294,0.0291636553511723,0.0292137162053654,0.0289561905601938,0.0289810551205671,0.0287470795641797,0.028820961943538,0.0286157196759077,0.0289321443996329,0.0286453956922193,0.0283125292775377,0.0286050849339303,0.0283288222824548,0.0283052330145514,0.0281569020496239,0.027862293453699,0.0276692877281579,0.0276019195467938,0.0274272070873859,0.0271647678684536,0.0268700726473265,0.026491625098267,0.0263700928553797,0.0257638922229472,0.0251267850822586,0.0247829340453563,0.0239919290896793,0.0231297171226443,0.0222812889201609,0.0213296850129529,0.0203572085160641,0.0192910190954676,0.0182355700096924,0.0169801820481956,0.0153807269014283,0.0142114168451098,0.0124195972256283,0.0113049437188908,0.00998178584207447,0.00855704307220971,0.00720925269831679,0.00617169892963692,0.00510367416964546,0.00444175005554635,0.00381287105098967,0.00359383452063161,0.00327553842271061,0.00306464647831365,0.00275370663002199,0.00273266291024875,0.00259380091526019,0.00248485688666447,0.00218860361027664,0.0019962077905252,0.00210043226672337,0.00171295607583633,0.0014275478492916,0.00108046801742333,0.00101476795535234,0.000941481413905687,0.000495827627333056,0.000446652138379773,0.000398928313588049,0.000435417235600601,2.44802062115296e-05,1.48109579544481e-05,3.44088142105383e-05,-2.43669597704135e-05,0.000112615813870657,-2.27710753136812e-05,1.40726914782071e-05,0.000130958953690204,-0.000220412031063612,0.000207506336449054,-7.67057019778224e-05,6.50779415216189e-05,4.36714686079508e-05,0.000156351113156459,-5.25018807378636e-05,-1.5772466268581e-05,0.000147385404689168,0.000314000750949183,-6.81766179046818e-05
0.00646581600238065,0.00635768961810081,0.00639920764724157,0.00627917431902246,0.00663976760263298,0.00661261168040464,0.00676005969201897,0.00696440247951763,0.00701094471079975,0.00733949980227649,0.00723609067469845,0.00746827503052552,0.0077142673417783,0.00801291165794977,0.00842238750713323,0.00899934952753295,0.00934429192738741,0.0101646465892681,0.0107547019890515,0.0111936915605833,0.0119737864416627,0.0126552942073844,0.0138689416277114,0.0148233501061919,0.0158949974712405,0.0170145255034213,0.0184810860700764,0.0199703031216831,0.0211788467174145,0.0224739124657613,0.0238494016429112,0.0252860259258887,0.0263683273197894,0.0272243629789284,0.0279690838767078,0.0287578886179118,0.0291820771344409,0.0291625550737809,0.0292335931617299,0.0291328395254128,0.0289201601662579,0.0286228711600476,0.0285204098966356,0.0284757902096353,0.0284764153232193,0.0282609796224637,0.0283339109196686,0.0283040685369293,0.0283427300733289,0.0284211033803756,0.0281142601957224,0.0277365266797365,0.0275420016516665,0.0280671585941241,0.0279217143129266,0.0272966441521616,0.0271220685714585,0.0268725065557773,0.0266368236992597,0.0262294715241552,0.0259432089980103,0.0255678217210937,0.0251451841946189,0.0242620558039243,0.0238276104142152,0.0229651949032208,0.0219916007305608,0.0212693003891532,0.0201832595824444,0.0190191739475403,0.0180400512223039,0.0167380451334727,0.0151010143396225,0.013917019367002,0.0124204562820114,0.0109245615414907,0.00981558518455785,0.0083425856105833,0.00717518619526629,0.00614471706130542,0.0053573085449874,0.00476927919987139,0.0038613249208926,0.0034658681061434,0.0035076987258562,0.00310268603085454,0.00295963593173363,0.00281863676406285,0.00251215940292726,0.00267679731694462,0.00243980393090309,0.00218866799415849,0.00175395327336004,0.00159038861458101,0.00147483635659374,0.00119420783337015,0.000990294040182688,0.000921325092120479,0.000666446480708245,0.000503820211413383,0.000555443519699433,0.00031267735962113,0.000219015901787814,-9.77083213404884e-05,0.00027246446851814,0.000111155058147018,-6.8026345085159e-05,4.89142604150794e-05,0.000103931129262839,-0.00022446427370144,-3.64772078594851e-05,-0.000208145927607864,0.000127587345546477,-0.000108691179510312,0.000286195222658349,-8.05537707122367e-06,0.00019236646333724,4.34688595212672e-05,0.00010553262495774,-2.69588436182066e-05,-4.0192773258057e-05
0.00620798911145305,0.00636265447417162,0.00606279933665588,0.00637985043195849,0.00666579013769586,0.00643153528493963,0.00636694138715963,0.00681601708262481,0.00696657565448793,0.00699709051438369,0.0071943722113393,0.00748195436795416,0.00781219731979218,0.00785760582938587,0.00815293987181962,0.00885200599217289,0.00924194184629034,0.00985479636379276,0.0105510720641806,0.0110911170517,0.0120134893780573,0.0129460041257465,0.0136881512968111,0.0145660160981338,0.015706178889894,0.0171539505090164,0.0181850210072899,0.019783886455589,0.0210370751483203,0.0224529220987343,0.0239351802967248,0.0251097524011472,0.0263734476112493,0.0272271264525367,0.0279249385248019,0.0286861116410584,0.0287369995058105,0.0290374550209837,0.0290094479842257,0.0286085762612838,0.0285779837901173,0.028406245187197,0.0281804788498123,0.0282360886720035,0.0278909245283979,0.028103226841015,0.0280918444482829,0.0280586249926834,0.0279839720933131,0.0279274507838516,0.0278055693772535,0.0278754352463027,0.027696841029139,0.0273691109529157,0.0272914082888996,0.0269572954476209,0.0270706327715963,0.0265574806281207,0.0263220978799135,0.025934854250349,0.0257871987418631,0.0254530038920415,0.0246553113498799,0.0241774931902848,0.0237751125374904,0.0227869594970775,0.0221480634026629,0.0210946579701199,0.0200595828152778,0.0190746088425641,0.0176217710439533,0.0162865738521142,0.0150553368604977,0.0139811501282439,0.0120390417086471,0.0112215808031922,0.00963201382743188,0.00832735293544148,0.00714422171583444,0.00595186358140043,0.00511128201459743,0.00437388854567522,0.00368920041703878,0.00366199587565943,0.00323219093211266,0.00302066454652805,0.00279942908992222,0.00286646465124082,0.00266136905716749,0.00246075029672705,0.00207953931204362,0.00198502406960552,0.00190792868129603,0.00167425865060217,0.00138814150241001,0.00127704525756326,0.00090946573884713,0.000680341434963926,0.000723709037977681,0.000351012057902627,2.93390063894913e-05,0.000425226720086174,0.00032117996420219,6.68531612166923e-05,7.56103636643553e-05,-7.9590344648821e-06,0.000175613527009046,4.98752235877251e-05,-6.83481703763873e-05,6.63054991000164e-05,-3.74808264973739e-05,-8.23310673511258e-05,-0.000388142718785359,5.54371980248905e-06,-1.19642508029663e-05,-2.9811467425652e-05,-6.55327483469775e-05,1.97384575954936e-05,-7.7464242217598e-05,-0.000313386749012474,9.09750903915818e-05
0.00605517420828403,0.00598966575451341,0.0062545914418353,0.0060426654938517,0.00637580812217293,0.00650258959572331,0.00662863326103828,0.00644023810080141,0.00695996773478736,0.00684298657663605,0.00711334771013663,0.00737945350070989,0.00780602070410524,0.00787703581393877,0.00839881968261345,0.00880914471312961,0.00929985121779315,0.00952230189439873,0.0100719693047432,0.0108369899520903,0.0116875667801011,0.0128050702689099,0.013360585147522,0.0147896504241051,0.0156599885456887,0.0166596698160137,0.0179257534285008,0.0193955421030232,0.0208325279601641,0.0222293174514515,0.0236681387112821,0.0249520236017225,0.0259168071421452,0.0269317738731825,0.0278245819976458,0.0282461111751875,0.0285725434231923,0.0286019253957388,0.0286664705624852,0.0284912341781612,0.0280399988916141,0.0279978026335288,0.0279182728105308,0.027747509699368,0.0276884735409337,0.0276863748956854,0.0276334303592536,0.0277505864842787,0.0276523037064329,0.0275076620721169,0.0272963961787086,0.0272552106586771,0.0271383981440563,0.0269059790051675,0.0269342066737475,0.0269415297408755,0.0264393281562058,0.0263596375064618,0.0258960841988962,0.0257889265549208,0.0248943323277867,0.0249290623739291,0.0243415104125431,0.0236821168295651,0.0230948036972355,0.0225380213869638,0.0218366633057479,0.0207774458793216,0.0197257848768825,0.0186074116788771,0.0176805167522464,0.0165294172075289,0.0151407181950187,0.0137202159634762,0.0122368424854704,0.010883155192164,0.00938417162525235,0.00801021584539349,0.00709204372739213,0.00612607563897394,0.00534921758247387,0.0043056207527198,0.00408436348182087,0.00342449362176781,0.00316746799191989,0.00303610460316198,0.00293911736883953,0.00285944732550922,0.00269484007809371,0.00258409780521953,0.00244770568004369,0.00187767723003677,0.00149844588249205,0.0013632750386795,0.00140184627423518,0.00119241968161455,0.00105622080416005,0.000993019345594923,0.000770940444080026,0.000347432560848988,0.000433530622406194,-4.47482495854684e-05,4.88173959770625e-05,0.00018258013351315,9.656268424403e-05,-0.00012872487696176,7.53181477219902e-05,8.67788172458242e-05,9.55477518656962e-05,7.62713866738605e-05,-0.000108367557311161,-4.42882520816906e-05,-0.000109606443632545,-0.000268615546931101,-7.34944054884481e-05,-1.29760318161373e-06,-0.000167180982754673,2.47743718749649e-05,-7.70202037741385e-05,-0.000136882839562701,0.000129211854301274
0.00591251565839852,0.00590635559144067,0.00586004244482783,0.00640644118435083,0.00597000384717948,0.00644079071237693,0.00634732845026696,0.00664810036650011,0.00648617887189805,0.00675976470079469,0.0070190581005408,0.00712434921703201,0.00764772375275945,0.00786379214776361,0.00788943549325131,0.0086184083568736,0.00906496683117904,0.00939595922203856,0.0101502663561281,0.0110243104439142,0.0110564112381073,0.0122893173082775,0.0133068212151543,0.0143668839893399,0.0153814676839349,0.0167471472648534,0.0177899211706667,0.0190603484034509,0.0206189599858861,0.0220336929389656,0.0231553392341619,0.0245748927146646,0.0255826894906396,0.0263491485106736,0.0273918400801445,0.0280342194771256,0.0281581955628431,0.0283466008481961,0.0283801263997502,0.0282127093156465,0.0277721354241581,0.0276031348113047,0.0278002123378527,0.0276373716706581,0.027325451783151,0.0273047291005068,0.0272329791788652,0.0270828825960965,0.0271436015650004,0.0272635838260072,0.026971629371774,0.0268750539925801,0.0266591843489129,0.0267483059715658,0.0263516743860847,0.026379059482582,0.0260073545644586,0.0258542128666954,0.025502616425739,0.025398873214049,0.0249076217731992,0.0245295861762144,0.0239742232875498,0.0236409832625632,0.0227677787560343,0.0221176282901164,0.0212365243741906,0.0205760442214527,0.0195946011157226,0.0184315392520669,0.0171790572385114,0.0161348624665381,0.0147156734195431,0.0136720208605266,0.0120474288865577,0.0108980993688763,0.00921047040413384,0.00819354382655332,0.00677045052712632,0.00600149029403048,0.00530073729725778,0.00428474240494689,0.00377176586153604,0.00352912097113585,0.00297448221567241,0.00299806926526874,0.00275805860046469,0.00248007620612597,0.00237218315029022,0.00227688081462948,0.0020816504892269,0.00218817012137634,0.00207156292566611,0.00166010789887738,0.00156090427544453,0.0012271156825283,0.000867658082176411,0.000632519004910256,0.000664596730526289,0.00029618276397372,0.000242660924169565,0.000473735332631476,-2.43924316206721e-05,1.49400532723272e-05,0.000251687951506762,-0.000118823019230875,-0.00014969147666076,-0.00022128010496598,4.04001131305245e-05,0.000253418185621596,-1.61859238652994e-05,-0.000114095730772536,-0.00012619554125297,4.93750010865194e-05,0.000131321760859662,0.000225939921580626,0.000101887728130069,0.000195693866667371,-0.000152750311314966,-7.13398709249758e-05,-0.000248813345748703
0.00569134424250156,0.00572073768715502,0.00553484004198565,0.00589955013647603,0.00602820643264736,0.00601266633412625,0.00606635547548405,0.0062794832258745,0.0065713015488126,0.00675538726214441,0.00668433451283279,0.00716276000346065,0.00732807451421176,0.007715781510444,0.00786509711410566,0.00830574734665161,0.00878042092669811,0.0092280545497982,0.0096701836234838,0.0107174054564322,0.0112916050832191,0.0124020757550187,0.0129832805823528,0.0141058159613461,0.0151810011178103,0.0160186469035176,0.0176679552624506,0.0191326600251639,0.0202490659106442,0.0217595811568835,0.0228643226184845,0.0240676683584728,0.0248369617545624,0.025915865188618,0.0268771036732092,0.0272988584612914,0.0278247888568513,0.0277206742256326,0.0277303161537137,0.027347902225674,0.0274762158596616,0.0272787516125262,0.0269000548529361,0.0270786927722939,0.0272262946827922,0.0266434502434074,0.0267360888273567,0.026894179381055,0.0268403162148279,0.0264692441577482,0.0262447062867025,0.0262456747676372,0.0262551638655798,0.0263834767798823,0.0259868277637518,0.0260695888881376,0.0256336145080111,0.0254701037638106,0.0253262987709996,0.0250034567942103,0.0244827338908756,0.0240442480130823,0.0235744734430839,0.023030138532159,0.0225325850909744,0.0217433583961076,0.0211438225235738,0.0199561231811584,0.0191096287850519,0.0183130336016116,0.0168814830698779,0.0157964017693752,0.0145248563424847,0.0133175722717637,0.0116405769507198,0.0102489116035224,0.00915760360908226,0.00786716886079298,0.00685533403475732,0.0058931116964477,0.0050058865905897,0.00439339258644161,0.00396154617669902,0.00339883051326926,0.00329318827242094,0.0029849902288298,0.00279369958998255,0.00256628796145431,0.00255548219791772,0.00227111791287164,0.00223457329417737,0.00192170894306924,0.00170242345256937,0.00157501447637746,0.00141474169973517,0.00130354455887832,0.000911920505780711,0.000761809044401918,0.000915421382881947,0.000438083088989495,0.000296698656945948,8.83719318332682e-05,0.000421424821063901,0.000237192268920733,0.000139258564567294,-1.92639070312321e-05,-2.68521803510387e-05,-0.000167078653274446,0.000148708180667975,-6.85057823457159e-05,-0.00013338515985413,3.2219038889664e-05,-1.52393471368537e-05,9.95922727591661e-05,0.000126862700418559,-0.000152967838916336,-6.39999353937461e-05,-3.73475677228853e-05,3.41885826658395e-05,-4.26685497989178e-05,-2.86783535507776e-05
0.0056717177267023,0.0055282779732887,0.00588652539480848,0.0057925633309721,0.00601138966149501,0.0058116414681632,0.00592587128850334,0.00606919615574463,0.00636095905689707,0.00652641808826326,0.0066820194861457,0.00702385399830297,0.00729488750629362,0.00731644933702064,0.00766887673678466,0.00800605970872262,0.0086562266904509,0.00908203496582067,0.00966484905732505,0.0101290783342637,0.0109324965877348,0.0117241392183824,0.0126936309411108,0.0138760110521335,0.0149800718178613,0.0161751552723626,0.0173385448431818,0.0184327636652107,0.0198752140738613,0.0209486426024014,0.0226336798933356,0.0236653816371689,0.0246295060382891,0.0251533303776257,0.0263139859905332,0.0267129866749068,0.0272599460408383,0.027323795198187,0.0271450930926628,0.0270705542456755,0.0270350808193369,0.0270091488881551,0.0265458411997562,0.026555185899092,0.0263286748518296,0.0263885532443039,0.0264767279025469,0.0263101826049374,0.0261771059695502,0.0259910722639731,0.0260258063916747,0.026005423677287,0.0257513044805153,0.0259162839132561,0.0255521902673554,0.025376099753759,0.0253129666283273,0.0250476406969451,0.0247611650189071,0.0242799727219386,0.0239931978160025,0.0232941956018101,0.0232501880169396,0.0225650603490843,0.0219553664847481,0.0213470796853507,0.0206324605375654,0.0198959040691377,0.0192077191273349,0.0179651660178382,0.0166908237548387,0.0156371507685856,0.0146527662803929,0.0131907860992778,0.0117535615673199,0.0104413172962001,0.00908142252375131,0.00782338157676186,0.00657515672777918,0.00585066421535786,0.00485559487333314,0.0043493303882768,0.00378541961277,0.00349890224094989,0.00316629633635162,0.00301909211819873,0.00255424522242811,0.00286269139987506,0.00241303088306984,0.00221245940745573,0.0023546667168401,0.00215768848413976,0.0017665166478988,0.00153493719840859,0.00125453233196227,0.00108983702264514,0.000957474412075204,0.000772916562184837,0.000686565747594219,0.00025555670289324,0.000199079889999659,0.000169894968745251,0.000111721584398215,-0.000119429136620168,-4.19926406034073e-05,1.25140850829745e-05,0.00019880569707817,-6.32305603822403e-05,4.40082833660889e-05,-6.74362845989777e-05,0.000135983706221858,3.57934869942448e-05,-2.45926789742254e-05,9.40140757591677e-05,9.52733919171473e-05,-0.000114507979987741,-0.000243257708363522,0.000170057021504752,2.7843027039138e-05,0.000121033806833468,8.30667915100506e-06
0.00513520122436838,0.00532503290026968,0.00541304131221272,0.00562629452809823,0.005587353781596,0.00572395054595417,0.00552983540558766,0.00572193314114305,0.00620784189147124,0.00636855754423354,0.00607403591939883,0.00685912432321304,0.00670555711361316,0.00712761270141704,0.00699319616175803,0.00801311144268941,0.00823057507225204,0.00876877511855672,0.00945810160164774,0.00987765487248419,0.0107824313652571,0.0114623627045861,0.0123642204888507,0.0133373347616958,0.0143205874840332,0.0158387365993626,0.0170437629341161,0.0179844096615607,0.0194742873936343,0.0206223737514064,0.0220626406693328,0.0231403870248137,0.0241646309909404,0.025244700365002,0.0256717900288542,0.0263519561871416,0.0266662046728399,0.0266658128382654,0.0265810653804099,0.0265448560951086,0.0263709559917172,0.0261234640428563,0.0259976483664832,0.025742948792304,0.0257802082847298,0.0258044703866688,0.0257852868917849,0.0255990238392279,0.0256822777876687,0.0256479902887515,0.0256342109791432,0.0256118805518396,0.0251458723150828,0.0247548671279286,0.0249100025483825,0.0248174168566387,0.0248069490212454,0.0244178116430046,0.0242376317786806,0.0238653367685778,0.0233293254774342,0.0230365755765636,0.0225913955276299,0.0224204683687751,0.0212456492946126,0.0210359059810079,0.0201972322083346,0.0195988292129926,0.0184558460315385,0.017437317969896,0.0164474247307377,0.0150928649648452,0.0139639404276556,0.0127461756364828,0.0115292882294491,0.0101426910490115,0.00899308332663938,0.00788219250709342,0.00680248605236043,0.00581863060925392,0.00476167668652119,0.00411110052950825,0.00389584094275206,0.00327546708950811,0.00305064580881206,0.00259240588662043,0.00301530396500402,0.00267060090244417,0.00241598483012308,0.00215919742813947,0.00231285882133954,0.00209719737439156,0.00182557651165725,0.00167700766708957,0.00139955471434545,0.00117332972012875,0.00075150024063523,0.00052256175724337,0.000634988644938571,0.00027140619232452,0.000357379558089061,0.000277384073710491,0.000172833374316612,-7.45736785976464e-05,0.000213742188483105,1.16760581700588e-05,0.000164579355068048,-1.93024173919263e-05,0.000238594781103847,-0.000101760179822702,-5.26442769664064e-05,-1.60246148004695e-05,-0.000160411761022806,6.48809456591156e-05,-0.000134911582577889,1.48302635033238e-06,9.07881073421163e-05,-9.44666931023428e-05,-0.000237178185338406,-0.000191677111275385,-5.71327049415855e-05
0.00501164784375436,0.00516507332907709,0.00497417296597808,0.00517946274361589,0.00547279707537593,0.005735846006594,0.00566508919243833,0.00585252658109875,0.00546356136294135,0.00607018316778492,0.00605511634710309,0.00605893679404717,0.00634589527588329,0.00691329344258381,0.00725922234286243,0.00744498927976907,0.00789087526342381,0.00848502308109249,0.00894974021456882,0.00961389922427945,0.010330903556096,0.0110599399301387,0.0118193599075567,0.0130624447483945,0.0142012441602318,0.0152464912530142,0.0165292288204527,0.0177018202730849,0.0191240627858494,0.0202035746576147,0.0214240367594219,0.022802572022402,0.0235082825285866,0.0246525410842268,0.025455620385233,0.0255865863653427,0.026019215433171,0.0261412257629322,0.0264114653101643,0.0259291989375927,0.0255827803137681,0.0254957649981091,0.0253586452725253,0.0252415398447531,0.0253754228974901,0.0250572106839582,0.0250486254275571,0.0250874973548044,0.0251934572512595,0.0250553485443241,0.0249423511182126,0.0247438011733507,0.0245600529047617,0.0246151835881109,0.0244739909918081,0.0244901134405784,0.0241388338425395,0.0239744268993327,0.0233222469224967,0.0234058335114039,0.0230370210742675,0.0228024753060323,0.0221874876081237,0.0215878733267976,0.0213930021977558,0.0204979442579262,0.0196973085175295,0.0189483903991623,0.0181239203205715,0.0171236952543792,0.0159252683098409,0.0150733054467947,0.0137711542558014,0.0126361124560403,0.0112728108831421,0.0100133858336356,0.00890572351978402,0.00732825988114752,0.0064854177474742,0.00557025024445057,0.00484708037739563,0.00400625664499461,0.00365062383812188,0.00360128352275209,0.00289682743682794,0.00306065607738446,0.00271904833691909,0.00260215081280306,0.0022260511292233,0.00232907121261492,0.00173640700665663,0.00207812298818311,0.00167292744425705,0.00194476144336631,0.00132346577664403,0.00114282911774094,0.00109283756420069,0.000540093512156194,0.000548349070584548,0.000426779669567446,0.000258032603749598,0.000118139817085516,0.000211294244789421,2.80243357801705e-05,4.24655175462419e-05,-8.57727728136609e-05,-7.68285820073693e-05,-3.49665331837512e-05,-0.000108124717350007,-3.57791664307554e-05,-9.83408123369252e-05,-1.5862347102156e-05,-4.00565821929901e-06,-4.85898796680259e-05,-0.000152889732245791,0.000271876163020333,2.99130379967266e-05,8.86179702110685e-05,0.000115399354294113,-0.000196350960272849,3.92831649787291e-05
0.00469878768601665,0.00484315029392623,0.0045699243543512,0.00477673143032964,0.00505249603388154,0.00489653051482,0.00493667993450292,0.00544011457690238,0.00557330420507863,0.00577599769895442,0.00591282232423584,0.00610460218113854,0.00606863636430238,0.00659465161035651,0.00711585960686192,0.00717401775958787,0.00763774179210379,0.00831877843338075,0.00869909162651156,0.00932199862589667,0.0101714107697428,0.0107726584158542,0.0117078214559869,0.0125027305744006,0.0135420988127552,0.0148132672240399,0.0159026951420737,0.017353286944493,0.0183012214076936,0.0197149629820901,0.0209212597729088,0.0220652201636715,0.0229997168759739,0.0238639446433699,0.0247229295476982,0.0249708553662045,0.0251467689522089,0.0252336474045398,0.0250657927497188,0.025352204796263,0.0250831576749177,0.0249150194194755,0.0248686103783023,0.0246588920251888,0.0250131709575633,0.0248889693154341,0.0244644334764175,0.0244177909175798,0.0243625074952521,0.0245631717722726,0.0244457966562735,0.0241608833197715,0.0240976637378573,0.0241645267629184,0.0238736585605799,0.0237108913832358,0.023640015091984,0.0233399690056444,0.022954883700509,0.022912728686455,0.0223676509050729,0.0219066495852697,0.0216841111757838,0.0211647368657497,0.0206980419512658,0.0198657481544838,0.0193347372255737,0.0185630327061626,0.0174670297008847,0.016481687863759,0.0155722134165196,0.0142133802651888,0.0133378386711668,0.0120307371516482,0.0107802234583928,0.00979229946371557,0.00864311257132428,0.00733801394188049,0.00652257278765528,0.00551374799727228,0.00467977632812504,0.00400569618096298,0.00362232457096655,0.00336632109296966,0.00275332290570718,0.00268512036598085,0.00258710668981364,0.00250728106052694,0.00211931246477414,0.00210481241011842,0.0022708823437464,0.00181437292045833,0.00142314069118745,0.00132012100548563,0.00132388882037606,0.00112568772831499,0.00103618545873741,0.000749035924838259,0.000513871164588909,0.000567172019699603,0.000469490037316874,-7.91960966129178e-06,5.78609065478192e-05,0.000214738267074319,5.49327061328e-05,3.29061856770543e-05,-7.86452550837752e-05,-7.70533283189958e-05,0.000214247421426219,7.51566669028892e-05,0.000260496993548729,0.000176087308219425,6.96692040712985e-06,7.19397980155581e-05,0.000177758113911622,0.00017958558332276,0.000204678165831474,-8.39405514966368e-06,-6.26811422571826e-06,0.00038131882240249,0.000114519470711875
0.00481240633942866,0.00466247622515043,0.00484143121873794,0.0046485228185544,0.00483387500105731,0.00511474526096011,0.00483601170934952,0.00517460925649219,0.00526200531518431,0.0053645354225176,0.00555980344390819,0.00565963690342323,0.00580792401042426,0.00616815112849224,0.00692978176959958,0.00677896757883706,0.0072529871194237,0.00791371326960908,0.00837236996168277,0.00896024319844754,0.00960977578085327,0.010192995335277,0.0113684448030425,0.0121296589963898,0.0131912979444835,0.0141033391900609,0.0154396477145637,0.0163331211496085,0.0177378051857554,0.0189883575265848,0.019964919786593,0.0214183412017721,0.0224182871839429,0.0233952283602416,0.0237898254202998,0.0241489834778978,0.024540151609217,0.0249432872600921,0.0246798234467655,0.0244374348592069,0.0244022027490267,0.0243183729153499,0.0239690681713058,0.0241012585260419,0.0242138292078706,0.0238646400270559,0.0235687486795334,0.0238609944660243,0.0238319418523635,0.0237166042756138,0.0237532651670495,0.023645673397269,0.0235945198436869,0.0233845807214144,0.023425060449777,0.0230687291776567,0.0230652974020041,0.0225953714686851,0.0223681880053659,0.0220217696541544,0.0216249648371153,0.0212668308723694,0.0207235893613719,0.0207301030693789,0.0202001346355386,0.0196192508474545,0.0187876883649711,0.0179262031404567,0.0170584394951248,0.0161471260324649,0.014974672673136,0.0144221152483314,0.0131309291500531,0.0116964534307425,0.0106233050841835,0.00956790246870606,0.00814423321480696,0.00692665695943981,0.00595303672506383,0.00508500783214361,0.00445348526467804,0.00395712396477403,0.00343989015649928,0.00292649158919682,0.0028640360562832,0.00272442531283462,0.00280538299146836,0.00255362749114353,0.00230680494720899,0.00217423460579787,0.00181913209553985,0.00167433194008621,0.00173668467534352,0.00152149083009348,0.00129307914930456,0.00109289815472865,0.000701369046804843,0.000580638681467308,0.000776720379742263,0.000292663066570336,0.000292338798820657,0.000185502865123771,-3.87222134351683e-05,3.95439605995111e-05,1.19107118472024e-05,-5.57694452753476e-05,1.66160885840104e-05,-0.000133933054815841,-0.000101426479182306,1.34119492480511e-05,0.000205572926258815,5.72300158170788e-05,-0.000299424010547358,-4.88769091506753e-05,-3.65969227045499e-05,0.000161244739143758,0.000159756969157004,-0.000120927251161431,-0.000191758075893185,2.71366186747391e-06,-1.80191710779085e-05
0.00423423958521856,0.00424656698174824,0.00429932752683547,0.00448734445418196,0.00444097350866673,0.004545657291838,0.00472136585300052,0.00486775588344262,0.00521246774176108,0.00518003263866074,0.00520011877762715,0.00537927577588685,0.00542193965943517,0.00590118130412549,0.00630153456036302,0.00668033099976153,0.00685103859446604,0.00745986969636104,0.00833360556657393,0.00834765796715519,0.00914460367881043,0.00985262705515742,0.0109243476752731,0.01182665247017,0.0128126310785251,0.0138839980252477,0.0147248276435572,0.0159437538643297,0.0172886576709826,0.0184255122892579,0.0195955998902767,0.0207937435335477,0.0216838366225,0.022434075517563,0.0230594539691262,0.0235093840275136,0.0238450584309011,0.023812459222515,0.0238043426829764,0.0242250087818323,0.023581043926078,0.0232064917975575,0.02328408779626,0.0234209301054753,0.0234172735445769,0.023142004574067,0.0233163436699973,0.0231623180919355,0.023110172213734,0.022855531605133,0.0228119374570684,0.0227322874695963,0.0227261233472373,0.0225387475187965,0.0222850950140964,0.0224107248355601,0.0224061519406285,0.0217832228864131,0.0216425417494485,0.0214208554723809,0.0212116156917298,0.0205427260036428,0.0202790630635622,0.0199965994017905,0.0192314143205792,0.0186765035657179,0.0178859656224777,0.0171944249058742,0.0166425227927049,0.0156068667183383,0.014735458499222,0.0138655843705202,0.0125084850781731,0.0116076006805287,0.0100768407700429,0.0091505978689643,0.0080762315751426,0.00703267322219533,0.0060799269771229,0.00515734923178065,0.00449766007046141,0.00406303737004291,0.00322825286987309,0.00309633472905739,0.00292113091725828,0.00249138469569894,0.0025805488739575,0.00243547659533277,0.0021238081593325,0.00209003271975668,0.00185075461501744,0.00212840042351276,0.00178601637581901,0.00165043687642724,0.00122225454273018,0.00107684878517863,0.000917888622984723,0.000666900262182846,0.000511175279912872,0.000446477454241301,0.000402476257672723,0.000116943041449049,9.69879312212818e-05,0.000208375140708795,-2.66431129921101e-05,-3.51392691400463e-05,0.000229697714403162,-0.000160732707938247,1.37951985786911e-05,4.84186814568803e-05,0.000104885976763381,0.000101044868684975,-0.000283025463677482,-6.33845004529377e-06,7.15869932819807e-05,7.53058087305073e-05,6.09931457345089e-05,-5.34950517990876e-05,-3.69142944660121e-06,3.44077460075331e-05,2.49310655614329e-05
0.00387917562754181,0.00407694908713788,0.00419782776149169,0.00435998171706229,0.004317119477359,0.004171871441081,0.00439702369735376,0.00451355708206512,0.00440699122190683,0.00491371627374581,0.00490218555150503,0.00504560483467835,0.00532027574095886,0.00592147400780854,0.00588795701524902,0.00632617113738999,0.00658385758046672,0.00700147845181072,0.00761625852241526,0.00795871082864777,0.00882286341433757,0.0097389098604711,0.0101508983229581,0.0113844322794304,0.0121372778303761,0.0133097877778258,0.0142309541402743,0.0154686544051391,0.0167645979750448,0.0176386922249251,0.0186781096656288,0.0198969020735006,0.0207818325300306,0.0215089153807258,0.0222813379198439,0.0224714423759899,0.0230891207424113,0.0230888720471956,0.0228472614560297,0.0228915682488698,0.0228014573167816,0.0228779310745404,0.0226625294149909,0.0228580449189093,0.02243916281629,0.0222764291457738,0.0221822868246041,0.0225676642498582,0.0221929002013266,0.0221401832656288,0.0221394950658279,0.0220260784048879,0.021825752049277,0.0218435111336017,0.0217204474852797,0.0214827566767452,0.0212200999223458,0.0209386980574491,0.020982910910686,0.0205285046913695,0.0202497989223886,0.0203890046936729,0.0195331180876496,0.0193129828123385,0.0186690456942038,0.0179273060108519,0.0173479876605746,0.0167743561183228,0.0160244056751455,0.0152791867416455,0.0143216208744877,0.0132346703773402,0.0124394771051256,0.0109604745609254,0.0098554743011278,0.00879403639480958,0.00760263123205086,0.0068033750851881,0.00587416759658152,0.00515853446439793,0.00432913386226791,0.00355326708040516,0.00335089415826868,0.00283745455912194,0.00269476036958546,0.00260987050969671,0.00250678554130294,0.00245599521671373,0.00201435197095429,0.00192166583816588,0.00205227471477602,0.00184903674023989,0.00164033653224347,0.00133816998849154,0.00147777602889395,0.00095120856581908,0.00072192819686987,0.000669615140569669,0.00060007193129126,0.000548096577129833,0.000251161856462617,0.000339106496559441,1.93814243398063e-05,3.19139223028965e-05,1.51784998026368e-05,0.000118050761721581,-0.00012130593386485,-2.27274449176801e-06,-3.56559968503507e-05,1.10863080739161e-05,-0.000106336840163381,0.000117843023721128,-4.91083492805967e-05,-2.1399716098037e-05,-0.000166209584379118,-8.23923718584762e-06,-7.32140611250288e-05,-3.76540478575159e-05,-7.11404842912942e-05,6.1370085699446e-05,3.82686481528933e-05
0.00357981809560027,0.00373462861426349,0.00391855160238513,0.00396775360569774,0.00385623470584443,0.00395497515212537,0.00405358719971678,0.00444272455329024,0.00439476102129964,0.00451364626384074,0.00466121015799338,0.00481082513825354,0.0050120336359689,0.00544421410230958,0.0053734929937162,0.00603698075459585,0.0063116909799461,0.00680204457632757,0.00723820424535688,0.00782374959618391,0.00807300666771368,0.00912306152727876,0.0098752668474222,0.0108308672008837,0.0115170218381326,0.0123169397149304,0.0136098761557305,0.0146366319691975,0.0161418245798652,0.017069683599995,0.0181402701050502,0.0190197611159444,0.0200591725596052,0.0206920530290425,0.0213353392823449,0.021787512305726,0.0220407191144811,0.0219674377644753,0.0219902850045866,0.0221603258134939,0.021842396371855,0.0217041669800187,0.0218590486495327,0.0217160742794662,0.0217546467052945,0.0215020369070799,0.0215999200628819,0.0214283041494856,0.0215606746996174,0.0215652697501592,0.0211971023616224,0.0210382557448221,0.0211139993987444,0.0211338397157723,0.0207925395494469,0.0207627683679035,0.0204812453251622,0.0203600773415236,0.0201384527082706,0.0199035037739529,0.019668943774885,0.0192050209287614,0.018771739887335,0.0183070280279172,0.0178373373266428,0.0172936547754733,0.016653956983233,0.0160454064999841,0.015510314364898,0.0147652208015042,0.0138069564776191,0.0128153266056781,0.0117181840763925,0.0106146690077031,0.00971176588536505,0.00858435623539221,0.00735327290808489,0.00676439691165488,0.00577658025966584,0.00474817173179676,0.00428205850138451,0.00347127456318031,0.00300032788904818,0.00303983696510697,0.00259949180288149,0.00243548485520535,0.00242100063237699,0.00217654286112323,0.00221518576382468,0.00201504542786054,0.00173355415712245,0.00167157575425127,0.00152425603198861,0.00135099950289462,0.00136708049625153,0.0010970973417023,0.00108633445466688,0.000736942313862354,0.000549414064385541,0.000257015662255273,0.00029060127130003,0.000264173760982438,-3.52019596776143e-05,-8.15490172489883e-05,0.000105914757217619,-4.75788071789195e-05,3.01863019547178e-05,0.000174012530895759,-0.000119767623934956,-2.27579489776657e-05,9.05618117016733e-05,8.11951023077952e-05,9.80597077508795e-06,-0.000175213109846487,0.000140760642001974,-9.88219356183129e-05,-0.000217544255172469,-4.99550015407637e-05,-3.9511225734783e-05,-0.000104102484459299,0.000128667529730543
0.00354717313066514,0.00366432560786348,0.00334274516539116,0.00362844783028031,0.00381141491802932,0.00349858198556927,0.00390156167834428,0.00387242539616596,0.00407321948443241,0.00428923308019624,0.00430676192315201,0.00449710685144712,0.00464533749599046,0.00500260286175089,0.0052292321142192,0.00571890441194002,0.00594305940472129,0.00649899432669371,0.00694865075509652,0.00744041438066909,0.00811422068578377,0.00874066882799475,0.00926022830298476,0.0101959447456154,0.0108637274741186,0.0117025724579327,0.0129377594065518,0.0142818395464703,0.0150274912233484,0.0160456252407665,0.0172832878864105,0.0183162544668616,0.0190585579271306,0.0195632936723887,0.0204547563021584,0.0206628715044751,0.0212701600973292,0.021317189712429,0.0212052145537048,0.0211346337577706,0.0209476331165952,0.0209996763594559,0.0208508676949719,0.0210320754990039,0.0206575545711548,0.0202010059896696,0.0206940987206218,0.0206191992442616,0.0203582392476831,0.0206394233747682,0.0206151572652104,0.0203470577817054,0.0202829214519952,0.0199677745633257,0.0200662921406489,0.0200764148218104,0.0194635140303688,0.0196076085401867,0.0193446999324116,0.0191595330565473,0.0190220760922564,0.0186278033947063,0.0183571325513923,0.0177914304324443,0.0174101975656128,0.0165239039639749,0.0163629306948429,0.0156657766816864,0.0148369218500136,0.0140921797849933,0.013282946518266,0.0122712682649978,0.0110305004761946,0.010533963223892,0.00936339965067172,0.00827099506628793,0.00712668330299946,0.00625099208934904,0.00538951127158051,0.00463141965920259,0.00380457188957228,0.00327654396720868,0.00296557817847077,0.00285768145397398,0.00252748338613237,0.00232273873403558,0.00226177831053452,0.00206861595578998,0.00202349090851376,0.00172345940238511,0.00176038224054092,0.00163990843153342,0.00128549023786025,0.00151774512703558,0.00110576706689085,0.000931419943693692,0.00065452788859779,0.000464566766101307,0.000620196758397467,0.000362592890900438,0.000362806091143769,0.000294223046194563,4.72837460347255e-05,-4.15824012462995e-05,1.99370986543815e-05,0.000265250920345985,-2.83739618742713e-05,8.73380606462209e-05,2.94069025743459e-05,0.000142747559410718,-8.77451913328139e-05,3.87477028576399e-05,9.95644907755673e-05,-0.000252514448399778,0.000107509196716776,1.1376397553524e-05,-9.77570444369271e-05,6.84210224423676e-05,0.000173454115718425,-0.000254902904457587,-0.000338526676450498
0.00295208654344672,0.00335137775491692,0.00324470587052908,0.0035755191214791,0.00340375269117357,0.00373558868454233,0.00368702080359033,0.00384338913271032,0.00380701246035507,0.00416663549734528,0.00407180492776936,0.00415902942833675,0.00434682556656973,0.00459259787750665,0.00522270053464521,0.00548936513289023,0.00551597905800219,0.00613348443730822,0.00649030742845424,0.00712653210199114,0.00758347445439212,0.00807283030774092,0.00898544869840042,0.00958714435880892,0.0104636215827427,0.0113743850222996,0.0122548074177755,0.013231469064529,0.0144144578883093,0.0151595554026518,0.0162169146754953,0.0175157055268734,0.0181544374850895,0.0188887646031454,0.0193786330322571,0.0197667463276301,0.0201789702678311,0.0203521591713428,0.0204133717303673,0.0202883074317696,0.020002047062629,0.019981316085006,0.0199785777440722,0.0197071386346591,0.0198565659272337,0.0199895370051097,0.0198589483573719,0.019565276776975,0.0195616737406706,0.0196203730597526,0.0194082053972581,0.0196439660843177,0.01962550640846,0.0191276157389415,0.0190058655231234,0.019179764760532,0.0191288062759706,0.018827802161844,0.0186461481572633,0.0185081372383243,0.0181839600906679,0.0177565642490308,0.0176286393107026,0.0170169933985843,0.0165687264180615,0.0162450845466344,0.0157184727527321,0.014887324922046,0.0142225478722086,0.0133440031285211,0.0125837764601612,0.0116371197124622,0.0107081321056026,0.00986665683632525,0.00890752751046068,0.00764325306148301,0.00712575769176865,0.00602743387819624,0.00524408604343787,0.00433523418116996,0.00389012156971971,0.00360204103236519,0.00263383039740343,0.0025728927653004,0.0024484137481815,0.00227105259839127,0.00218387184019271,0.00207142053920286,0.0016216852930559,0.00175447868164618,0.00175175556839895,0.00168064620539514,0.00129660560336314,0.00133469501617763,0.00118812517314634,0.000986859618402226,0.000861543677429052,0.000762942776688198,0.000567353170646343,0.000538080779258543,0.000240905202757318,7.96332325069585e-05,7.80120259409581e-05,0.000199789069571978,0.000436026289628544,0.000252718417055238,4.29216279526057e-05,-1.74791586712006e-05,-2.3460325190654e-05,-0.000115842316034037,0.000167931257912433,3.60191802116153e-05,9.60977003403444e-06,-6.38469171054749e-05,0.000158904842074326,-7.17725321718888e-05,-0.000168020356393602,0.000126861678218152,1.04358872845458e-05,7.25003404203402e-05,7.31372590498263e-05
0.00303951004917599,0.00323342634231057,0.00282188887291449,0.00325335200820355,0.00318416162878564,0.00325278285947376,0.00346285960632476,0.00342743751089743,0.00386605215971986,0.00354891171983997,0.00394149911428388,0.00382364870541339,0.00419367723472412,0.0045980259266663,0.00468426919854562,0.00484855414210035,0.00510429608588143,0.00588622804841882,0.00595728392472662,0.00631109756983736,0.00677809663790051,0.00767913397927205,0.00829676067045573,0.00919093649296668,0.0100440174522026,0.0107561790314055,0.0116005217857089,0.0126966627658089,0.0138506384985136,0.0145054560321141,0.0151405759933414,0.0163460530473549,0.0171090050186099,0.0178185339478406,0.0187238591589335,0.018682446970951,0.019308786159729,0.0195291809803039,0.0195611700489263,0.0193143154128484,0.0190468981867812,0.0192269434834903,0.0190439276554586,0.0187627516071674,0.0188970206571604,0.018903346407113,0.0189060623251041,0.0187690761344728,0.0185167333681504,0.0186969631783408,0.0185137903182526,0.0185858576257582,0.0185105146277787,0.0184590278532807,0.0183137837013697,0.018253837073685,0.0180812948513034,0.0179393937726493,0.0177808569390443,0.0173236633119824,0.0173633640874477,0.0167213191661152,0.0164506491788666,0.0162539992470525,0.0158821466960174,0.0154234864985025,0.0148314613411767,0.0141460354053385,0.0134448156593487,0.0127418745583034,0.0120987325472375,0.0111799204954294,0.0102944127728999,0.00902956035455617,0.00830004587227142,0.0073726544249601,0.00665342497522432,0.00561577655390451,0.0050608226291024,0.00415050391476771,0.00364885008729822,0.00331809517722478,0.00261126014049743,0.00253904670503465,0.00265583738011077,0.00219458259912758,0.00208421908899277,0.00191457335502935,0.00217757204756924,0.0018218763415087,0.00157020328100232,0.00148600373602302,0.00122492959160519,0.000993035468669475,0.000986238034165147,0.000890857617453872,0.000846121253521604,0.000480815532008195,0.000459568573295266,0.000295125042885963,0.000455734470156263,0.000183995389761563,0.000135970546511544,-0.000206111092866345,-3.6025348984278e-05,1.0835906446059e-05,-5.82860144430814e-05,0.000120785135306196,3.96739112597189e-05,0.000273157738249671,-0.000200343515145338,0.000125534309742007,-0.000307285340612167,8.55921614538698e-05,-4.98349752701567e-05,-1.21184830577488e-06,-4.05286359687973e-05,-0.000140059617239522,0.000104765880947455,-3.56969261125958e-05,7.52351641795074e-05
0.00272391812815649,0.00273072442036392,0.00276043682935619,0.00273722312156217,0.00295278198529069,0.00315038899489931,0.00298117792281343,0.00326167859345999,0.00358180029645401,0.00357831026913453,0.00330274787908926,0.00338499748602986,0.00380046106625247,0.00420684880745634,0.00429323987684863,0.00475759465677679,0.00471478786381601,0.00521488220496352,0.00566011965881545,0.00592969655541402,0.00657826184079583,0.00711187570420383,0.00778728629863602,0.00854167496631487,0.00942673985995358,0.0101016440996565,0.0108724896962169,0.0117794898146012,0.012838757564138,0.0137310096625569,0.0144712747413605,0.0154586897245631,0.0163270315216568,0.0169432174327631,0.0176120711307173,0.0179378138315101,0.0178476892228845,0.0181213629619649,0.0184965078192903,0.0181100696927126,0.0182000021442552,0.0181035389610792,0.0180613610813057,0.0178783140959251,0.0178495645524397,0.0179176451701873,0.0177611510501982,0.0176708007769656,0.0174569731929135,0.0175653775919604,0.0178512256083179,0.0175848735213605,0.017631998770901,0.0173068867587194,0.0174111133189393,0.0172183465410631,0.0171386874522821,0.0169172944732897,0.0165602342589906,0.0164615353544347,0.016148252243618,0.0158084052695079,0.0158623724317615,0.0152960287138807,0.0149993165221241,0.0148348133567383,0.0138018543343971,0.0134051210811227,0.0126486079679511,0.0122348793964411,0.0111149306000261,0.0107550793534239,0.00986200448899012,0.00898578212883451,0.00811167018405039,0.00715525294332414,0.00615038875674303,0.00538871963801177,0.00474231433171908,0.00430904494333122,0.00361768000539176,0.00305905892966538,0.00275474999106494,0.00239795278544193,0.00214789616205821,0.00214591505686323,0.00216168572946994,0.00192295448678395,0.00190023389606225,0.00182671049930768,0.00168885386426621,0.00134546553591743,0.00134219470935173,0.0011076871653838,0.000895171852130843,0.000941978550632748,0.000783256775458514,0.00069800535706951,0.000330723575001669,0.000455351731486658,0.000375053658442014,1.02272883172417e-05,0.000155989656978028,0.000226338196807624,0.000286397383838889,-4.29947925762051e-05,0.00018327570276213,-1.63766943666304e-05,0.000143077849088665,-0.000154231750688213,-0.000202364817840665,-6.07010059459223e-05,9.88471832809436e-05,-0.000134306383421467,-0.000217773572497901,-0.000152744262881423,-6.52664938864295e-05,0.000135059679785643,-4.19419965584389e-05,3.87259078000166e-05,-8.98135208649825e-05
0.00296066640498026,0.00267979629322739,0.0024738231916875,0.00266745517036712,0.00309024929551905,0.0029930910050724,0.00284511797189953,0.00320662018331503,0.00305868815767046,0.0031902709844024,0.00324557895426351,0.00367124616024037,0.00362711772373186,0.00379557695785167,0.00399426033845896,0.00429739556384934,0.00466566909027651,0.00483299372180487,0.00525423176457995,0.00589236946384191,0.00630456740790376,0.00641907727936795,0.00731146063978544,0.0081257123816281,0.00850473978739226,0.00928984199961656,0.0102304541605786,0.0109639754527102,0.0118224535059751,0.0127668522720705,0.0136883155044593,0.0141733912273026,0.0150921256579079,0.0157004854145659,0.016233569735233,0.0169312064793589,0.0171649853962271,0.0170748310459366,0.017075764084697,0.017168147611791,0.0170495760044561,0.0171793725822141,0.016873713938903,0.0167044936513585,0.0168853086916652,0.0169063695837137,0.0168420213765926,0.0169096811842994,0.0166375862170789,0.0167963181306587,0.0167014610038109,0.0166906295455982,0.0165506174161149,0.0164922480191338,0.0162230868486896,0.0162159875458256,0.0159566503513725,0.0159910971458724,0.01570875060756,0.0156927304476009,0.0152703022413218,0.0153862406597411,0.0150263803214631,0.0142679945723217,0.0143005273826319,0.0136941636881352,0.0133511080289237,0.0126984996165341,0.0119773097740259,0.0113083756389007,0.010845732473916,0.0100731213737431,0.00919055443369359,0.00855843182524311,0.00742443896465993,0.0064803817537867,0.00573899327341734,0.00537176432995948,0.00463516051726216,0.00384348030644604,0.00337365623274143,0.00262971357405639,0.00237909700651698,0.00212856338626245,0.00218281743617237,0.00203221759477491,0.00174687717851594,0.00165904474794303,0.00151705263521662,0.0014186570349507,0.0014742541526627,0.0014718127098839,0.00112956466529113,0.00118876834826122,0.00100184364664639,0.000649995827457289,0.000702717840096485,0.000644673041357485,0.000508247074794595,0.000247050496544896,8.04904241675347e-05,0.000344082515580204,6.11062452073268e-05,0.000264479615875149,-0.000156250692223287,-9.6195659898344e-05,0.00012160360542764,-0.000146878688633866,-2.55728700141961e-05,6.93428085118583e-05,-0.000267699494656022,0.000163929378198229,5.8063113263151e-05,-0.00015859395037023,0.000335721175324606,-0.000111563391239119,2.91385069143052e-05,2.90730006877495e-05,0.000158127555677437,-3.62908043309951e-05,-6.93746034956098e-06
0.00271082757111433,0.00260374457293559,0.00270824253079293,0.0026064008482229,0.00270473208175024,0.00283934569312212,0.00263297423202195,0.00273498559366402,0.00262546624312011,0.00295726961703004,0.0031448556160104,0.00307879607576912,0.00337872693890121,0.00337017358549374,0.00390359720550291,0.00415339136927294,0.00410878948059395,0.00456635267339386,0.0047621259290875,0.00529908502434416,0.0057867863318088,0.00618096111284488,0.00676213959844837,0.00735823699244011,0.00790598128083565,0.00872406423226731,0.00933394683571833,0.0101222995184014,0.0109172164982435,0.0120607208517203,0.0125712952368315,0.0134134478275439,0.0141954447337501,0.0148756329784217,0.0153041173552711,0.0155564368078185,0.0159388720747759,0.0162978768354789,0.0161205639135805,0.0160601106982002,0.0160319679626389,0.0158124004044654,0.0157835593684422,0.0158231699031471,0.0157122682759921,0.0156628161531855,0.0160013448081385,0.0160658767418152,0.0156909253135644,0.0158974058181861,0.0156216232517721,0.0157194983235314,0.0154208861400593,0.0151145483411195,0.0151994468458774,0.01526670211999,0.0151431914398883,0.0149025448395334,0.0147873793935387,0.0145191868987505,0.0144431661978678,0.01419001420991,0.0138595687552207,0.0139363647614804,0.0131214211679643,0.0129378432468212,0.0123928912192265,0.0119220768371635,0.0113594463088866,0.0108744542730899,0.0100973884024128,0.00948794525212692,0.00864900392668016,0.0079076925261487,0.00706846505670577,0.00622994061496156,0.00568619676967758,0.00491202450713836,0.00424396516781827,0.00339551306028102,0.00300493778331607,0.00271242804999474,0.00217988727703912,0.00218719203045698,0.00197022524926772,0.00194114225477449,0.00179413409246155,0.00188622624437935,0.00158841150816326,0.0014090635933246,0.00149160299937394,0.00145381446287091,0.00104738713526063,0.00101162457293186,0.000798963388326826,0.000629722991758417,0.00072922383778132,0.000314265962564654,0.000436476730931602,0.000324443238018975,0.000409736122987667,0.000205589490561391,0.000340341744430188,0.000100265532539262,-5.98459773762512e-06,0.000147132100674864,7.74307920510418e-05,-1.15673330681938e-05,-1.31579704257494e-05,0.000135628008557923,-0.000116819254020709,-3.8301046644555e-05,2.6886883250476e-05,-1.84636252342374e-05,9.97973857305024e-05,-4.70264404006858e-05,6.48973938491395e-05,-0.000178246815056385,-6.60663728079271e-06,-0.000235875442939042,4.17121590601531e-05
0.00244031876100484,0.00203521272326319,0.00245183554354237,0.00239567039334913,0.00257364372889919,0.00255687407540889,0.00252113402437769,0.00257907384498125,0.0025027155784277,0.00261140406530725,0.00301651549503888,0.00286021518657106,0.00299239698178113,0.0033650155219935,0.00336013223817377,0.00359888347306443,0.00376110340920413,0.00444253386673004,0.00458737752541852,0.00486450289359553,0.00500342746840428,0.00573242835386572,0.00628638657338962,0.0069057822469019,0.00733585260678913,0.00805124905882152,0.00872393994398546,0.00934462473232411,0.0102373651674854,0.0109090421391857,0.0116630860991242,0.0125353993081497,0.0127927935122273,0.0136947899536876,0.0141542656169198,0.0143243761389165,0.014843164608707,0.0149162122306932,0.015019245350506,0.0147197212297051,0.0149623619926999,0.0146238567918796,0.0147751898482573,0.0148925923864068,0.0148355092820864,0.014614198559112,0.0146493715310506,0.0145578313468076,0.0146899663897145,0.0145142608359734,0.014886831884309,0.0146177374746175,0.0143062996593462,0.0142074578759615,0.0140416940218803,0.014147489000921,0.0141530414323953,0.0141720086584797,0.0137515719798205,0.0138126327102513,0.0136319780594091,0.0133615647748739,0.0130414395778563,0.0125169169205965,0.0122590820889677,0.0117779972441721,0.0115267379920309,0.0109345617357711,0.0106304405325607,0.00990223088933593,0.00949376442193531,0.0088189469622992,0.00811530117021134,0.00731179288445663,0.0065380674138745,0.00587536758399135,0.00494403062348456,0.00455123443274564,0.00387871043142363,0.00339596505303529,0.0028646051189263,0.00252453303593847,0.00232491963434216,0.00199629834157116,0.00189490752408804,0.00176962055147785,0.0017234938853203,0.00156015569563586,0.00141632777848328,0.00113263150493467,0.00125993856430879,0.00125309889124996,0.00111427259050085,0.00108451178534553,0.000942720403465923,0.000719014111962631,0.000546702048044231,0.000664361504949924,0.000198230088702078,0.000469772991018143,0.00021504710355848,4.53310130457051e-05,-8.52363380622993e-05,0.00028612458960663,-0.000142545703061808,2.81877254545167e-05,1.4255951506739e-05,-0.000151180734731657,-5.79036494092125e-05,-6.15686119801545e-05,0.000147620248775544,7.84768817445242e-06,5.19547188411108e-05,0.000111639914705347,0.000169750165747884,5.90427367768564e-05,1.55442012188408e-06,-6.58925190711311e-05,-0.000139644604686659,0.000145007103818344,4.18172470966871e-05
0.00205065070990953,0.00210064796833041,0.00222710284357546,0.00225092644316913,0.00225592176787405,0.00233516846726635,0.00211840907143247,0.00231269441521949,0.00258021921728388,0.00253667305001037,0.00293110927130399,0.00262398521499639,0.00305460991543375,0.00312094372360203,0.00297832879679411,0.00367064371210834,0.00359340246335976,0.00393171283486639,0.00395343459636904,0.00429514255443966,0.00475420125359664,0.00521985295896054,0.00578871234627617,0.00622836213232386,0.00664747367173083,0.00732991894909186,0.00780777525252864,0.00847557151818555,0.00936571397216424,0.0099551156126503,0.0105356169179438,0.0113744190303314,0.0120251856540838,0.0124226992576113,0.0128564040176753,0.0134507798362105,0.0134735773468282,0.0139013148531858,0.0139738051806385,0.0136393325312499,0.0137596154810676,0.01374660460743,0.0138509063798392,0.0137492691217195,0.0137776293701048,0.0134604680305939,0.0135602200886589,0.013634547013899,0.0135936061879747,0.0134897155781938,0.0136694034166737,0.0132976400683521,0.0133327459917644,0.0130903285537089,0.0130218029864129,0.0131391320800434,0.013140071198448,0.0128175091799462,0.01271953067793,0.0127741406375505,0.0123917218518637,0.0119280300425516,0.0121252717317113,0.0116417976989608,0.0114618298233819,0.0112151408221371,0.0108176066945167,0.0102185029048569,0.00956260113417719,0.00929739368963045,0.00843675367259595,0.00787058709227207,0.00732632715036187,0.00673266605098957,0.00587442989937293,0.00559902482777063,0.00480725928839653,0.00394121938656493,0.0036947328822521,0.00323132538426785,0.00279331902044,0.00215250769367497,0.00185740051731237,0.00195179655622809,0.00184221731230991,0.00173994732371769,0.0014708724286941,0.00156115313116175,0.00144868710872321,0.00124901929154773,0.00104965268888371,0.00102979637185111,0.000985861467987004,0.000647604561372154,0.000953440315338846,0.000718036274746748,0.000393245567714834,0.000370633072487813,0.000572685908363062,0.000256605402792131,0.000196572696881858,0.000110443452536548,3.41573283551072e-05,-0.000178799087022262,-0.000104575887286339,-0.000116658034315239,-5.95135896594092e-05,9.5782494520927e-05,2.00471188200497e-05,-8.53546564426367e-05,-7.1147242719687e-05,5.01853175953026e-05,-0.000228795515562764,-0.000305594614148256,-0.000146952769909046,2.90114504020239e-05,-4.37214194368454e-06,-4.66597189399846e-05,-1.6617424398982e-05,8.84325838896529e-05,0.00017177090981853
0.00190945747699452,0.00208012848418688,0.00191193202017622,0.00181621650349972,0.00229753711846241,0.00196782362046427,0.00231641808605467,0.00201940554063163,0.00249047582855902,0.00219376572976638,0.00240022174838076,0.00260762023257194,0.00280856244147861,0.0026214092105649,0.00291653572848844,0.00286189440107945,0.00346616892769689,0.00341760988272912,0.0037573999725657,0.00419190803003702,0.00434124925415567,0.0046439069504002,0.00498997143067388,0.0056523899702997,0.00609577876372154,0.00675347256773316,0.00701960413265422,0.00772381171182547,0.00844003724767463,0.00914279891837728,0.00971823923965816,0.0103345731767959,0.0107289859211908,0.0112341930715479,0.0121294599205686,0.0119801994732771,0.0124578975185545,0.0127474954928723,0.0125226778145135,0.0127517517048975,0.0125598272128949,0.0126596879173258,0.0127165358931393,0.0125359041246655,0.0125766385098311,0.0128646949106442,0.0126182231355627,0.0126233449046147,0.0124647021846399,0.0125121218567401,0.0121396156314352,0.0123156266210839,0.012242338535172,0.0122202929796351,0.0120582633014543,0.012135140824794,0.0117904128312792,0.0117822936953484,0.0119371828787446,0.011665411100683,0.0115130932489381,0.0112847441008163,0.0112922384519637,0.0108298776563478,0.010287190519563,0.0103635290415867,0.00974770998282361,0.00941670917563221,0.00885701178120282,0.00874482527642255,0.00790836743397339,0.00748545660899778,0.00669437105400714,0.00615007669807767,0.005597678252361,0.00512479769113978,0.00402372608980701,0.00393027265818548,0.00331934546507754,0.00293667037980117,0.00244667354891175,0.0021539347049856,0.00218712977101006,0.00163007077615851,0.00169210223822179,0.00148927492545104,0.00142551721312746,0.00132986688934313,0.00128442712147984,0.0012768904025329,0.000831360725570106,0.000919679832341572,0.000774983385596901,0.000691643922504533,0.00094550231696357,0.000566377386097554,0.000283248729702616,0.00054461705631548,-4.08718633406163e-05,0.000102488561462904,0.000374779325860761,7.80538895314393e-05,0.00016215014051514,-0.000254965668560248,6.33447674514381e-05,-7.36462244806281e-05,-0.000115904478257564,-9.14950026151055e-05,4.96115140081235e-05,-8.52963241921132e-05,-0.000160877816677449,0.000132619899399709,-0.00011277914333475,6.17527352094392e-05,-6.40489415994101e-06,0.000191142468132168,1.92965309476101e-05,8.09177661024323e-05,1.00546912194731e-05,-0.000137136809233717,-0.000230944258761155
0.00200966764915043,0.00184567764722619,0.0020206017359928,0.00185949769011977,0.0019988383281451,0.00211779846535335,0.00179231539339648,0.00204177370464312,0.00210140402065922,0.00239105345588113,0.0022739002697998,0.00225787933101291,0.00261143231822771,0.00264057074006942,0.00266263250705885,0.00278145079688047,0.00296426795548744,0.00325444264680731,0.00329604926902597,0.00346421759488834,0.00389547791804106,0.00415786865941745,0.00460042148894667,0.00504315415882421,0.00547915003413503,0.00604549645216938,0.00639309205715433,0.00674778248483464,0.00742478491440607,0.0082989190284454,0.00872100431432376,0.00914490852288445,0.00967221327528444,0.0102387273047881,0.0105290479746101,0.0109911176849807,0.0112039400698198,0.0114101176224568,0.0114968659076625,0.0112989732707784,0.0115595034175195,0.0115793912855582,0.0115541122657695,0.0115218008140707,0.0114297375755768,0.0113359326467755,0.0113759726521875,0.0114166085768662,0.0112627255160135,0.0113047781127276,0.0113214205764163,0.0113464252841791,0.0111730121598597,0.011142182321389,0.0110383752913275,0.0110397507241317,0.0109638315939889,0.0106392324121718,0.0106801069945904,0.0106482596366583,0.0104783442931828,0.0101970386443984,0.010099130414078,0.00965259419068626,0.00938203094710254,0.00909531235703672,0.00875416112290318,0.00864882708069067,0.00823087293942398,0.00758468730975942,0.00723141062135409,0.00678272148092438,0.00589153137185606,0.00580838147170518,0.00501248868042007,0.00458870507636513,0.00417106836785903,0.00385840789785048,0.00293420716131726,0.00257582597439977,0.00223774058176096,0.00192041103667294,0.0018031303507241,0.00153750329539689,0.00149488424477526,0.00157150474115282,0.0012169110100752,0.00158374366908923,0.00104545105140121,0.00119204624510967,0.00121945419167304,0.000881208028218679,0.000907491098437886,0.000440559917254796,0.000806488551410064,0.000532759974779737,0.000373796141364243,0.000240395966608094,2.03414655816664e-05,0.000182524220318002,7.62663161244246e-05,9.79651016553173e-06,-5.41519752688903e-05,0.000232903384537718,4.81191001158296e-05,2.52245689873442e-05,0.000140894310604078,6.50742400131928e-05,6.56651663642576e-05,-0.000152248185937704,2.06645574044185e-05,7.41742278499656e-05,0.000121429938814573,2.01428358955405e-05,-0.00026227713686458,-0.00017798230539072,-0.000201902053942914,-5.62812680630489e-05,8.63642480463243e-05,-0.000126865938713749,0.000165438602185995
0.00190271678908497,0.00171866936377023,0.0019145212247914,0.0017783884436567,0.00167358110196257,0.00185441307225276,0.00200053699263458,0.00170061433878979,0.00178732825842292,0.00184677374948238,0.00223747032317386,0.00229184855690944,0.00237224988020424,0.00219489803971121,0.00237469369827725,0.00237445479518452,0.00285322491643147,0.00305275790125596,0.00300335179382494,0.00328827664657776,0.00358086236055182,0.00366098442952996,0.00394210486241325,0.004449120605623,0.00499464025638646,0.00538453306798145,0.00569932826399143,0.00620504784700682,0.00659829837421156,0.00705541598875025,0.00743261631086923,0.00828945895649999,0.00851410269823759,0.00900509687860683,0.0093913794791756,0.00979270682727087,0.00977250013318326,0.00998419384053867,0.0101429457472038,0.010274595858993,0.0105417802817745,0.0103616245599123,0.0104730595671321,0.0103243352872377,0.010299629509199,0.0102784959162791,0.0101020399423946,0.010509281390013,0.0100067724976921,0.0101957343082319,0.0101768960089129,0.0100426034435704,0.0100950099827917,0.00994230286804435,0.0101346002155167,0.00991923258942882,0.00980313960077559,0.00964041084492522,0.00955753921683802,0.00945387832578055,0.00928820053198919,0.00905153844046265,0.00891823255871082,0.00880049987971027,0.00877470221501726,0.00823273723345831,0.00821666865406525,0.00765880323855973,0.00729052782735268,0.00687992617445766,0.00652972577858055,0.00633674573479842,0.00556369210802874,0.00511556795187589,0.00453583962749095,0.00397161984594708,0.00377526729673773,0.00318362471973018,0.0027297007320116,0.00245865402318915,0.00219132378796936,0.00189354890221268,0.00162537368130318,0.00145701988099847,0.00114066766211995,0.00121237724878414,0.00116612110216365,0.00121629106357509,0.00115744092886522,0.00102931928745074,0.000527432190513076,0.000905610311051098,0.000659351135017575,0.000452206134064526,0.000696531015356463,0.000473692625852954,0.000509838936259685,0.000248983616713601,0.00046457864843109,0.000197500061437652,-0.000117684985418567,0.000195550747796828,-2.44051925836129e-05,0.000152262405543174,-5.51220888198849e-05,0.000119279885077973,-0.000242443431903754,-5.89744096083525e-05,6.2635744479835e-05,3.77562735192115e-06,0.000131855369496686,0.000231995741687281,-5.44603720165217e-05,-9.6195754179992e-05,-0.000298546392016644,-0.000116295863483889,0.000365209000844122,-7.30652863271464e-05,-0.000201833938063783,6.75025767615595e-05,-0.000152789709589435
0.00136304277450438,0.0013689669408642,0.00174103487142806,0.00151388323109162,0.00144272061537682,0.00154025934737813,0.00163236675434011,0.00156177922479707,0.0018157461050443,0.00184680180922727,0.00161643552761338,0.00167873632078575,0.00195104885142497,0.00218861570647845,0.00237868847110116,0.00242565479423575,0.00209401738431016,0.00237239662962992,0.00268024875072822,0.00268014428944618,0.00306764658599137,0.00345767011933426,0.00359813241677731,0.00375409969271582,0.00404032856949192,0.00452661597003334,0.00501909718441231,0.00549856551429637,0.00565539789269542,0.00618995768118762,0.00664599243371234,0.00701376168295973,0.00722391212408137,0.00801015652035605,0.00817453044365337,0.00874169013358565,0.00889792146098217,0.00901877089637598,0.0092007943913572,0.00921195508941074,0.00903770842025619,0.00914600538315639,0.00913424651168262,0.00912618475209114,0.00906974457338534,0.00907744812512099,0.00883134209770116,0.00886058606228569,0.00882067428773685,0.00910023347641905,0.00904919727577059,0.00914040218725144,0.00909034831228363,0.00890778037911668,0.00889055977835897,0.00921165927624055,0.00898319607197632,0.00871621785127847,0.008354930509729,0.00857668864117553,0.00851286312163194,0.00824393071597976,0.00831380950626926,0.00767275538217009,0.00757845010621754,0.00757480008613815,0.00710484743814012,0.00685792581549952,0.00643193895547289,0.00599010400670754,0.00596299262579274,0.00532184843244152,0.00496748794004957,0.00466614910395483,0.00396669302006863,0.00354091260352645,0.00304631544089601,0.00296015266510711,0.0026067434999502,0.00200445199657204,0.00194135761086263,0.00170918935551686,0.00146125890578935,0.00118625605869699,0.00115474656966095,0.000990206833409921,0.000897820371166005,0.000965644910202187,0.00116438145133117,0.000836873650044052,0.000835638068210121,0.000843189918584463,0.000630197917404131,0.000563245549076387,0.000505830527783711,0.000309842930609094,0.000220085267999126,0.000296043657340511,0.000110560902082823,0.000276884026647047,-0.000120944617488447,-2.86711183717697e-05,0.000380576603485398,5.38558361179251e-05,1.47421105644495e-05,0.000176357767286516,2.22892416589797e-05,6.92539806873613e-05,0.000139782637444466,-0.000153919150493328,-0.000165367223589205,-0.000230515676064127,0.000224338374571469,-1.07092527657089e-05,-0.000213099138589775,-0.000153951253258752,0.000107533913309276,0.000179756527965938,-0.000179826552311493,8.53226993025988e-05,-0.000146422259714686
0.00114908383176563,0.00139598933633885,0.00129498042212242,0.00142304931124798,0.00138611428874586,0.00137439433586599,0.00136397137419393,0.00143064405828333,0.00144613158688676,0.00148481273985587,0.00182994261934969,0.00181418924218805,0.0018284468283955,0.00168086391907107,0.00171460062679002,0.00198498778611933,0.00198399577808849,0.00222602590455741,0.00231532866818134,0.00231484989184945,0.00268980744384623,0.00293348212360173,0.00289506783783288,0.00340621394390466,0.00362433180638126,0.003777179963499,0.00405189920337544,0.00454176011137359,0.00495199547179473,0.00517957447584729,0.00560286281204542,0.00600561214074501,0.00616762253790429,0.00656184875963486,0.00694785841899207,0.00705007516714569,0.00754834416498849,0.00752734149369405,0.00776413528850116,0.00776711119924648,0.00788696819181748,0.00793843444984192,0.00807259004979371,0.00790629933485943,0.00807327588898777,0.0081415301270896,0.00804759648660815,0.00814441414163608,0.00788711248000989,0.00789516278087351,0.00790379450580003,0.00784705759286864,0.00797338485579923,0.00764699212212832,0.0079612453646162,0.0079033291423394,0.00761863605832236,0.00758134299449376,0.00742065172679755,0.00751300510345784,0.00733230825931804,0.00715960717931604,0.00721526319395438,0.00675010879445613,0.00654497116288139,0.00667022314565627,0.00621875201763416,0.00605831583273135,0.00558732869908059,0.00565973607396311,0.00513131332892716,0.00468246151807654,0.00460366583834365,0.00390886780508266,0.0037030142765711,0.00305148080372067,0.00265729476016184,0.00243985651713968,0.00211899298110075,0.00181167291613403,0.00146694631485227,0.0014500911991241,0.0012357236605578,0.00111582363372777,0.00104494451891905,0.00119617308848859,0.000635173064639087,0.000891968311336296,0.00069702684527197,0.000459592015199074,0.000670603925566691,0.000721636310402586,0.000382899434053772,0.000530933875428454,0.000417521720449578,0.000227770384786257,0.000522150218933631,0.000402404155204179,0.000233184954816518,9.23941101947014e-06,-3.2534878309183e-05,0.000358348685540995,-0.000157757621846181,1.74152349152059e-05,-4.49191490839171e-05,1.4294832173347e-05,4.91464009714616e-05,-2.94715958043873e-05,2.39583221336168e-05,-5.75651044491774e-05,9.41312606379963e-05,-9.16208685739142e-06,-0.000105692083365319,5.88292639808348e-05,-3.74193376874262e-05,0.00017974489917068,-3.88486874097015e-06,-2.7274216276353e-05,-9.51095104315613e-05,-0.000195483360235068,0.00014937438981719
0.00131526282357574,0.00121156999092822,0.00121098496171532,0.00147861339586502,0.0015252692652802,0.00134446104291123,0.001558092156006,0.00140982374597596,0.00146148636573799,0.0016115652753362,0.0013771895164121,0.00132055071175575,0.00163099177229077,0.00172006899149652,0.00171289809449591,0.00166883122867696,0.00139759830416902,0.00148765304420415,0.00194640332844149,0.00188359382031039,0.00231165611144231,0.00226001306264681,0.00261182271923029,0.00267747215149596,0.00296762456583242,0.00320785517486499,0.00343684710684905,0.00372287912317319,0.00369505292827859,0.00453740000510156,0.00452923519600591,0.00489818725977991,0.00514507182071757,0.00567314228137681,0.00591252465510144,0.00610105502781807,0.00653363203426332,0.00644033099753329,0.00657116700541186,0.00662547624311165,0.00701686809925121,0.00689078653722923,0.00678204654738454,0.0067369189246435,0.00679163722103187,0.00687639108546293,0.00688257353250027,0.0068603779589731,0.00680340498672822,0.00702488860819694,0.00679587578409009,0.00671367124476542,0.00656846240283242,0.00672895474429342,0.00650683320534672,0.00667998344658298,0.00631558314145418,0.00639390374734396,0.00626204709767848,0.00616642236465712,0.00607064359425522,0.00610883956734616,0.00611433713712845,0.0058268293127024,0.00570999879889642,0.00556685443512555,0.00515501296910479,0.00531686185127476,0.00491754949366731,0.00490348835813854,0.00434107791933665,0.00373843751282298,0.00351038534840188,0.00358123512320343,0.00321901618461328,0.00279697240389368,0.00253989862296054,0.00224908463555109,0.00203345762297518,0.00167283371548503,0.0015046574602103,0.00102287445363736,0.000764608971390871,0.00103607857935107,0.000990243030177999,0.000903229428363391,0.000584799113477478,0.000722148506066808,0.000727743145392276,0.000558582003748641,0.000411620277822915,0.000570186747889101,0.00036575964254351,0.000407367417776587,0.000547962723706387,0.000162658581472028,0.000153740724725558,0.000225675017924046,0.000409029767081025,-4.60661878028681e-05,0.000187449486961495,0.000237790638876493,-2.63074515478268e-07,-3.63733855248778e-05,-6.07582956595122e-05,0.000142358294584039,0.000224359650613653,8.77935275725764e-05,0.000207743043445934,0.00017653857520041,0.000231512549887264,9.31759560587144e-05,0.000117619785823851,0.000330298310302929,-7.34236266230825e-06,3.06923205517834e-06,0.0001969904186453,-0.000226350427625837,9.3671782230195e-05,5.22877450464829e-05,9.61193107794051e-06
0.0011318184182959,0.00131972229978969,0.00102976989007853,0.00125644673438195,0.0013531139366408,0.00102209397798945,0.00136152783837884,0.00133929169384627,0.0010828776462184,0.0012778526896624,0.00131574435813608,0.00135175472631057,0.00101960471858028,0.00133266249081812,0.0012047230027406,0.00156360083215868,0.00139594428279578,0.00136372546863499,0.00185616564145979,0.00196110209474661,0.00166836361073377,0.00222860090795285,0.00205996306963927,0.00224362323672188,0.00233611175328493,0.00215392638164963,0.00276697221932933,0.002832975142011,0.00305017709625111,0.00326191298509738,0.0033590687534597,0.00386903567764275,0.0040321317123464,0.00432798093786606,0.0047241805067405,0.00511508675994742,0.00503005791740437,0.00510662355830452,0.00513951937695874,0.00565186035560875,0.00557853524607153,0.00562327456862801,0.00541899097101078,0.00555496171254264,0.00585611485345562,0.00582061326664885,0.00573470740117067,0.00581093875213547,0.00568642682808964,0.00553721443320556,0.00568072598759505,0.00563087621603202,0.0056301782211954,0.00569489788744059,0.00554807292790487,0.00584950455749022,0.00525031598622026,0.0054856775115132,0.00541994437302862,0.00509669103822626,0.00515838762963105,0.00506906138738666,0.00498952163445216,0.00474391280344661,0.00468135523476159,0.00487298339659652,0.00457995067633175,0.0044122939658315,0.00399413519470024,0.00372632131634632,0.0036624800270713,0.0034267423241855,0.00307041786282731,0.00291096914776403,0.00277091486970968,0.00226880190456635,0.00197591239373685,0.00180653195309598,0.00134579724091386,0.00144943145574665,0.00112861763632891,0.000918742554559214,0.00102636302100144,0.000764417859465629,0.000926236921644797,0.000742662655224932,0.000757659203421854,0.000552636621631466,0.00042266835305097,0.000731094870852738,0.000650945607703993,0.000609818286281129,0.000475984324183419,0.00049894166933091,0.000579650248046786,0.000371649634142858,0.000126152699471903,0.000155015416829059,0.000205323326677938,0.000153557791702629,0.000261881633425283,0.000110829335388845,-0.000119330583251951,0.000130392346394187,0.000524319043478158,7.26499253240428e-05,-0.000131971529374707,0.000133656395816428,2.86924278922582e-05,0.000343560904135801,-0.000156333578071398,-8.8347962330806e-05,8.48462840976257e-05,0.000172901828211385,-6.86473275503481e-05,-9.37861934811214e-05,-5.62065263151746e-05,-2.18772422270714e-05,-0.000214574287533441,-0.000343187389637763,-3.60724359853522e-05
0.000987905576844763,0.000921524348574519,0.0010510677748476,0.0010143552550815,0.00119541370604044,0.0011561776381374,0.00103087455083549,0.00120657446908845,0.00116871222769126,0.00101874103622778,0.00111282497340443,0.00102432663133208,0.00142363395066453,0.00117173653656166,0.0011133815966474,0.00103863428960386,0.00129179346567473,0.00126000412457356,0.00121013513645361,0.0012800715545311,0.00138742151901606,0.00163121550635279,0.00150114063479881,0.0015830622037439,0.00168836144518012,0.00173282344416101,0.00184579362237882,0.00204825793120846,0.00213037397931259,0.00224963004873243,0.00256074615280417,0.00287649826789323,0.00311831745346463,0.00327202807625175,0.00357865830705382,0.00330363288331718,0.00379213384742796,0.00411731854470354,0.00427350838016298,0.00414189544971734,0.00461911726481081,0.00456751032643713,0.00459136904236661,0.00451108210663666,0.00458073416252944,0.00479999536308056,0.00471279599611038,0.00450493355066067,0.0044734005998,0.0046823740604135,0.00474246590654875,0.00451281890298754,0.00459854570856872,0.00462017246999354,0.0047142717372997,0.00453747371264113,0.00422533351835771,0.0044067609260153,0.00461679086318176,0.00415411483200975,0.00414967436338869,0.00406128766896798,0.00414536607780025,0.003845340472687,0.0035920418175303,0.00369663246892737,0.00359282806982205,0.00347575993524401,0.0033181261563114,0.00318145321937609,0.00286351832610293,0.0026990192047558,0.00244903292023851,0.00254685282538694,0.00197702123743297,0.00185048075187883,0.0016037623732524,0.00153299207717209,0.00115351175103078,0.000850912352966149,0.00103963351390285,0.000676382543323243,0.000864936046966509,0.000455735326750417,0.000719015062296229,0.000644709467168433,0.000459337091848949,0.000470574812737684,0.000585488207020874,0.000221113201674471,0.000427680178591555,0.000196531447800159,0.00059615969760409,0.000512621544353267,0.000257915875831417,0.000280958891593752,6.61861462903676e-05,-0.000145772705925941,-0.00011159353162584,-0.000107553152369019,7.61662893871183e-05,0.000178371334011799,0.000258384249148597,2.18033729914448e-05,-0.000140206910216818,0.000157402186550306,-2.64518468940887e-05,-1.88088976161113e-06,4.5346137617024e-05,-0.000129110732141078,-8.818468118179e-05,-7.8209934096159e-05,-0.000160070678591276,-0.000117579477532749,0.000371938176643271,-2.39457115329643e-05,0.000245975778385309,2.69821904833512e-06,3.65184017939595e-05,-3.06702922392654e-06,9.0060745616599e-05
0.000801146806041807,0.00100120305524404,0.00107474805194242,0.00112374113985112,0.00101078115169485,0.0005903468076612,0.000745832614594715,0.00111673048576598,0.000612865066972468,0.000940191274786454,0.000947596052809649,0.00104487873905147,0.00111597207640138,0.000996050509724473,0.00109579675336567,0.000951175478217719,0.00109615737088704,0.00084285772876187,0.00108565095166176,0.000761061706637891,0.000792007466657404,0.000791469943856996,0.000830863699617465,0.00102206839711302,0.000987379784597262,0.00116856251665081,0.000987314978385491,0.00104634680716412,0.00116896882517662,0.00119044565388674,0.00141980790710351,0.00166142381085291,0.00160299316513625,0.00211934811759415,0.00213573280592149,0.00258120144873618,0.00245389459988471,0.00307173294635678,0.0028888115660541,0.00339267155278369,0.00344738943127668,0.00354405458149682,0.00347089717345531,0.00352773208958383,0.0034882150728255,0.00365084120440817,0.00340299792361266,0.00353871526732062,0.00375972706466731,0.00337015351001624,0.00345462415748396,0.00351142343907607,0.00353155770050064,0.00326052247193044,0.00324770826087897,0.00331864283621763,0.00336290432567201,0.00323293248011331,0.00321478397707838,0.00330335422365549,0.00305687179003979,0.00326395254778659,0.00306891075801125,0.00297394684749919,0.00289663331650503,0.00278013999986683,0.00262886714923823,0.00249621231419852,0.00254942854687282,0.00236855244652299,0.00215800604434026,0.0018991877964858,0.00179881822250641,0.00187001273545339,0.0017413419995301,0.00152717972036135,0.00155320845837268,0.00111264271061485,0.00105869479083762,0.000632185267540758,0.000668309554735877,0.000710676018005664,0.000362755515660428,0.000588548736457296,0.000649617946946842,0.000448971008429157,0.000396862205236807,0.000272867896856047,0.000453832770432225,0.000366993727729856,0.000488657437879868,0.00020734314785833,0.000203161770211515,0.000137209246861246,9.73081630944463e-05,0.000301295857984301,5.74983210296138e-05,0.0002012990806999,0.000148419944372615,-0.000105999920078529,0.000286001288443233,-0.000181302747101201,-3.97610937930435e-05,0.000231860833392118,0.000192105326804781,0.000109825714929506,-0.000388717750674303,8.14439061956982e-05,0.000468511901108025,5.10694925260733e-05,5.69551659080941e-05,-0.000147964082992662,5.81777974409279e-05,-0.000147551311814212,-2.22953304687939e-06,-5.3774165993746e-05,0.000115625580423428,-2.98448101471972e-05,-1.77124639408067e-05,-1.33001120702383e-05,3.34953520826316e-05
0.000742192765719593,0.000914404215260203,0.000791895049002732,0.000434457954809666,0.000791430640981768,0.00068480417925913,0.000697128985981201,0.000684900480713289,0.000652082561507244,0.000844757416883732,0.000856347214131419,0.000698131027153868,0.000705498247706843,0.000542031769135299,0.000705139240179821,0.000481303405446139,0.000471441372122403,0.00047872443739836,0.000477363299434316,0.000444333393431967,0.000572875973153083,0.000637026603729905,0.000407910630106272,0.000492532875916272,0.000576007871378631,0.000223260719154948,0.000329117518599785,0.000389287075762415,0.000581769763296605,0.000516326193711018,0.000575353636135273,0.00052751282096356,0.000687051549433433,0.000683011380243214,0.0010519521395504,0.000845361734588616,0.00170786071526748,0.00157892412167237,0.0018487893439125,0.00201720205174873,0.00211559681558926,0.00210781067283839,0.00217674540934388,0.00266719799558742,0.00244377032485915,0.00232824942742465,0.0024110951910154,0.00238814402036633,0.00247309672442736,0.00248400095417079,0.00232273411701872,0.00243205537406798,0.00223380464865057,0.00250971568966553,0.00244102275751271,0.00225772264219817,0.00264033757468235,0.00217468174325818,0.00222093326352294,0.00228531032532979,0.00219888339768384,0.00230936470124899,0.00218375534907306,0.00212382503009177,0.00179384449145996,0.0019231350539544,0.00182059568660278,0.00178200948654172,0.00208294318326466,0.00172177115583687,0.00145685639433574,0.00164365211020396,0.0011999380242542,0.00119439712961658,0.000971110996083252,0.00102544043776118,0.000957278806128939,0.000728537483890465,0.000636539570506436,0.000606839276521105,0.000651064836874993,0.000608223946042739,0.000226679967610505,0.000226419542675019,0.000254748638260754,0.000480260245982638,0.000296312695541854,0.000330062759432813,0.000308058948429156,0.000168286629748873,0.000136219411462488,0.000212245879514467,0.000116498042074593,0.000137858108787675,0.000337628564551736,3.73458718603188e-05,-0.000135120100884742,5.87292522812542e-05,-7.20937260084102e-05,-9.08759858073263e-05,0.000104584905730442,-0.000130766482114143,0.000192877340291561,6.58222013459771e-05,-4.52248914195916e-05,-4.6717071898923e-06,-1.32988530946921e-05,-4.43043234177685e-05,-6.85142262649287e-05,-1.30759780148469e-05,1.34213855431436e-06,6.47112183873283e-05,0.000204095509957758,-6.62112303426343e-05,-3.02844798154442e-05,2.42160152289517e-05,-4.49258963897272e-05,-1.30585742007677e-05,3.43167548835932e-05,-0.000107883860466502,-8.01789500510315e-05
0.000428760255011915,0.000561895600133506,0.000517231276036039,0.000508321182086048,0.000402513683533867,0.000730092397941642,0.000440959234408463,0.000380423578444651,0.000322461346030187,0.000536679415183333,0.000695842767961851,0.000742627723230007,0.000603925684731209,0.00027246918317527,0.00041174548323235,0.000434893415849926,0.000175153053195316,0.00018726855975028,-6.82585109213929e-05,0.0004582781010428,0.000288360493108301,0.000219163027848736,-7.16226003842674e-06,-7.85755968987188e-05,-8.97519798974227e-05,-0.000145691581847252,-0.000404755280783633,-0.000362419296385523,-0.000421781759763511,-0.000659530464238764,-0.000587744840666412,-0.0004472703205702,-0.000301775785942205,-0.000298917774215148,-0.000245768296465527,0.000162361325571058,0.000204695843792514,0.000521560435460195,0.000816952548098649,0.00104234851885342,0.00112686220161413,0.00120801921893385,0.00116450593256812,0.00134623037983685,0.00163457031664948,0.0013647711027882,0.0014498803822796,0.00135934057198207,0.00131422986239846,0.0014138098288433,0.00114392826951558,0.00154306065395381,0.00123813029654528,0.00135146729090948,0.00169977372931083,0.00147913476386877,0.00135031447135988,0.00128700291648994,0.0012666424609213,0.00120069954605096,0.00131292246507625,0.00123943122609065,0.00116746176335647,0.000965193497923323,0.001208670864572,0.00138947344408335,0.00103315795755714,0.00102856205709146,0.00102981143814966,0.000717272249847641,0.000894167738288326,0.000616370753271986,0.000717989792450622,0.000705398678835269,0.000567160484382865,0.000246994935438515,0.000463094283690682,0.000619832941174138,0.000276065773440104,0.000562646892739841,0.000482361756831935,0.000177430272265924,-5.13212366299497e-05,-2.16901753149521e-05,0.000132458723210425,9.81748457570365e-05,0.000229735923130148,-4.14206637431098e-05,9.22173539822331e-05,0.000206983953643096,9.11300343491593e-05,-0.000168643776160893,0.000110688262457632,0.00011033395726851,0.000121326781164787,6.39695396391707e-07,-0.000129753101682489,0.00017428626583602,-3.02740697335856e-05,0.000213029804463196,3.80720800966652e-05,0.000126774863931236,6.24749452642995e-05,2.50135753308288e-05,0.000117818275271861,-5.07878603553916e-05,-2.6823366518802e-05,-0.000100761164470268,0.000273084415863842,-0.00014861263794774,3.0042727528625e-05,-3.48090659119403e-05,0.000105416775607228,1.05710414270438e-05,0.000152666490413368,0.000232967919674365,-8.97888136119404e-06,-8.58179826128599e-05,0.000136654445104703,-2.83594703917946e-05,-9.66650238025713e-05
0.000386770820261907,0.000502565580765523,0.000507843064534917,0.000553538280441237,0.000573533218626161,0.000332369968490162,0.000549069871157552,0.000187804868065921,0.000446777283915134,9.84810362660113e-05,0.000378278809628805,3.92350790942741e-05,0.000290526228103652,0.000337901271016205,0.000117255055292342,7.84433494199834e-05,-1.33981657518146e-06,5.66717828059097e-05,-0.000154782183958044,-0.000442438219896167,-0.000455117109072645,-0.000331886707870926,-0.000681052188426849,-0.000404902155678307,-0.000709355483445993,-0.000971449490364735,-0.000977986221956115,-0.00117119241487545,-0.00116999346073247,-0.00148287722222579,-0.00139232058392342,-0.00157531203675996,-0.00128356512668238,-0.00133368327296847,-0.00117061807961038,-0.00113647912205033,-0.000725194097657549,-0.000574311832206453,-0.000318123506469884,-0.000218628888250074,-0.000177472568950917,0.000269971828504431,0.000158582046738958,7.14412315115973e-05,0.000403389201728542,0.000229488611037936,0.00040607527039342,0.000511126255639439,0.000393764438127002,0.000122124070560104,0.00044381078912875,0.000707704869295703,0.000306051902049175,0.00045191932948131,0.000453996602263161,0.000328423931236127,0.000372926522262545,0.000377055782123971,0.000374048409316721,0.000348684870591687,0.000140623513043196,0.000359335572961114,0.000196272753899022,0.000109240179565756,0.000181654388785546,0.000406412362969079,0.000511448222543208,0.000290554864344411,0.000221030694344946,0.00025483001477471,0.000176609788339284,0.00015052073846575,8.45382464710481e-05,-8.69231264701124e-05,2.72480304282426e-05,0.000148046915379461,0.000126528720697881,0.000159430912074636,0.000175035029333038,-3.24991224732271e-05,1.16627271927295e-05,0.000192345220507079,7.89144234589077e-05,8.91663963838617e-06,-7.57660859346475e-05,0.000114674198648551,1.509129764947e-05,-2.95687595450514e-05,8.80704985830749e-05,-1.63194117598565e-05,-9.23030305201301e-05,0.0002902235160113,-3.15972199337263e-05,-0.000355410218033128,3.52668603402748e-05,8.69192445776277e-06,-9.48324571780843e-05,2.90784286630627e-05,-6.77832813768882e-06,-1.64288505444094e-05,7.84496377224672e-05,-0.000108410616027822,3.98226932945518e-05,3.97414290749834e-05,9.98294758378585e-05,-0.000236021589740871,-0.00012623095942212,-7.0413758835248e-05,8.74842935461634e-05,-7.81780551077149e-05,-0.000155718931450318,6.58965957321308e-05,0.000386530102072829,-3.30768490859388e-05,-0.000150794743862893,-2.8513730570903e-05,-0.000301412779205396,3.53574735173464e-05,4.67852269292639e-05,6.8692894419023e-05,-1.06251953528736e-05
0.000513728216311707,0.00031675367053968,0.000458107978604993,0.000187907334168948,0.000412085663577246,-0.00015864144227847,0.000551137841396609,0.000122393977738304,0.000225378627130513,3.52340103421934e-05,8.29363970411969e-05,0.0002512385928114,-3.58009888269552e-06,0.00030016454092561,-0.000198786265734854,-0.000413204687626314,-0.000392869837764588,-0.000361034159886238,-0.000686660619895964,-0.000640440435712861,-0.000753911626998442,-0.000972738158461031,-0.00119468974173906,-0.00130870487312457,-0.00146050421482703,-0.00161962518886638,-0.00181986641575986,-0.00207065191123757,-0.00220751730212648,-0.00223413785293895,-0.00238578890983421,-0.00261956394169795,-0.00222447371300157,-0.00213831392517934,-0.00258745552034841,-0.00216501300035381,-0.00177855866353013,-0.00170466390695016,-0.00136611790889604,-0.00133900897998784,-0.000992936622289256,-0.000693313298246805,-0.000830845828629727,-0.000639067988045816,-0.000775349988539894,-0.000704744969103913,-0.000575889637172855,-0.000422841373968053,-0.000602501008886503,-0.000724049084512642,-0.000560317641373104,-0.000539699106700984,-0.00082950801917949,-0.000497566494903574,-0.000579914314057325,-0.000404075659373729,-0.00105273916658215,-0.000369944999358019,-0.000498141726732339,-0.000716882399480925,-0.000509253648861183,-0.000706446119520509,-0.000664665729489057,-0.000424816684615841,-0.000652265629003264,-0.000455988862510116,-0.000557768433441729,-0.000612333424002862,-0.000720067101997893,-0.000456055857092524,-0.000464504739924479,-0.000413194941920907,-0.00021584691491474,-0.000320335564866705,-0.000499510716182896,-0.00032518025338882,-0.000239984971753852,-0.000192426500199759,-0.000339196692609301,-0.000181423730115674,-0.000174985600927864,-0.000184976580075157,-0.000268670741136778,-0.000188804150747337,-0.00017433942722122,-0.000259226486329231,-7.8191505344826e-05,-0.000294228743966767,-5.56964818132799e-05,5.91388473553993e-07,-2.40619782300153e-05,2.513015404818e-05,-0.000100826584607107,-0.000199894352583347,4.36690963065036e-05,-0.000135928414107176,0.000250558269552759,-6.14668857955525e-05,-0.00013130186232699,-2.48513743354137e-05,-9.39217205347943e-05,-4.80720385164354e-05,0.000115306501600458,-0.000136950680504102,0.000162045495516891,-3.7056270226036e-05,-3.65342890599742e-05,0.00012470975458749,-0.000247483073463234,-1.32831994811272e-05,-4.70938055409748e-05,-2.79096747058455e-05,-8.18981863024991e-05,-0.000106817014753165,-4.18010377435503e-05,-9.80406929481779e-05,-5.71080663714581e-05,0.000126446636369543,-6.20755151969247e-05,-0.000287623852571057,7.06633861824361e-05
9.17836873205884e-05,7.79589397608629e-05,0.000522578235190753,9.89417026159379e-05,-8.86687687910626e-05,0.000325564725573875,4.20361016931933e-05,-0.000294771849058245,-9.59215359913604e-05,-0.000178229059170334,2.21069994008974e-05,-5.12098074792523e-05,-1.46815581695272e-05,-0.000247169535322642,-0.000323214560426917,-0.000116512600578584,-0.000657537229369968,-0.000629551629699884,-0.000706407253345902,-0.000781686379808745,-0.00108774294744843,-0.00132052344192976,-0.00183488671674846,-0.00181343077237467,-0.00169401394345205,-0.00220301141973104,-0.0025248070539071,-0.0024361660142465,-0.00287756166310603,-0.00330177214985728,-0.00327649694662837,-0.00332815704905604,-0.00347030510630503,-0.00344617818167771,-0.00322510950378684,-0.00311593998402937,-0.00310814641829596,-0.0027082847585858,-0.00252165599028062,-0.00219220700371954,-0.00194341176383877,-0.0017597932137832,-0.00174566250768335,-0.00196789961539413,-0.00136659622284354,-0.00188104623127126,-0.00171734354035584,-0.00170602097576476,-0.00165353607873441,-0.00156279178677296,-0.00144639315170426,-0.00149940030864819,-0.00173957589712901,-0.00166357428585955,-0.00161044656396579,-0.00139443535602343,-0.00149239386924549,-0.00137305017714482,-0.00151621721747877,-0.00146750548754035,-0.00170109182709097,-0.00177747796188962,-0.00139333666350872,-0.00150370785447262,-0.0013103946379603,-0.00144786186212564,-0.00123495146221467,-0.0011858677156308,-0.00136059225955572,-0.00108864823027845,-0.00116091904081139,-0.000889957731123626,-0.000957846630916063,-0.000682968165030048,-0.000842609873705142,-0.000877416494945116,-0.000619773107006613,-0.000503370890674621,-0.000417110355269327,-0.000308089954552496,-0.000506554278757426,-0.000231127990673958,-0.000185256321319935,-0.000181031214470223,-0.000354453498837117,-0.00026249878787349,-0.000236716335860772,-0.000124525894892817,-0.00040688991716135,-0.000165665903068913,-0.000101004607479364,-0.000105301031263081,-0.000369590249557453,-0.0001396086823702,-5.11691461325246e-05,-8.76575096477363e-05,0.000107060854564293,-0.000133257916578245,-0.00016926055274927,-5.07123138931912e-05,0.000101562526217556,-0.000103880178620098,-9.71629467614858e-06,-0.000173609516869355,-0.000123930134182732,0.000154105147003704,9.0046376758309e-05,-1.16541612155076e-05,-0.000149552669897539,-0.000145860850734671,0.000165034357531469,-6.54258840137685e-05,0.000150720656574627,0.000116649479336966,0.000205262449344931,-1.20065728437612e-05,0.000107258155536081,-0.000173324812967183,-0.000175144139933465,-0.000251354999232955,0.000142196833298043
-1.94809519370679e-05,5.74135549452463e-05,9.04212733734492e-05,-1.42726511332042e-05,-0.000248314476881453,-0.000100839510889681,-0.000169562906181554,-0.00018650565509078,-0.000152914265865648,-0.000245499740643856,-0.000176121767454645,-0.00025454849335446,-0.000690364948278764,-0.000571925728882212,-0.000757699854129929,-0.000631427850024599,-0.00110888292630509,-0.00104434799548085,-0.00118813861951332,-0.00144816565544353,-0.00156975934005317,-0.00155110462223815,-0.00219346471379895,-0.00236885065545438,-0.00241502473236977,-0.0028786641925809,-0.00303109105681738,-0.00338260866832017,-0.00366148557301293,-0.00401967650307222,-0.00417003674110528,-0.00430855611112934,-0.00442518056711142,-0.00425996555953896,-0.00423436352028201,-0.00422103158360533,-0.00397851394900486,-0.00362516045227622,-0.00355261940599205,-0.00317074596852949,-0.00285187695600647,-0.00291039611869942,-0.00271977872523973,-0.00291900383985852,-0.00251427919365215,-0.00249308525364851,-0.00256832240316,-0.00264876143023636,-0.0024467070990207,-0.00248004132711408,-0.00246925131014296,-0.00247076872145785,-0.00232317386590291,-0.00257241565610753,-0.00230653629594098,-0.00249307478964424,-0.00229774837317456,-0.00222513103417532,-0.00258107945188023,-0.00223282459852759,-0.00260358232829028,-0.00238426505778328,-0.00242693924041714,-0.00233328685136323,-0.00191561676182599,-0.00200219561483408,-0.00223910009356936,-0.00181803026206827,-0.00212610817015033,-0.00187272368216948,-0.00140615829603594,-0.00136077741184394,-0.00136222767244872,-0.00150556000289352,-0.00114144947140901,-0.000980902945743227,-0.000842264024423738,-0.000565281687385482,-0.000940955945377482,-0.00068308810156527,-0.000766275385142304,-0.000350609119533877,-0.000314689190323545,-0.000257535246807662,-0.000429762631321513,-0.000313672781524227,-0.00021332142755697,-0.000455080052009181,-0.00025054147869291,-0.000378590038405299,-0.00050549249961516,-4.64627008074132e-05,-0.000200739970848041,-0.000104886566803131,-0.000340651020557845,-8.84648264221559e-05,-0.00012295998701192,-0.000252684088556926,-0.000185475761771274,-0.000243508042253233,-0.000278471925981785,-8.91128783030907e-06,3.88340137951725e-05,0.000172097908224058,-0.000251725911157205,-0.000233305564601889,-0.000173077112089294,7.50609293886212e-05,3.46552162438713e-05,-0.000101011362894825,-0.000124340106884321,6.32229311577127e-05,-0.000131886797986239,0.000144027004032699,-0.00017542824040809,1.55487226356212e-05,-0.000298845245244635,-0.000164756158471039,0.000187768369482125,0.000281693729009421,0.000258703043596139
-0.000354915569668674,-8.96026076977769e-05,-6.73501053055554e-05,-8.1257598117685e-05,-0.000298562230990723,-0.000128112293178613,-0.000429033786698928,-0.000150861306947169,-0.000482611869855533,-0.000398253800804097,-0.000332508467821573,-0.000649148476144955,-0.00079023703945443,-0.00079043145435352,-0.00105356134309484,-0.000828806949569839,-0.000951516041042245,-0.00145482328450435,-0.00145808594357588,-0.00167144985019366,-0.00179899067656317,-0.00232960743944099,-0.00254507938097566,-0.00270852350682505,-0.00315989800000699,-0.00366017357024875,-0.00412208699826143,-0.0042467787830341,-0.0046889629252716,-0.00452642757105837,-0.00509574386027789,-0.00517610005631223,-0.00512138985544762,-0.00570343155660889,-0.00527704402303413,-0.00518470007736438,-0.00505442896099354,-0.00449195721872475,-0.00446698254605016,-0.00417078204097024,-0.00396680218986217,-0.0036186589633995,-0.00342206974689991,-0.00370767164891475,-0.00337792189448471,-0.00353387391165208,-0.00346186512588833,-0.00306536905730455,-0.00366613708416418,-0.00357384286599873,-0.00331630452958605,-0.0032470952886697,-0.00329645471227912,-0.00319933030249513,-0.00362118170081103,-0.0034383664238822,-0.00351345890431672,-0.00322926836749603,-0.00308895957858483,-0.00300623360276306,-0.00315319050424742,-0.00313748801836622,-0.00312468265887087,-0.00289654200810975,-0.00272277466593633,-0.00289139172991691,-0.00269431921653347,-0.00240600154533177,-0.00231492831969442,-0.00220280216906296,-0.00224700890658621,-0.00194642339410457,-0.00158624629349589,-0.00171336220383609,-0.0015812153379533,-0.00143610990346026,-0.00120112278797585,-0.00120386898298658,-0.000870690148899805,-0.000865335993548583,-0.000733813991143305,-0.000554588949734767,-0.000286906362265061,-0.000366261141307337,-0.000554322783383204,-0.000534205251013623,-0.000323529708854775,-0.00038285433634722,-0.000552616828156048,-0.000364372031777841,-0.00035936289685193,-0.000440099814100885,-0.000133885003551395,8.22774854133428e-06,-0.000222590367402134,-0.000128999517249869,-3.29063690948878e-05,-0.000124328104831359,-0.000108632083210912,-0.000228339994815574,-3.5327112259512e-05,-0.000200294236356918,-0.000211493437849246,3.91108219514975e-05,0.000218261484334371,-0.000102189809267628,-0.000244123146396126,-0.000157528129448872,5.29414980263701e-05,-7.91945589169685e-05,6.83254881716325e-05,-0.000280051775483026,-7.89006969995438e-05,-6.18385192362317e-05,0.000107635968541873,6.71231817572445e-05,0.000160357079454517,0.000141849990862126,-0.000192969763963194,-3.28131658091903e-05,0.000123133453724282
-0.000181062261659605,-0.000474094922392909,-0.000290962266113608,-9.56128787333997e-05,-0.000355179439431634,-0.000571167115423734,-0.000641451556267081,-0.00053678072445958,-0.000871866501409445,-0.000824347128318116,-0.000577850401703083,-0.000705282044944219,-0.000902001860330059,-0.000858232996740516,-0.00115893768283879,-0.00123097360059095,-0.00143891379388003,-0.00192869436811956,-0.00230729788240305,-0.00213557418594818,-0.00246967711737348,-0.00270327252436526,-0.00299544911579093,-0.00325809086564138,-0.00373957425131698,-0.00421339719478814,-0.00466403099355419,-0.00466508004826555,-0.00537222474107738,-0.00539866742383799,-0.00612223028714309,-0.00641476406630109,-0.00615012184933126,-0.00627280250408065,-0.00630452321494973,-0.0062605115410711,-0.00586256640522138,-0.0055988587617494,-0.00521329247516598,-0.00506725872396669,-0.00493188309092292,-0.00453435682450039,-0.0043476264011096,-0.00425920624673608,-0.00411110267288518,-0.00450000903531762,-0.00410612535537497,-0.00430698937028703,-0.00408345574517853,-0.00407080566118445,-0.00421643579137343,-0.00442554757550597,-0.00399925116612256,-0.004354522287355,-0.00443742752858603,-0.00394497073319055,-0.00393871343937682,-0.00394986507459863,-0.00407467102672234,-0.00409900694188002,-0.00392885803041444,-0.00358641393840895,-0.00382522033161051,-0.00355987066997082,-0.00364550555361373,-0.00348110750872381,-0.0032665442901684,-0.00315087074391827,-0.00307620920384494,-0.00267892043137205,-0.00287067462410904,-0.00249931132396472,-0.00245002122393658,-0.00218526778734034,-0.00187792794279528,-0.00167364716828287,-0.00144638911821324,-0.00109704719921626,-0.00125185013946619,-0.000928085416623752,-0.000695810727745785,-0.000950674700327576,-0.000524037730799597,-0.00079414945989296,-0.000728968811137523,-0.000474729971768242,-0.000478131329844948,-0.000454402064517852,-0.000394390849017448,-0.000322875199229506,-0.000502768319415785,-0.000319429821620857,-0.000323793500098244,-0.00027930323274089,-0.000232572997124269,-0.000267647160779085,3.02348897672582e-05,-0.000147582696433563,0.000185518268238536,-0.000144086335921343,-0.000238144982098491,3.49220473809739e-05,-0.000145557961841272,-0.00012067156799678,0.000234504359618394,-0.000104697888309645,4.19540692145436e-05,0.000172799871758406,7.41135701412739e-07,0.000217918347369995,9.39508147719943e-05,4.26380945477106e-05,-0.000185050190275789,-9.01289877044263e-05,0.000121290389319472,-3.38905401373842e-05,0.000148217594412716,-0.00021581919892371,4.08249206485999e-06,-4.41528154101699e-05,-0.000175298838505448
-0.000251885816592886,-0.000513565913335841,-0.000557881617440621,-0.000510055949552577,-0.000798926631751292,-0.000772682876094623,-0.000820276991375126,-0.000636334728258478,-0.00102727160180801,-0.00118670082429003,-0.00117253908058403,-0.00104330252934229,-0.00127187071117017,-0.00142117789588604,-0.00135630854440435,-0.00175473926977914,-0.00178474682639968,-0.00208095985031187,-0.00217243521404028,-0.00264705535261585,-0.00276008480729871,-0.00275670639426449,-0.00369190357381383,-0.00360587899760341,-0.00413501322232242,-0.00462770665532853,-0.00489283008815734,-0.00543844860690676,-0.00591999392300738,-0.00644884113511378,-0.00664165270151664,-0.00696532264131835,-0.00734684732430073,-0.00710828093008438,-0.00699194899830553,-0.00703998040272319,-0.00699577355381068,-0.00625975666008581,-0.00601704688325964,-0.00599075933708332,-0.00530983542115935,-0.00528275146178681,-0.00523640160355321,-0.00496956300934057,-0.00507573873373702,-0.00519335241152661,-0.00466987487957095,-0.00484397204294248,-0.00502078765156999,-0.00489755015020795,-0.0050611554390811,-0.0049222286195337,-0.00507530150652054,-0.00476188185763239,-0.0049077912392762,-0.00467655164780629,-0.00489925214487565,-0.00478062294090416,-0.00482638692827683,-0.0047097603710278,-0.00467894763221915,-0.00453709119435061,-0.00426954912153728,-0.00404452698726426,-0.00409577749532042,-0.00414845151334754,-0.00379983611262468,-0.00375300156293364,-0.00357112947424473,-0.00355345019388511,-0.00316503132139396,-0.00290163160392009,-0.00277155909657672,-0.00258214162087839,-0.00229238591812468,-0.0020420045869825,-0.00183085867190771,-0.0017096144338228,-0.00127465190776592,-0.00120963487240026,-0.000981437178792647,-0.000817060595614661,-0.000714011094590184,-0.000700986107516894,-0.000599215780379852,-0.000748654428680956,-0.000693956921511767,-0.000639130275412628,-0.000726579266321368,-0.000469650589789123,-0.000476033604162024,-0.00037407548489778,-0.000268975107691264,-0.000328199015283652,-0.000348532797085796,-0.000539211195037086,-0.000233926613020888,-0.00032446936801965,-2.89654182704123e-05,-3.82749445967076e-05,-0.000171878931951799,-0.000128692756066015,-2.68085225547487e-05,-0.000141097681368404,2.93930350299868e-05,-8.64195327283794e-05,5.00651205553252e-05,-7.24170124518078e-06,-5.17155425933275e-05,-0.000110644167072163,-0.000250637662407354,-9.91793496209487e-05,8.27140807436416e-05,5.10279467165124e-05,-7.47786971941248e-05,2.98125410198218e-05,-0.000127498239703377,-6.21819325080454e-05,0.00010763925168737,-9.5595033679892e-06,-1.67936256412366e-05
-0.000872023188781326,-0.00068884724576068,-0.000992096007819307,-0.00066532013051606,-0.000989648963569698,-0.000727892119668911,-0.00106089923076885,-0.00101097652354396,-0.00114804671056762,-0.00115380347614089,-0.00125681066217831,-0.00107646649463671,-0.00134029338991513,-0.00159215860648785,-0.0013757097476296,-0.00157835350171548,-0.00214743825878296,-0.0022045582928588,-0.00244620608776151,-0.00256492136324252,-0.00300454947234256,-0.00348522438548301,-0.00385094692147041,-0.00417107671121942,-0.00464859472828708,-0.00494705323800764,-0.0058690770355614,-0.00613645511351599,-0.00643744090736249,-0.00694164336667857,-0.00730180799097379,-0.00783505207528134,-0.00815965701576987,-0.00795259312504088,-0.00781821643112961,-0.00769075163437631,-0.00743565645808508,-0.00729167273736522,-0.00674008041334918,-0.00663650703391712,-0.00614080785200999,-0.00605204080030888,-0.00607539647982956,-0.00588422769648545,-0.00571497087150215,-0.00588775893642198,-0.00564475774249992,-0.00565725389384395,-0.00614894476370911,-0.00568622585603947,-0.00556141257207914,-0.0057961262653279,-0.00561794367840334,-0.00557075457635021,-0.00567429323647688,-0.00546169033514029,-0.0056348208037395,-0.00529504405746387,-0.00565886470437733,-0.00565015709703767,-0.00513482220643622,-0.00526318061513602,-0.00501971533758652,-0.00474709338872776,-0.005046555502596,-0.00463576146212483,-0.00447012086280047,-0.00451460932702223,-0.00427032233020446,-0.00392689878215418,-0.00347323324991251,-0.00317776444126519,-0.0030780185888535,-0.0029609813032101,-0.00269114471059217,-0.00226353302640624,-0.00206687217101017,-0.00185419199529749,-0.00141239430185239,-0.00137090731682969,-0.00119580841612588,-0.00111708809480273,-0.000807538676427935,-0.000893916079803072,-0.000783444336362043,-0.000658184014583563,-0.000923377227064334,-0.000576339930394706,-0.000721058298866133,-0.000711602355291643,-0.000361285881551638,-0.000628264598207543,-0.000561536359412641,-0.000510422199565952,-0.000497935046385666,-0.000290638165726889,-0.000354796306666322,-0.000101120011273217,0.000143140298320856,4.5455287463403e-05,0.000152118361478199,-0.000221564994722749,-7.39830574790005e-05,-2.11485851957901e-05,-3.06808736178377e-06,-7.95316681243359e-05,0.00016134045095337,7.23411534550374e-06,-0.000276931175364712,-0.000249260549180498,0.000194958548522029,1.30832254475421e-05,-7.48655801066532e-05,1.03816490696259e-05,0.000282041862439361,4.93112737523355e-05,1.97954659480809e-05,-0.000259183500499384,-0.00023265532451176,4.93696410943856e-06,-3.08340053223684e-05
-0.000782586163621095,-0.000798211460502111,-0.000703223448440083,-0.000943246005230277,-0.00100040553905822,-0.000926752947212714,-0.00109623292484481,-0.00115258941620299,-0.00115866107848255,-0.00156866573683655,-0.00142517262258242,-0.00154319508888279,-0.00165539003298164,-0.0015747736713597,-0.00200461735739576,-0.00213988931955013,-0.00245084429100663,-0.00279178676227652,-0.0029877015831892,-0.00292669575287788,-0.00357154454036922,-0.00406265461352123,-0.00401340692129598,-0.00455171401308273,-0.00498520346574534,-0.00559677868405933,-0.00630494830787674,-0.00646506432254651,-0.006944717334325,-0.00748407550548706,-0.00818927965315504,-0.00838969363082348,-0.00882665516897166,-0.00884083627739245,-0.00866989800117879,-0.00870258805775214,-0.00830354342778588,-0.00808969976918699,-0.0075197713647172,-0.00747678282866924,-0.00700070184868584,-0.00706797165280253,-0.00653677838835962,-0.00650332813750873,-0.00645215216685228,-0.00671356150024384,-0.00635975234022569,-0.00628403773691583,-0.00643892360270481,-0.00625768793060617,-0.00643496270136229,-0.00658744971105497,-0.00662435005143513,-0.00622321985407745,-0.00650757398550924,-0.00626684981340579,-0.00622293988131709,-0.00599588775260785,-0.00594031408976118,-0.005736101759413,-0.00609392798402757,-0.00590356296326304,-0.00592895017683852,-0.00552269134690899,-0.00547980886597416,-0.00521003479283198,-0.00512120093179587,-0.00472811906758492,-0.00451399206326509,-0.00469633699077847,-0.00424876014750909,-0.00396264231300014,-0.00347890644821005,-0.00317419878852439,-0.00264945691522391,-0.00253388950002444,-0.00232552330168521,-0.00203199204987425,-0.00182460398552754,-0.00158302759349618,-0.00131514903664892,-0.0011840758336111,-0.000959071761990854,-0.001082964115606,-0.000913124340869526,-0.000736121794334976,-0.000847361773872477,-0.000950621515886245,-0.000767609537611066,-0.000643122439279272,-0.000275705007368937,-0.000700533757684449,-0.000497928517538893,-0.00034678397952238,-0.000356519123761207,-0.000202089569403562,-0.000456501762638464,-0.000162188498251111,-0.00016767728595352,-0.000358318633198144,1.85359159941819e-05,7.80158964452017e-06,5.95454727856329e-05,4.15443863763747e-05,-1.98456407755941e-05,-1.93102919122849e-06,-0.000152499555985151,-0.000206672939696925,-0.000123427270735899,0.000142499673550379,-0.000144556422206743,-0.000117383969162275,6.07765620092394e-05,-1.67007396036194e-05,-0.000210817467473565,-7.2063170088845e-05,0.000161558780792244,-2.66546326837133e-05,-0.00010297965599392,2.86045032273969e-06,0.000107329229308451
-0.00102199199030367,-0.00104189386663761,-0.000901671679813057,-0.000802328112924584,-0.00117488893658949,-0.00115898178237448,-0.00099353608321027,-0.00130362688543711,-0.00127449787474725,-0.00169795252025798,-0.00140623712293421,-0.00163809741391977,-0.0017212482470984,-0.00190806686762581,-0.00199068886532024,-0.00228839536259641,-0.00244265845584843,-0.00301858428268603,-0.00315559612149589,-0.00345051695698258,-0.00370531499389822,-0.00431997544679986,-0.00475078608630005,-0.00505117198679625,-0.00579214035061629,-0.00609146312502302,-0.00669219792599787,-0.00729287241060813,-0.00782672885765048,-0.00834925022856248,-0.00881969598137081,-0.00922319039239163,-0.0093741748950715,-0.00962294354859685,-0.0096442092681768,-0.00928402635077605,-0.00945487169856315,-0.00872625199097588,-0.00824677852946842,-0.00806131609290697,-0.00782984581376578,-0.00745784862857378,-0.00711836556892629,-0.0071738144322343,-0.00695421682244453,-0.00725204683176398,-0.00728060260160896,-0.00704688197687352,-0.0070088839896508,-0.00699275339470195,-0.00715070994051104,-0.00725168816908536,-0.0072594109176079,-0.00709615228672356,-0.00703062775547642,-0.00707312707805933,-0.0066981613526281,-0.00682947313468016,-0.00692242498647984,-0.00662697800797585,-0.00654443195447081,-0.00642987802955777,-0.00625552673649489,-0.00602149903475782,-0.0059805648936335,-0.00578911774497239,-0.00546703717650406,-0.00544576546200774,-0.00500668327237321,-0.00525421492231142,-0.00460801514215389,-0.00433079039923591,-0.00399840192598313,-0.00376621253938505,-0.00341053308119175,-0.00263126731806668,-0.00245620254675741,-0.00224078986283324,-0.00181587439704828,-0.00174099253165207,-0.00139388943085142,-0.00130604251607696,-0.00110917174155925,-0.00107349589459093,-0.000881176476383045,-0.00100888527985263,-0.000701364665370124,-0.000995611041148665,-0.000747415706102673,-0.000840879390944252,-0.000652107285978435,-0.000620333191320978,-0.000657640932235149,-0.000387449276300294,-0.000396677592015265,-0.000296067086947689,-0.000426191747488217,-9.50382604682093e-05,-6.3625752373305e-05,-8.88240369650585e-05,-5.68440021609599e-06,0.000160995244494849,5.27796206241101e-05,-0.000107017502734476,0.000138902443712364,0.000229566654858977,0.000357093411448386,2.3179669386543e-05,-0.000143541871258562,5.5471817297632e-05,-0.000208914621312411,-9.91999036146093e-06,-5.79912210400593e-05,-8.04701773374654e-05,-8.63172597141239e-05,-3.55625919006502e-06,-0.000190420361523417,0.000127925776905144,4.80110437534294e-05,9.94456112702248e-05,1.6286593410437e-05
-0.000994249998615481,-0.0012890391067937,-0.00133158414121305,-0.00133112392790088,-0.00153083273174122,-0.0013201836919484,-0.0014715805580902,-0.00163925928142358,-0.00153823524145135,-0.00202335454870446,-0.00182148007917416,-0.00190479520549068,-0.00191393899091991,-0.00234786087653033,-0.0022029064808109,-0.00234796934628328,-0.00273294091762812,-0.00333839450852723,-0.00363718377097597,-0.00374493605636402,-0.00418085539989275,-0.00455052645934766,-0.00509861048457547,-0.00558900104176839,-0.00602887253615359,-0.00643744195672663,-0.00724148873741564,-0.00773524475395248,-0.00817312794319047,-0.00868275497440995,-0.00960297812293869,-0.00992855180782722,-0.00998208640162742,-0.00996005537081896,-0.0100937302183348,-0.0100139883758795,-0.00953945485882347,-0.00956968490151386,-0.0091066867920153,-0.00856168274326666,-0.00850390127152797,-0.00822587696250178,-0.00813884945584798,-0.00777235955102667,-0.00797617163661474,-0.00777943760378119,-0.00774786197302209,-0.00768383753530972,-0.00760211369336291,-0.00755355820520261,-0.00752856333748256,-0.00754953484472725,-0.00726469341316706,-0.00764376440804694,-0.00751449865516016,-0.00737283770370502,-0.00732140741809007,-0.00762130076021274,-0.00734948322798551,-0.00733685924453314,-0.00704176001670453,-0.00692229244104385,-0.00658742866288248,-0.00661861654479535,-0.00660004080759398,-0.00617135073553289,-0.00613549350693859,-0.00591294833840864,-0.00563125548962157,-0.00546974363897924,-0.00492917650384733,-0.00436274451780126,-0.00415535589251959,-0.00397265851277149,-0.00339436505028196,-0.0033599973896839,-0.00287461135691527,-0.00242761668891502,-0.00215819997196091,-0.00186606420555176,-0.00171315664439889,-0.00133615737673612,-0.00133531506321709,-0.00119675113570196,-0.00103416427940677,-0.00104812961039244,-0.000764618543999033,-0.000802560456099421,-0.000897961171181414,-0.000625549455909417,-0.000692920068631388,-0.000742134071596571,-0.000906665146115545,-0.000403286999548149,-0.000807338859371586,-0.000287637347992119,-0.000472929097925509,-0.000316272891452621,2.20366935921193e-05,-6.73235939531072e-05,-0.000101467585004366,-0.000116061816382596,-2.92128242842479e-05,0.000110655567960579,-0.000237376150332516,-4.84266331681541e-05,6.93154983287874e-05,0.000194613985329409,0.000220662224128415,5.15308004087594e-05,-0.000122712954312469,9.28892690126824e-05,-0.000172776942268871,-9.58451014641046e-05,0.000134068339943936,0.000108798363172284,-1.72433852778695e-05,-2.65283856450955e-05,3.20064562135498e-05,3.39482639425227e-05,-3.34795501621941e-06
-0.0011340972493359,-0.0014358160246304,-0.00120476094333358,-0.0016904532423211,-0.00136727909323166,-0.00139388773485898,-0.00161259930559059,-0.00158689916086428,-0.00162229887598031,-0.0017600919071252,-0.00202405164296208,-0.0021477241431186,-0.00222344606516225,-0.00244685682753514,-0.00269704311139607,-0.00263474307961499,-0.00312038942766006,-0.0032514232225826,-0.00376863575884311,-0.00409975811040686,-0.00428796875720679,-0.0049782626396494,-0.00529979807678658,-0.00586243178647373,-0.00644645547368998,-0.00694390156729806,-0.00780369147948603,-0.00813267938715801,-0.00866748831111844,-0.00951484695321023,-0.00967628949472234,-0.0106629395175848,-0.0104652781092516,-0.010982966677263,-0.010814075097934,-0.0108560829034689,-0.0104181988541125,-0.0101213610845751,-0.0100338286006229,-0.00939678450089796,-0.00901732927133913,-0.00894808973713475,-0.00856751082455326,-0.00853308813655383,-0.00854461508829536,-0.00843139646700945,-0.00838746848882515,-0.00834424421690046,-0.00829979476162492,-0.00822834518554198,-0.00830433676382934,-0.00793948883439697,-0.00810924801436744,-0.00817523794566544,-0.0079074661233451,-0.00829573806347216,-0.00794317369224585,-0.00778578200242947,-0.00782589403645555,-0.00777482622347424,-0.00756921738879624,-0.00743515808597076,-0.00737254857042145,-0.00687770909103059,-0.00726858279605799,-0.00640883506700593,-0.00668461680852552,-0.00652579343755145,-0.00618709284046226,-0.00599644704749549,-0.00538740693866027,-0.00505523557614354,-0.00480737518302301,-0.00425266956495726,-0.00375840347517932,-0.00330722015129344,-0.00294659794719422,-0.00265097120083684,-0.00215365887297608,-0.00196729891396319,-0.00195053397722787,-0.00124835175470954,-0.00132324125371459,-0.00100921424088574,-0.00109456320863592,-0.000949399854666001,-0.00109976994003232,-0.00110366558922433,-0.000980183586704489,-0.00083349062179422,-0.000472733892987389,-0.000685779319879746,-0.000503473291315015,-0.000517223386885843,-0.000670486456994642,-0.000530407657893196,-0.000374169453133203,-0.000426865612682898,-0.000326244379726553,-0.000389020476286738,0.000194758509054336,5.96128050106963e-05,-0.000407431030743362,-8.22371275094246e-06,-5.69788522691593e-05,4.28066312422114e-06,-0.00023575421952272,5.45464020114602e-05,0.000381642978300898,5.93222937961805e-06,5.84122332443788e-05,8.179869592588e-05,-0.000229176042285695,0.000204652061498498,2.69469743815529e-05,-0.000286549376717912,-2.77941049184568e-05,7.95731352441544e-06,9.42064923054167e-05,-0.00017819721977652,-8.9139692013517e-05
-0.00153560245493049,-0.00150796231785048,-0.00147256763990742,-0.00159959606045551,-0.00163357711413341,-0.00158006814023959,-0.00188940479285477,-0.00183059114745117,-0.00189455707652305,-0.00198887490379942,-0.00206874818971644,-0.00236705325433349,-0.00270774585447728,-0.00275073472823689,-0.0029244793754241,-0.00276432033532192,-0.00313742696232324,-0.00347024111197284,-0.00410582874628779,-0.00421895855413123,-0.00446284285128882,-0.00490087459480748,-0.00558191240609622,-0.00613151813374834,-0.00674367071971805,-0.00747434504531949,-0.00835391857526069,-0.00867596295244951,-0.00945684098811439,-0.00954451640243338,-0.0103815715293498,-0.0111680388005217,-0.0110747844712252,-0.0113735682925353,-0.0112998777470937,-0.0113842440730802,-0.0110734037552142,-0.0107816342689782,-0.0101712848885051,-0.00973099051261445,-0.00956319688511014,-0.00909270417458787,-0.00905748657163618,-0.00881066129847734,-0.00884875116077593,-0.00896743095426929,-0.00893641979546102,-0.0088688716664214,-0.00862586175669336,-0.00841748059576009,-0.00892859073896901,-0.00855807338217305,-0.00887197761493234,-0.008653644271155,-0.00881771104576268,-0.00859760601293262,-0.00833946206578184,-0.0082725009299666,-0.00839631169436455,-0.00797255545571988,-0.0082434478473698,-0.0079805112677336,-0.00779106940541314,-0.00750505177717285,-0.00754459645618242,-0.00728789347744478,-0.0069422168006803,-0.00663990777119732,-0.00642737979181862,-0.00624807513834018,-0.00583317413857897,-0.00535035691818985,-0.00486579062199283,-0.0042559758520935,-0.00389355527870921,-0.00354074277756754,-0.00302024371794365,-0.00298428890493711,-0.00242086633584348,-0.00231988278891311,-0.00198181002842261,-0.00174679734642685,-0.00141670888201773,-0.00118495248402994,-0.0012740272643259,-0.00100214533079653,-0.000942421830617387,-0.000971485216515647,-0.000872286671650333,-0.000785682131228797,-0.0006117920666068,-0.000750024063284525,-0.000811777204894364,-0.000311299089527433,-0.000422146330355356,-0.000419549709323177,-0.00033490332703982,-0.000387420346347852,-0.000136167414559155,-5.8519124361137e-05,-8.14088121892493e-05,-6.38001184555443e-05,3.72386746475059e-05,-0.000120855768534342,5.47500979754586e-05,-3.92897954074051e-06,-0.000128163453036882,-8.59259149909062e-05,6.08321541485688e-05,0.000151569012991341,7.57664172992225e-05,3.11911689715863e-05,3.98867132580719e-05,0.000112098770454324,3.94092135591334e-05,0.000123892479996691,-1.11312616938359e-05,-0.00019989234779112,6.60583893042311e-05,0.000141416622768825,4.41463724482171e-05
-0.00174306143856473,-0.00185702377736899,-0.00163494942143943,-0.00207618173530486,-0.00173449148816938,-0.00177584356314529,-0.00182510540074496,-0.0018246154351076,-0.00204716443896731,-0.00230463070487432,-0.00202267709178891,-0.00270493892229642,-0.00254922198221331,-0.00284837719194232,-0.0029949223270409,-0.00294567124709661,-0.00354117638313035,-0.00365283209445683,-0.00409554939581261,-0.00469639139008018,-0.00495709605263687,-0.00546989937564218,-0.00590068059985071,-0.00648899001513807,-0.00702096445531856,-0.0076054757943897,-0.00831692026318955,-0.00918237527140211,-0.00964530775225244,-0.0103207170856312,-0.0109022595772663,-0.0114503755787864,-0.0116814055117097,-0.0117448939534176,-0.0118607479848341,-0.0117725029324289,-0.0112618049479445,-0.0112610642552104,-0.0108347552101666,-0.0102721018182278,-0.0100503854747421,-0.00942654451319775,-0.00945402888835774,-0.00947171542265494,-0.00922264851506295,-0.00934580222868184,-0.00915581776574145,-0.0094548656489052,-0.00914846985628532,-0.00931367332292415,-0.00915089148439157,-0.00921181148240371,-0.0089905536536545,-0.00896347455825661,-0.0088810388337913,-0.00887934320455764,-0.00892973091860892,-0.00878555453780442,-0.00877744467363569,-0.0086428487982526,-0.00862137133295209,-0.00836812224611601,-0.00785947196680459,-0.00775182166177362,-0.00769022703137621,-0.00757858028939794,-0.00721872064613802,-0.00716231088495259,-0.00654214692307996,-0.00640311225207686,-0.00603224779152453,-0.00546179379280628,-0.00498148087660645,-0.00456619444165899,-0.00409694707627115,-0.00377386796823644,-0.00324125004028351,-0.00278087458189874,-0.00260559369892486,-0.00232929104411524,-0.00181924634064236,-0.00168147698168503,-0.00127581168205059,-0.00144874317209988,-0.0014618981373457,-0.000950413864503365,-0.00127073982693916,-0.00101594404935974,-0.000989452653437442,-0.000770530083294738,-0.000950728126701039,-0.000753505063219791,-0.000630441358685147,-0.000822077056326363,-0.00056912771276774,-0.00060474124114082,-0.000491042042891849,-0.000413920408091299,-4.75233356206751e-05,-0.000216079777192939,-7.40108042668075e-05,-0.000228197586043334,-8.78234879416619e-05,0.000157913079420787,-0.000145135551250066,-0.000170942603788798,0.000106276141261965,-0.000205767474570346,-9.04131907176692e-05,-9.91508615258301e-05,-2.55764464906121e-05,-0.00013350351701283,8.6446832339353e-05,-9.59565558788548e-06,6.89515261741551e-06,-5.53867134674993e-05,-1.99111180472946e-05,-6.93197030071861e-05,-0.00013884805260069,1.57146705739839e-05,0.000194125326266296
-0.00149685607421314,-0.00181482572097348,-0.00187618941041055,-0.00179416628174874,-0.00206650373260229,-0.00211996473908159,-0.00196472314539086,-0.00185207247177885,-0.00232205213188177,-0.00236780091572415,-0.00245672178540517,-0.00259599766390584,-0.00246871996612591,-0.0031019373144253,-0.0029391146006272,-0.00327589005956058,-0.00374795965676016,-0.0038640091296815,-0.00434211011067299,-0.004764290562919,-0.00546373844213896,-0.00581801351779138,-0.00634891812925063,-0.00671796765534525,-0.00731779250834336,-0.00809420999352002,-0.00902696590082452,-0.00941219221222903,-0.0103029522040703,-0.0108543541225136,-0.0112752887222862,-0.0119932580601784,-0.0122992360114128,-0.0122805226057224,-0.0125162982424251,-0.0123563366009145,-0.0118537917356139,-0.0113313661267472,-0.01128294192265,-0.0107876218788982,-0.0106064629653354,-0.0101375195488689,-0.00998804219012872,-0.0096994841965638,-0.00980486435342226,-0.00957687036312955,-0.00969365405491861,-0.00957077169272884,-0.00968473193836798,-0.00966020692877754,-0.00963212813902552,-0.00943753008160566,-0.00926212666408611,-0.00942185467750641,-0.00959878903812932,-0.00929198232484399,-0.00920515008407528,-0.00899504814456131,-0.00910994239640571,-0.00902521009812777,-0.00892086339464378,-0.00870364911683588,-0.00853079793332333,-0.00836423390554655,-0.00829154188528799,-0.00770118264602163,-0.00753475436397127,-0.00770207825841413,-0.00695251704332641,-0.00674611160135163,-0.00639527653519535,-0.00572728114519546,-0.00531381503665451,-0.00481808382026692,-0.00424661673063135,-0.00410247786517095,-0.0035594693296324,-0.00298243550176568,-0.00256574556706929,-0.00219174094347528,-0.0019035589886971,-0.00162044266704721,-0.00148901235037528,-0.0011938059042425,-0.001530925081803,-0.00120013300301009,-0.00120946793133215,-0.00119895250941713,-0.000921061333506156,-0.00091008076703328,-0.000993880125449228,-0.00096896631885123,-0.000851210081633568,-0.000593136722309224,-0.000615405615902805,-0.000121598421446963,-0.000289258590440596,-0.000249855856104571,-0.000194069535467194,-0.000381560452465508,-4.51598489935727e-05,8.51871232607759e-05,-1.11165696966064e-05,7.58966161929849e-05,-0.000119949208724231,0.000118719215524498,2.87732356049688e-05,0.000159809459862261,0.000314874991888241,8.97024412763741e-05,-0.000262445710723761,-7.46769593675613e-05,0.000279532177397341,0.000151410328986334,-0.000259325101266927,0.00024664172091168,-0.000188676594054142,-0.000210760383175313,0.000159871833022694,-0.000276640035037542,0.000232071241376893
-0.00189794764434989,-0.00176009530173303,-0.00185472396779284,-0.00208287717294991,-0.00197369541926344,-0.0020838575303457,-0.00214641178180426,-0.00243803585558746,-0.00218026526436731,-0.00243868060668412,-0.00238014440684817,-0.00288356068935421,-0.00308354855576887,-0.00309771533125155,-0.00330640221815482,-0.00371789699323145,-0.0041829016400966,-0.00431938544054534,-0.00461888796475239,-0.005026568910296,-0.00541884392797377,-0.00621003830257448,-0.00644362222966481,-0.00735443301913533,-0.00775051977526228,-0.00852434448986246,-0.00912922153461301,-0.00967992484438014,-0.0105169564789359,-0.0112627154996985,-0.0117680427611835,-0.0122332611854863,-0.012662845572771,-0.012806755117075,-0.0127782187874777,-0.0127392820682792,-0.0124289528057579,-0.0119682591607221,-0.0116202405849689,-0.0113085498501861,-0.0106883587459623,-0.0106839805671619,-0.010343621515865,-0.0103156375276908,-0.010020779829057,-0.0100137957980752,-0.0100084504308382,-0.00994195344304566,-0.00995366735179748,-0.0097750072592673,-0.0100145323214729,-0.0099253482959898,-0.00990451085598879,-0.00987143223504466,-0.00971343318202594,-0.00982206387753768,-0.0096644060823076,-0.00935180406220602,-0.00969403710414412,-0.00934510458408688,-0.00914587471022814,-0.00903888411603765,-0.00863317171707051,-0.0088107700567689,-0.00829875687163758,-0.00802747330455475,-0.00770612710224671,-0.00771653173173875,-0.00698041592058435,-0.00683999352242097,-0.00669649939416657,-0.00613208721531744,-0.00537726260148785,-0.00518611732420027,-0.0043990170997418,-0.00415969174949179,-0.00365947649019759,-0.00305586754514707,-0.00285776825188391,-0.00239795937251579,-0.00223155575102744,-0.00178191733319138,-0.00177256942415736,-0.00125776742399669,-0.00168398319973931,-0.00134694667915713,-0.00103115678761245,-0.00114651236418629,-0.00104961666570354,-0.00139086882636929,-0.00113096567683457,-0.00109938151761076,-0.000712412323514357,-0.000563089307987672,-0.000668631707087568,-0.000420126310809538,-0.000635281930506939,-0.000282308337732088,-0.00044688090956842,-0.000161646380003098,-9.8929325453222e-05,-0.00021831625721249,7.67327927662044e-06,1.60561756196449e-08,2.19649192352637e-05,-5.89727760414566e-05,3.42519204915518e-05,6.96113878935555e-05,-0.000237741627050648,-0.000274643507902171,0.000228427765897222,5.29126366886231e-05,-0.000132808422220256,6.19970366356567e-05,0.000201015086626664,0.000312048496947373,9.56382445968554e-05,1.61452810412635e-05,4.07183200396928e-06,-2.10099654403907e-05,-0.00015382455691699
-0.00236143501424874,-0.00219573707156937,-0.0018865967044213,-0.00213560787939852,-0.00191545017730602,-0.0018959501053912,-0.00221710886600852,-0.00220401829247344,-0.00250445640546109,-0.00254785784479015,-0.00267558464549591,-0.00276026102792647,-0.00305820491176694,-0.00311436676276587,-0.00367377371797551,-0.00384118584813841,-0.00410819696485505,-0.0044803053032283,-0.00494812050540802,-0.00516580211065354,-0.0057427363652199,-0.00604601452264821,-0.00678601476462117,-0.00726885031225038,-0.00817704181613315,-0.00857521296502314,-0.00944204243792305,-0.0101558224067057,-0.0108086207451386,-0.0113760995967867,-0.0122408476573101,-0.0126716143504911,-0.0128830966002143,-0.0131893650128857,-0.0129845998944152,-0.0130877656806199,-0.0128099735332802,-0.0123035067810508,-0.0119740407913479,-0.0115677907090741,-0.0110494923653968,-0.010699567493691,-0.0107234478087315,-0.0105477644639365,-0.0105926927951818,-0.0103300865932859,-0.0104768923924732,-0.0104022925517627,-0.0104651679651065,-0.0102935428992018,-0.0101078753225672,-0.0102834448402148,-0.0102661983219394,-0.010153474753315,-0.0102721315230023,-0.00986507074035298,-0.00982016612058836,-0.00995030054395264,-0.0098380296937148,-0.00942724975990927,-0.0096988789626886,-0.00923603336449074,-0.00919158386950858,-0.0089254018577737,-0.00877653294754931,-0.0082059401883568,-0.00848008326356839,-0.00797242349162934,-0.00730065742744329,-0.00705437932085968,-0.00673864527962644,-0.0059837201418154,-0.0054920318957688,-0.00540946132385943,-0.0046829660756951,-0.00422482893137961,-0.00362483842836322,-0.00312253585294541,-0.00274456073743378,-0.00232807833507178,-0.00246744382609204,-0.00181624800477059,-0.00167980168798269,-0.001415998528971,-0.00116432047968319,-0.00117663431533154,-0.00122280418949419,-0.00119698065226687,-0.00123341196673026,-0.000985444840879886,-0.000928532525807494,-0.00101682579291709,-0.000579796397754689,-0.000653061363903628,-0.000697249686354069,-0.000702786098019317,-0.000297765154803562,-0.000154235874932602,-0.000339944661639519,-0.000290754671342935,-0.000194632719287674,0.000287242093192209,-0.000157036264019352,0.000110202555651005,-2.326030927762e-05,-0.00014297514843047,-0.000339984291247708,5.6850307188395e-05,0.000137031172156937,7.35403333540322e-05,-0.00022196164191409,-0.000106177542520563,0.000184979698694396,1.04418327567043e-05,8.34596009003142e-05,-0.000191637937444736,-0.000140903105113269,-2.03483610503498e-05,-0.000119895843851766,-0.000234702659502035,-4.50685856870578e-05
-0.00191318398660871,-0.0019620264626998,-0.00204150685320657,-0.00230706475834044,-0.00233648481663676,-0.00230233332015384,-0.00255769725638084,-0.00234453658747306,-0.00267583110928214,-0.00275041482224213,-0.0027949941610004,-0.00306605788710585,-0.00314812955265045,-0.00332473184948843,-0.00367511327189465,-0.00373057981188114,-0.00409643825622347,-0.00437375073345608,-0.00487367657319658,-0.00539128293148282,-0.00590426778253085,-0.0063387730903883,-0.00690665273580447,-0.00769404118958571,-0.00819006236828361,-0.00879165670202528,-0.00995988610660059,-0.0106464151190839,-0.0111562999538438,-0.0117830601051389,-0.0123384219140991,-0.0130340329493734,-0.0134349384804717,-0.0137186041690852,-0.0134333421557257,-0.0134882802931075,-0.0131062448690424,-0.0126669880256276,-0.0121844661049042,-0.0118594037152069,-0.0115420656606302,-0.0109452299134722,-0.011132420675274,-0.0108365516679174,-0.0108439788423909,-0.0107836682689162,-0.0107736090022624,-0.0105772029771086,-0.0104363451140066,-0.0104780861839985,-0.0107596472917798,-0.0105058894078749,-0.0103982528657783,-0.0107296779364782,-0.0103419436242155,-0.0103854473330739,-0.0103282706700729,-0.0101669435771851,-0.0100365677092026,-0.00980058639248196,-0.00966472548536817,-0.00949355702976306,-0.00931285483964738,-0.00925096047273099,-0.0091061711320219,-0.00877734472903544,-0.008309929483592,-0.00792131666956367,-0.00782106912467329,-0.00734233895730088,-0.00649455560658593,-0.00616349803141554,-0.00601162768740017,-0.00513967841708732,-0.00492266831623409,-0.00443044518993886,-0.00373754958638625,-0.00344749738399448,-0.00281745408291454,-0.00277061659259679,-0.00207231601730257,-0.00196605960217235,-0.00163117787748093,-0.00151444418610235,-0.00155802276204194,-0.0017536303088426,-0.00111399113857394,-0.00105739645992047,-0.00114980867489953,-0.00104691204941674,-0.000871546190724095,-0.000883517054474871,-0.000583110728366351,-0.00102169276452525,-0.00069600345084288,-0.000415477218286513,-0.000469025094188403,-0.000379053864062329,-0.000384064425018689,-0.000248588084182396,-1.11180786172112e-05,-6.0410079742089e-06,4.56439693357236e-05,0.000184552797038425,-0.000141834703014832,-0.000224874660863882,0.000138774791933611,-1.42016762108327e-05,2.03281114003383e-05,8.69462042105339e-05,-0.000130041579425195,1.45570722196424e-05,6.53579922139289e-05,-0.000153661529535836,1.24388218643408e-05,8.47739818275599e-06,5.613322019293e-05,-8.70271541378403e-05,-0.00010003827941576,0.000182798727180792,1.87909732958903e-05
-0.00223023585515579,-0.00232578455605958,-0.00206884170506689,-0.00225344051152646,-0.00255728364792655,-0.00257869607625574,-0.00241023982127937,-0.00279988779768047,-0.00267315951717122,-0.00262806153303995,-0.00305154723265221,-0.00294716444488433,-0.00329329120048546,-0.00367710555794793,-0.00377996864140818,-0.00393826638085296,-0.00423378693719179,-0.00478121740237989,-0.00523192376005866,-0.00525514521687257,-0.00611062156181729,-0.00639299084337758,-0.00699138012121733,-0.00777647193057111,-0.0085467630703266,-0.00937735684038033,-0.00996799332968759,-0.0106594524440786,-0.011221009153532,-0.0120247961084813,-0.0123674002449255,-0.0133060498033068,-0.0135398180636077,-0.0138159641091878,-0.0138759795188839,-0.0136102946109898,-0.0133885282586314,-0.0130825524481872,-0.0125563810798845,-0.0121494476380616,-0.0116382090540163,-0.0113154194439874,-0.0112955993866581,-0.011017341418451,-0.0110419266189033,-0.01078173874878,-0.0110478635108935,-0.0110524753053302,-0.0107472345775434,-0.0109483480742204,-0.0107270727747148,-0.0109372375093733,-0.0107941059816267,-0.0105686152715507,-0.0106067785451365,-0.010414367307695,-0.0103334644473277,-0.0103521683645763,-0.0102345220403576,-0.0101750039407663,-0.00980015077081821,-0.00982845626418456,-0.00942201001253591,-0.00962492615660216,-0.00915894538863186,-0.00902542471666119,-0.00880198766091263,-0.00816851801943794,-0.00788265873190784,-0.00736558926463242,-0.00690178717108463,-0.00633369715814084,-0.00603901640392132,-0.00497131366689492,-0.00476210223498314,-0.0042652428961289,-0.0039572755661294,-0.00329203091954571,-0.00276769953502991,-0.00267474583498456,-0.00219864979600483,-0.00194587227377134,-0.00188892589382077,-0.00165558545055718,-0.00144967904331429,-0.00140904966372814,-0.00133892593079235,-0.00119488013121108,-0.00119169166997009,-0.000953739790606933,-0.000947825354579079,-0.000931886903201359,-0.00055849552031642,-0.00077474760716773,-0.00058843801738081,-0.000545424733043963,-0.000402127589513687,-9.87455822919384e-05,-0.000337861547155871,-0.000250407476314925,-0.000130579329927563,-0.000174774230645063,-1.63834083216263e-05,0.00012775025225272,0.000110624664498464,7.077349848656e-05,3.04534286376217e-05,-5.26463746283076e-05,-6.50638090687034e-05,-1.91075285390089e-05,-7.46022524920796e-05,0.00011089993751914,-3.87852721255461e-05,-6.07215910164817e-05,4.18279159822243e-07,1.84957834778157e-05,6.98076404958483e-05,-7.5350325453936e-05,4.78519542804493e-05,-0.000179807014139748,0.00015276661064445
-0.00211101491508028,-0.00234273995487751,-0.00216854583735496,-0.00238305198974507,-0.00249035431261963,-0.00259762148879614,-0.00261433866176267,-0.00259948757461638,-0.00314378848018951,-0.00292068034702855,-0.00331115304475285,-0.00333492265203677,-0.00346935993525105,-0.0037059609809396,-0.00403068072390591,-0.00433629010142197,-0.00430459938385985,-0.00458159387256303,-0.00490688534228785,-0.0056970963004005,-0.00630520283454799,-0.00669720224430413,-0.00718534430981044,-0.00776632654590619,-0.00878883995413912,-0.00918393640154,-0.00999660606418565,-0.0110349780451234,-0.0114856066641527,-0.0121945985812736,-0.0129740701461692,-0.0134500378339854,-0.013735999126384,-0.0140589544035552,-0.0140788585989612,-0.0139228261874971,-0.0137406819305218,-0.0131609089829436,-0.012985581256638,-0.012399722667455,-0.0119427273535789,-0.0114237222154186,-0.0115572893518195,-0.0110629935129003,-0.0110253519108667,-0.0108979658774788,-0.0111432024637949,-0.010989669665433,-0.011117744952998,-0.0112613605739537,-0.0108542568322888,-0.0110645611739788,-0.0108910586817242,-0.0109052182224523,-0.0109787013478139,-0.0105122961198649,-0.010468474129572,-0.0102174195529024,-0.0104276277210999,-0.0104073282274842,-0.0101872245945489,-0.00978864434864977,-0.00978671075586426,-0.00957688607380006,-0.00940092152912913,-0.00919787861626104,-0.00858929379207937,-0.00844968997228357,-0.00763209383170644,-0.00738832385606759,-0.00686012790876675,-0.00655317185440356,-0.0059289865772156,-0.0052685121004423,-0.00496519940710156,-0.00450021444826948,-0.00428341604763896,-0.00353047695336708,-0.00299081452096155,-0.0024020246689727,-0.00213361081769849,-0.00190795389624016,-0.00164650410805423,-0.0016626265793289,-0.00143291816126065,-0.0015312399934861,-0.00148004074834084,-0.00129529250898477,-0.00139897533791584,-0.000830318461774942,-0.00103369747555384,-0.000899579785826605,-0.000805766912264261,-0.00066950508032561,-0.000570176144953031,-0.000508445758951053,-0.000201464562060984,-0.000586474248132153,-0.000466351246725674,-0.000250044348269323,3.53653436745308e-05,-2.72836458473014e-05,-0.000371760003733368,-6.29605254823492e-05,-0.000196656402847109,-9.67137703032268e-05,0.000144163080244233,-1.20614222725986e-05,3.5264873970735e-05,0.000198897973318822,-6.90275611582945e-05,-0.000134808960249298,8.85438366570802e-05,5.55523619232198e-05,0.000293431225581992,-0.00014931117382537,-0.000268638995073447,-9.73726861506207e-05,-9.28946569208049e-05,0.000178361679587791,3.75677127821197e-05
-0.00243469114931979,-0.00240814428997757,-0.00250108809168097,-0.00252534396480222,-0.00232328465715396,-0.0024268351670534,-0.00262415421005423,-0.00263305796678959,-0.00294943501777475,-0.00316927799988908,-0.00318958698954342,-0.00336436882633008,-0.00370725826461636,-0.00373006220578049,-0.00386189609008473,-0.00429713829833869,-0.00451255606847194,-0.00486569374789821,-0.00511195340015125,-0.00595345719973086,-0.00634474979529959,-0.00666495443935748,-0.00730057189211769,-0.00805589125292235,-0.00891646501748048,-0.00962187545685948,-0.0104919179856096,-0.0108889169622528,-0.0119117378412017,-0.0124173173265899,-0.0132453383920101,-0.0136757598804039,-0.014031166493047,-0.0141252639350507,-0.0143005287963114,-0.0141581158494545,-0.0138955780001554,-0.013241932947478,-0.0127472346151536,-0.0124074057026355,-0.0121252892465596,-0.0118301733829846,-0.0116064603677253,-0.0113199672510676,-0.0111519189989236,-0.0112390140035406,-0.0112045802023182,-0.0110085667585634,-0.0112845635376491,-0.0112503903737424,-0.0111051254700661,-0.0109582038538441,-0.0112473708327551,-0.0106818915979156,-0.0109218992341833,-0.0106420687507516,-0.0108576688303747,-0.010772848531023,-0.0106606312745969,-0.0103537924935822,-0.0101163757483429,-0.0102730032688652,-0.00997816178296616,-0.00954619847875601,-0.00963065793157104,-0.00919942323222315,-0.00880028116339843,-0.00845010687858764,-0.00777010696035097,-0.00762708817714645,-0.00734976574640019,-0.00672118192128046,-0.0063056719009476,-0.00548406746428766,-0.00515610479078208,-0.00468971021736753,-0.00406262821143309,-0.00336279471540499,-0.00300887409099614,-0.00269161076662501,-0.00237300460985771,-0.00184672292131226,-0.00175029835680922,-0.0015361084226064,-0.00124514621313056,-0.00159191204954991,-0.00136015890106597,-0.00119192149860523,-0.00106901731762343,-0.00139126916457263,-0.000987894603950124,-0.000861771429053723,-0.000644945769439563,-0.000758226400248789,-0.000530021798298833,-0.000420805681205642,-0.000323788651478114,-0.000479118965590949,-0.000251699105041063,-0.000111188967946379,-0.000101459243999073,-6.94669673566972e-05,-8.60347835854753e-05,-0.0001182962750504,9.97279000196615e-05,-1.58696700070017e-05,0.000250326673063929,-3.03251843925035e-05,-0.00010844467399989,5.94384096802992e-05,-0.000139230756629136,-0.000204474657013692,1.64157027813891e-05,5.2739284445821e-07,7.38182793875168e-05,-0.000162666027285465,-1.53036347844289e-05,-0.000132170296428442,0.000139200026694883,-0.000198827814810889,0.000395297074795039
-0.00243818569305924,-0.00254515445658759,-0.00238457131424762,-0.00244774088803205,-0.00257098916088042,-0.00245362611621392,-0.00279592921252627,-0.00306289254359807,-0.00282266401117966,-0.00310254028439382,-0.00344747261220723,-0.00330497337058089,-0.00355543970197187,-0.0038051414624121,-0.00378854682243351,-0.00426720117253895,-0.0046217738976193,-0.00494873034782534,-0.00552295987810536,-0.00577188383916921,-0.00644986268584381,-0.00701879371231911,-0.00778382211323276,-0.00832932917093069,-0.0089308068426671,-0.00952520013247736,-0.0106598153499293,-0.0113098223967018,-0.0119107178505458,-0.0126109716174126,-0.0133598823394589,-0.0135442803300739,-0.0140437528248827,-0.0146071926894048,-0.0145040581568918,-0.014367378078091,-0.0140576075249697,-0.0135577719960061,-0.0131523787558082,-0.0128064735101466,-0.0122563578572311,-0.0118501736724408,-0.011761075976082,-0.0115688187079308,-0.0115442862424097,-0.0113798587550366,-0.0114556786256408,-0.0114966935656977,-0.0112923760981561,-0.0114824427783729,-0.0110896034472601,-0.0111301973448166,-0.0112240639872416,-0.0111625131421842,-0.0109764006766583,-0.0110500963712211,-0.010827991900844,-0.0109569179132701,-0.0109330881235955,-0.0106043595547841,-0.0105440728507009,-0.010359260329289,-0.0100954083340816,-0.00997611310291235,-0.00950548138065786,-0.00944465250293913,-0.0089670596596442,-0.00838934365243952,-0.00817967558223494,-0.00772074836177751,-0.00718679113468453,-0.0066111313115111,-0.00585429064181752,-0.00566072031402741,-0.00483529633376528,-0.00451774625822331,-0.00405212886491003,-0.00353063497279152,-0.00297571228776206,-0.00282944993911942,-0.0021220612131793,-0.00213488583252247,-0.00175486486626721,-0.00156159612893472,-0.00149093510796104,-0.0015708614068281,-0.0013706763134513,-0.00121357315558337,-0.00111506357956783,-0.00101253893896514,-0.00112970372943002,-0.00103340357830954,-0.000856250776805778,-0.000588551904324295,-0.000674085187980134,-0.000532486105882144,-0.000621305718158714,-0.000292112426533988,-8.58657627409051e-05,-0.00025831320460187,-0.000198720872924536,3.80095992752933e-05,-4.55759810865993e-05,4.39375736889349e-05,-7.43240394995437e-07,0.000113164122372422,-2.54104676220704e-05,-7.70808518318642e-05,0.000163050702720385,0.000126057418220489,0.000289897186856799,8.81400774924354e-05,0.000111847133046684,-6.7949635160896e-05,-0.000245446086459798,-0.000129478773419762,0.000100650194758114,0.000225206089081267,5.32462663949892e-05,-5.2935883833438e-05,6.31024927913875e-05
-0.00266767408546558,-0.00231001115401445,-0.00255667590458217,-0.00242638302185372,-0.00289883750581065,-0.00262142388544024,-0.00290304257423015,-0.00273663612832547,-0.00281565422971122,-0.0030598036315827,-0.00324703862566676,-0.00341635617044022,-0.00364973337092593,-0.00375545095874185,-0.00408551214729647,-0.00430916863272176,-0.0045620511144208,-0.00494773323044335,-0.00531376585377781,-0.00571692799523294,-0.00628830191529784,-0.00688544400496319,-0.00743936672256628,-0.0079165655170167,-0.00888080556980062,-0.00956515549655999,-0.0101092682579945,-0.0109381903969816,-0.0119843504058602,-0.0125852444715051,-0.0132927902433582,-0.0137726832593543,-0.013985289615285,-0.0145406960123161,-0.0146709549122935,-0.0141830000814766,-0.0138252478764177,-0.0137284790148231,-0.0133002875351293,-0.0127767680742764,-0.0122975663204177,-0.0118697336822021,-0.0117095342079803,-0.0118341197426661,-0.0114919179865013,-0.0115609895635349,-0.0113140026194907,-0.0115110599211169,-0.0115643761165744,-0.0112211918851862,-0.0115177396129448,-0.0113051714427356,-0.011212392355047,-0.0112839994705082,-0.0113085547718746,-0.0109593223072671,-0.0108785400394925,-0.0109406975462471,-0.0106341254008441,-0.0108096474638479,-0.010476827414968,-0.0102381393183191,-0.0102292113891888,-0.00964466382454354,-0.00983233349467142,-0.00928159912287411,-0.00921311707593707,-0.00853443420840182,-0.00798464294956391,-0.00776378617883277,-0.00744034247659772,-0.00679098539797733,-0.00642075672202219,-0.00552769650315985,-0.00511769791137834,-0.00462110046681609,-0.00402076963950182,-0.0033389889481138,-0.0032268697072909,-0.0028817082186222,-0.00230520097190551,-0.00200525785795613,-0.00196295414798026,-0.00187448161495215,-0.00145939905938601,-0.00143035323653096,-0.00128136442762956,-0.00113198702709598,-0.00122452041177745,-0.00128896255038538,-0.000965550983462832,-0.000824262280116471,-0.000823561061561244,-0.000644984909251989,-0.000723995140597347,-0.000297113914737308,-0.000691482610584345,-0.000288140764416648,-0.000728981481343871,-0.00035685460420834,1.8476308549911e-07,9.96052148168484e-05,5.03691273629818e-05,-0.0002573055861004,7.32235194425862e-05,-0.000148713378959067,0.000273841666607258,1.4610468064659e-05,0.000153661670817219,-2.86892424434765e-06,-6.68177845494784e-06,0.000141164526680925,6.41550916712133e-05,-0.000281346671895971,0.000116435202158277,4.5016181755768e-05,-8.23367987443747e-05,-0.000111231591150813,7.86691368633119e-05,-0.000165204101338572,-3.97408922802806e-06
-0.00260016863282819,-0.00267296130815657,-0.00230279918395231,-0.00252181887153386,-0.00273966165852751,-0.00300738119937322,-0.00285221887072067,-0.0027871584873982,-0.0029154295179341,-0.00283922992172246,-0.00324000973995619,-0.00330520189650026,-0.00363786398162723,-0.00384435958734442,-0.00380846601199295,-0.00429904520338629,-0.00440377431697812,-0.0050196784876577,-0.00539534564954588,-0.00618761240075972,-0.0064107393782853,-0.00689180553284704,-0.00733953245406236,-0.00812943350659473,-0.00886468867162165,-0.00953414610128974,-0.0104687338710154,-0.0112124384315165,-0.0120150944066101,-0.0127757998899655,-0.013328435373041,-0.0139700593917594,-0.0145200075459311,-0.0141815749523384,-0.0143280463255666,-0.0143409854958364,-0.0141805887320198,-0.0136747761960505,-0.0133799385458773,-0.0128502806833028,-0.0124424005812779,-0.0118360478311903,-0.0120575379724998,-0.0117741067855638,-0.0115643484031994,-0.0113205382607979,-0.0115683331061761,-0.0113441731468914,-0.0112060761080857,-0.0114745922362554,-0.0113890497447318,-0.0114614471394332,-0.0112378302390234,-0.0113578787501421,-0.0112235727767572,-0.0113074239692344,-0.0111175738642364,-0.0109551054939846,-0.0107863643548068,-0.0106529470900816,-0.0104133861512099,-0.0103152585303496,-0.0102518642177744,-0.0097884311800859,-0.0100279220855923,-0.00934570338946893,-0.00917836470788888,-0.00852021151555204,-0.00805000113410281,-0.00780210189578218,-0.00743422036283498,-0.0069337820018957,-0.00635880949062339,-0.00574085704635044,-0.00507786711850848,-0.00478019455624079,-0.00379959005106213,-0.00354725435857765,-0.00315611374293205,-0.00274592342443861,-0.00217652230674805,-0.00190909734932948,-0.00165989857191386,-0.00180230491170857,-0.00164874572131567,-0.00141745044176792,-0.0011326742093143,-0.00122310806497417,-0.000922912590056805,-0.000973504892397974,-0.000910409146693314,-0.000823805715324936,-0.000818739539060645,-0.000636389802670417,-0.000770610072403939,-0.000647165894353551,-0.000581049239899728,-0.000345957930939279,-0.000237554832171204,-0.000112291774113062,-0.000218828779414228,-0.000220166223333633,9.63248206346547e-05,-3.37227078378018e-05,-0.00017642138128775,7.02894136937684e-05,-0.000237587857823165,-6.62056906627515e-05,0.000137165304604234,-0.000166394967897926,0.000230133826466192,-9.66439589943352e-05,0.000165043238867051,0.000244521828467928,-9.76458257385891e-06,-0.000143117025794512,7.62967858726904e-05,0.000131410492426236,-5.03366118269177e-05,0.000230609458028235,1.81158857714451e-05
-0.00236334815581273,-0.00271492180297669,-0.00254351675664316,-0.00252260382009205,-0.00271880664745518,-0.00257751494806555,-0.00297747025226785,-0.00289552428484457,-0.00302014264003239,-0.00324711354207686,-0.00342739022411465,-0.00328629248896542,-0.00351595942461462,-0.00384569926715738,-0.00401786394529913,-0.00421658426108873,-0.00443450707479314,-0.00508429747298824,-0.00558412467458965,-0.00605525098722878,-0.00632908097282106,-0.00691454275287652,-0.00763696792770379,-0.0080863675118589,-0.00895427828029532,-0.00956147915450051,-0.0105660229319551,-0.0110990729055249,-0.0120894274409904,-0.0125661742589585,-0.0135972525006189,-0.0141403728802924,-0.0142464097112465,-0.0144451109366352,-0.01455100900185,-0.0144991917180898,-0.0139771535371474,-0.0136615726309979,-0.0130985581247491,-0.012701306918273,-0.0123223379358347,-0.0121337650663712,-0.0117104644199734,-0.0114642768528919,-0.0117443304374807,-0.0115729055899621,-0.011370046517163,-0.0115809252688023,-0.0116237980949519,-0.0113867644166762,-0.0113998111655403,-0.0114723574469345,-0.0111747589973421,-0.0111270207257248,-0.0110113782554774,-0.0109219096045183,-0.0108462012091922,-0.0110390179250991,-0.0109298765201951,-0.0109554910508089,-0.0106584371555108,-0.0103428836165885,-0.0101558269895342,-0.0098085593915682,-0.00956284976629922,-0.00969751999177632,-0.00899337554420946,-0.00863953876213749,-0.00842280376735543,-0.00816710402584254,-0.00709463777157841,-0.00678675867901059,-0.0061272260613144,-0.00600459349995415,-0.00531005093280026,-0.00450860859093762,-0.00393061459593197,-0.00351828175014087,-0.00311275243927843,-0.00253327927650105,-0.00232514401305987,-0.00211617165656626,-0.00150681305128644,-0.0016561681067586,-0.001404479382332,-0.00140047862214378,-0.00111052285417225,-0.00121873238973132,-0.00118317221811247,-0.00100978130653047,-0.000945144530274708,-0.000993708045574949,-0.000704227089778109,-0.000807307181606133,-0.000833649322186556,-0.000603865020527689,-0.000309606212471838,-0.000220325566437129,-0.000136528790637567,-0.000118092390873912,-0.00011356517603857,-0.000142422234888318,-0.000174820239134814,0.000116199456084946,-6.59335666615091e-05,7.68679778031183e-05,-0.000125236329073402,-2.44309862056994e-07,2.80311626281317e-05,-0.000176680100467337,-4.01773405505409e-05,-6.58535152721264e-05,4.40886343769129e-05,0.000107917524034564,-0.000162342958215163,-0.000173673916370401,-9.52902731511838e-06,0.000194399903566714,-0.000192654090790338,4.75394729575514e-05,-0.000163540915160154
-0.00250343141709601,-0.00244103949862816,-0.00250180923139207,-0.00247032883940215,-0.00259338169333953,-0.00286517238078761,-0.00280586017675241,-0.00309139177083675,-0.00302882753168162,-0.00301048982657481,-0.00332662044960692,-0.00341570194145206,-0.0036283400627662,-0.00371739382117384,-0.00414031189213815,-0.00420601449708112,-0.00444907806706741,-0.00508639669246645,-0.00538020858181925,-0.00599759209993832,-0.00627448980217273,-0.00720602422738332,-0.00748189851264075,-0.008024354746662,-0.00903679092697191,-0.00953931045602853,-0.0104380194207923,-0.0115039333679213,-0.0119221177707491,-0.0127058969137794,-0.0134464237408021,-0.0140155422991689,-0.0139768439682674,-0.0145707377222676,-0.0145120455799781,-0.0143124876718258,-0.0140377682325299,-0.0136431759257513,-0.0131265485205677,-0.0128342990211532,-0.0125435060018985,-0.0118622764938555,-0.0116101802783406,-0.0117903428422885,-0.0115118091248245,-0.0113457104625753,-0.0114794331340326,-0.0114387051075732,-0.0113541138009353,-0.0114345539494169,-0.0112770356391404,-0.0113575670508865,-0.0114804157575633,-0.0113626703911979,-0.0110536403976438,-0.0111293189605096,-0.0111389070624016,-0.0110430895154359,-0.0109059949027909,-0.0105014122471159,-0.0104801170613565,-0.0106084611892806,-0.0101487019767426,-0.00980108291026886,-0.00967926850236569,-0.00927579067982037,-0.0090853965048863,-0.00849658610433555,-0.00825712325531489,-0.00756378775453841,-0.00719637252942591,-0.00702594865656655,-0.00621161120994682,-0.00536877800331669,-0.00536783455609434,-0.00431506853935367,-0.00385321948030581,-0.00364141083986195,-0.00298896910547966,-0.00236987658827042,-0.00224254883633353,-0.00188322611217645,-0.00158949052191753,-0.00156056725825403,-0.00149347287772728,-0.00137309022945315,-0.00132892939017362,-0.00104112726408884,-0.0010001663364479,-0.00126749494636094,-0.00106662881783991,-0.00125172281622116,-0.000912605586923334,-0.000866569497380533,-0.000513153928109109,-0.000726366699053089,-0.000665670028946252,-0.00038849713932755,-0.000224379320440913,-0.000209460146814377,1.90581197878412e-05,-1.19498417608071e-05,-0.000117300352755352,-0.000136751682594432,0.000147913067210207,-0.00011968077013381,-9.10508440368657e-05,-0.000118320059265128,2.7293990113536e-05,-8.57397765505794e-05,0.00023371543852226,-0.000232225331534032,5.19558415895041e-05,-2.70834752850705e-05,-0.000125076327292095,1.41403721879045e-05,7.8491755170884e-05,0.000238269744301738,0.000139992208136196,0.000284597197843003,-9.49278005483953e-05
-0.00241317780634055,-0.00229201316668759,-0.00243662672099033,-0.00252057337691322,-0.00272018528787391,-0.00280443392223119,-0.00263411158697862,-0.00292182448004285,-0.00302921828123287,-0.00291922756332714,-0.00342885571311321,-0.00356725052289382,-0.00346893744172334,-0.0039383661580315,-0.00387948442910047,-0.00439268834328518,-0.00460333792322711,-0.00499890426145831,-0.00544679565300188,-0.00574219676817006,-0.00643434436327257,-0.00690039747306482,-0.00749962098908529,-0.00816872163678978,-0.00900054578372901,-0.00951899422451966,-0.0104651980114069,-0.0111061467772844,-0.0118641835901149,-0.0127065649085177,-0.0133281006372944,-0.0138438039459224,-0.014312250210716,-0.014606970863564,-0.0143682673906246,-0.0141582902954012,-0.0140394862495715,-0.0137204772943914,-0.0132931822123521,-0.012638241228991,-0.0121727071738668,-0.0118904147833249,-0.0118092345550467,-0.011651226369064,-0.0115207623062803,-0.0113720275541734,-0.0115672324423173,-0.0115687640456478,-0.0113257470178708,-0.0113065235177758,-0.0111909714149296,-0.0112957269085812,-0.0111855168188382,-0.0112386111462159,-0.0109835777121343,-0.0111352202693647,-0.0110033653906654,-0.01071088198339,-0.010909340079079,-0.0105737540307985,-0.0103761314628533,-0.0101665391570867,-0.0100471055814107,-0.00975893104516075,-0.00935507285167522,-0.00931630494842011,-0.00921712892845967,-0.00859862486239147,-0.00832191849403704,-0.00783548101703788,-0.00722470963754142,-0.00673216412463241,-0.00634711792551168,-0.005939757581972,-0.0053881399061564,-0.00455294917700619,-0.00375212838751626,-0.0035917818252018,-0.00321242522249963,-0.0024632192857989,-0.0022870938001742,-0.00187773595926074,-0.001720593855966,-0.00168128851534488,-0.00134640957430022,-0.00120062503276904,-0.00118127702316826,-0.00104891514238273,-0.00113761614666824,-0.000870219120837173,-0.00113073504541754,-0.000907956500811173,-0.000949614469028618,-0.000715212687877854,-0.000821989054841537,-0.000693736279241083,-0.00045384250269109,-0.000205454810927829,-0.00016471532540339,-0.000167749687331332,-2.86397296079274e-05,-0.000129213797514514,-0.000376590247563694,-9.5307258042591e-05,0.000102709635572374,0.000159125892432808,-0.000230476093402781,-0.000157728727082993,-8.67937455862394e-05,-3.04953923311871e-05,4.0553591442018e-05,2.60269175613392e-05,-6.14446501564723e-05,-0.000159790677780748,-4.15296766746009e-05,-5.82199690929301e-05,-9.72644843642906e-05,-0.000124508497721594,-0.000105249225843963,3.53738383890671e-05,0.000197553056774725
-0.002675989599121,-0.00256654249107311,-0.00282791366973002,-0.0028618550610897,-0.0026915977823318,-0.00262794116021979,-0.00292992143902933,-0.00289206528074695,-0.00264672228970156,-0.00287887365143179,-0.00294034716444412,-0.00308656339039176,-0.00358482422382861,-0.00376525616889536,-0.00388947561812253,-0.00411468717541552,-0.00457607852561411,-0.00498010815502335,-0.00543603278655969,-0.00558987901434653,-0.00612543375511594,-0.0067074002914832,-0.00744187032860758,-0.00804993387387428,-0.00872044129020542,-0.00943511997162084,-0.010257782268086,-0.0108464784323364,-0.0118013270521428,-0.0123907726639608,-0.0131220698458632,-0.0137533941604275,-0.0141440143657797,-0.0141126214201281,-0.01418633401403,-0.0142060292407546,-0.0138492589042374,-0.0131147937819251,-0.0128626594991946,-0.0124881288933591,-0.0122611958351414,-0.0119570967488493,-0.0117014516488664,-0.0115066689001783,-0.0112556434303153,-0.0114262077103913,-0.0113182260280638,-0.0113300945873107,-0.011567304263989,-0.01115764289752,-0.0112764174966387,-0.0109882372920798,-0.0112763140490879,-0.0110873026184372,-0.0111031525463533,-0.011051983666573,-0.010982703948801,-0.0108583531454859,-0.0107012993992642,-0.0105735939783312,-0.0103550676040763,-0.0101744782936259,-0.00991299251992601,-0.00973418072465476,-0.00965765476644512,-0.00929235101765892,-0.00895226528455888,-0.00862630514095181,-0.00820388206614258,-0.00771869724428054,-0.00704584336993026,-0.0066038874795578,-0.00635446008182839,-0.00576094126282375,-0.0050122157759253,-0.00438916287727214,-0.00398063265759556,-0.00336809070071781,-0.00282959433370785,-0.00237506579656506,-0.00214252842030749,-0.00185202797881835,-0.00173654272009906,-0.00166903435925965,-0.00122670316186722,-0.00121787729634415,-0.00115420587904441,-0.00105122572516612,-0.000818315488678574,-0.000918739154543088,-0.000775850319269505,-0.000476396967982009,-0.000972309244348706,-0.000762316261584502,-0.000457607156509922,-0.000565547050385357,-0.000537942539906317,-0.000290244845132552,-9.74713271056043e-05,-8.72752735191683e-05,-9.42826693816088e-05,-0.000265054231488339,-9.45526647028936e-05,-9.06151419386388e-06,4.8463209801217e-05,-8.30664069647914e-05,0.000190360122329023,0.00015635297434308,0.000188266393041903,4.65631685832274e-05,6.02220306966345e-05,-1.48507344617664e-05,-6.07713143363251e-05,-0.000245127179410008,9.82686827274436e-05,1.75562146014936e-05,-0.000106449523111134,0.000158024938356051,-6.05017062772556e-05,7.6190036811098e-05,-3.82084409925876e-05
-0.00254670517660829,-0.00245062182117027,-0.0022944950451868,-0.00253063212171398,-0.00260892062877169,-0.00264340690277234,-0.00247670663384293,-0.00275764260475793,-0.00279096095711405,-0.00308171437461198,-0.00303328680259563,-0.00311561519288439,-0.00324549322454773,-0.00362005307383463,-0.00378237749844117,-0.00407703149743718,-0.00457333818738305,-0.00449547392119908,-0.00516958391956049,-0.00576651463051147,-0.00622558644302348,-0.00646295444672188,-0.00709975179749436,-0.00756501553775456,-0.0085998181326947,-0.00923794661214442,-0.00989569397177095,-0.0108104287673831,-0.011836224702936,-0.012266476185985,-0.0125829835161717,-0.0133732290720275,-0.0137691500618175,-0.0143328043448508,-0.0137354722562708,-0.0135936749566312,-0.0136866682198068,-0.0133349886049472,-0.0129601335099513,-0.0124735691256284,-0.0121010399327744,-0.0118307157848761,-0.0113483763693206,-0.0116301241180504,-0.0115086528602984,-0.011676078157022,-0.0112473192728417,-0.0113040708655428,-0.0112727894516888,-0.0114491836247874,-0.0112295235951448,-0.011356594057391,-0.011025829650728,-0.0107018563732995,-0.0108075801847066,-0.0108375666103379,-0.0108283612899314,-0.0107683320121984,-0.0107043209641929,-0.0105134763034476,-0.0101045791542895,-0.0100414260289887,-0.0100256523963259,-0.00948871168426015,-0.00935381934972722,-0.00923308905266028,-0.00879699616666764,-0.00848851986644921,-0.00791753827693806,-0.00774380832336834,-0.00714436796075193,-0.00673899990840241,-0.00615931403598492,-0.0054978407483383,-0.00486941423039822,-0.0044715283012159,-0.00402658259886268,-0.00368602296881539,-0.00273912117239574,-0.00244427795230274,-0.00215161972363166,-0.00202229978747983,-0.0015593321293336,-0.0013983345161045,-0.00129049897622134,-0.00105003853359774,-0.00134891343440842,-0.00122590990904968,-0.000868172536512382,-0.00101216678844939,-0.000835314689014792,-0.000713207557537926,-0.000964009989250106,-0.000698623515595106,-0.00048015484539396,-0.000618280666200548,-0.000167644284583354,-0.000281094593748157,-0.00025952511619227,-0.000172873713726707,1.74431642924433e-05,0.000150547904449944,0.000142614341336041,0.000208117256792172,-4.85318048322571e-06,7.26582920879195e-05,-0.000105269520802948,2.95841637196393e-05,-2.2481750217809e-05,6.79064840511288e-05,1.17224311544365e-05,1.23163303967329e-05,-0.00031125830807942,-1.16563249399569e-05,0.000189362985186456,-0.00015072699123634,3.45942627097708e-05,0.000154986296084509,-0.000133630053408454,0.000194983587688852,1.90308317605819e-05
-0.00237530172736384,-0.00228442703597747,-0.00218028682038517,-0.00236979243379976,-0.00236467927606862,-0.00259112355251491,-0.00270545577251006,-0.00290837394757667,-0.00266872401308191,-0.00284938089440761,-0.0030103577043293,-0.00330753683024202,-0.00326879239479353,-0.0036031518436966,-0.0040001719131295,-0.00399413777436375,-0.004255500878946,-0.00487698297862892,-0.00503652721339642,-0.00554052026274802,-0.00594407435239189,-0.00665023071690672,-0.00721897948195285,-0.00773443023728462,-0.00882513633865695,-0.00907173262133057,-0.0101309436534059,-0.0106518760404417,-0.0114539027153053,-0.012053095362887,-0.0126584243652892,-0.0132202537108228,-0.0136130511475272,-0.0140844360716059,-0.0137805541173327,-0.0139668537664114,-0.013658983097566,-0.0129710272282211,-0.0126295275839783,-0.0123174702592126,-0.0121453967721797,-0.0116620236280023,-0.0114678995587721,-0.0112205332420514,-0.0111916744614071,-0.0111177896358832,-0.0110601759439873,-0.0113035631044948,-0.0110064311770736,-0.010954119595588,-0.0108631919287262,-0.0109269645467297,-0.0108919160198175,-0.0106058065879841,-0.0110503405071129,-0.0108167541702561,-0.0107734938274516,-0.0106932201251966,-0.0103783813119454,-0.0101541013979311,-0.00985385191313808,-0.00994887858163829,-0.009890176899428,-0.00958539815685596,-0.00923733370315807,-0.00908440934506784,-0.00903436935351234,-0.00835174107227112,-0.00812558402821558,-0.00743827305122516,-0.00712771776576079,-0.00636502006497937,-0.00561453970760177,-0.00551897055620333,-0.00480797334244578,-0.00456139060322927,-0.0037485329432977,-0.00336518543662167,-0.00310605790120241,-0.00251835806956993,-0.00223395812326181,-0.00167298791692966,-0.00172247780580588,-0.00135102192497675,-0.00120635565838797,-0.00126910929112001,-0.0011497092889998,-0.000997085561141049,-0.00115404385261298,-0.00116079825945164,-0.000922321900531052,-0.000884433519315904,-0.0010013347189017,-0.000706456514417822,-0.000426069371832854,-0.000587824697339519,-0.000587465837593014,-4.49568058923113e-05,-0.000387587566995385,-0.000194587443315513,-0.000170226484636344,-2.34962931844076e-05,3.61027640373989e-05,-8.18497147522478e-05,-0.000424444858221659,9.47537042017001e-05,0.000112284900066966,0.000230312898926265,-5.22218200913488e-05,-5.65039397115654e-05,1.6604158284831e-06,-4.82309485096195e-06,7.28591070901472e-05,3.09136291193527e-05,-0.000237793103959975,-0.000116710424657899,-0.000131048825630104,-9.21828114543604e-05,1.3878649860955e-05,4.76895152669506e-05,-0.000171151056776554
-0.00226691156194076,-0.00234131334603445,-0.00222779791722834,-0.00208593173060397,-0.00245544330064908,-0.00254160193698865,-0.00249625274425979,-0.00257218256588159,-0.00298770376932512,-0.00292374885773105,-0.00296684976989674,-0.00309934045200457,-0.00332808083933897,-0.00350918561393397,-0.00358127155133003,-0.00398914688630041,-0.00419663805953896,-0.00468505581793114,-0.00505477941064552,-0.00535922486429986,-0.00594248332199837,-0.00649307697329174,-0.00683564516016471,-0.00764099102053881,-0.00839599912175348,-0.00908228762081168,-0.00968180359714738,-0.0106137434140449,-0.011206769103598,-0.0121452506625318,-0.0124342655359434,-0.0130649535704082,-0.0134300495633333,-0.0135997240897358,-0.0137076246885437,-0.0134564365920709,-0.0135185133054434,-0.0131525583936696,-0.0123998017840455,-0.0119384493340739,-0.0117109586882244,-0.0113851260815401,-0.0112173575630922,-0.010994450363247,-0.0111772552165678,-0.0108963194450905,-0.0110547234548531,-0.01090422488717,-0.0110237642916013,-0.0110532497653534,-0.0109482020371174,-0.0106902164953383,-0.0108402494724097,-0.0106291098379949,-0.0103822233985372,-0.0105422734927336,-0.0105402669826299,-0.0104342459818101,-0.010111390649437,-0.0101810311837545,-0.0101944698795759,-0.00980437534601695,-0.00949544037765772,-0.00948317432662397,-0.00915916302802482,-0.00890957228738638,-0.00850540144817356,-0.00806132671274569,-0.00788532012395345,-0.00754732763910045,-0.00685244693057623,-0.00615988068328918,-0.00596359898321803,-0.00539885405686895,-0.00501589110092405,-0.00426135499302795,-0.00420164250105048,-0.00328676051543348,-0.00278051296583195,-0.00239773429592648,-0.00187460332635674,-0.00162321400710885,-0.00162846710604381,-0.00149665826479196,-0.00136431772690909,-0.00115790890675639,-0.00120291999119233,-0.000974827311410107,-0.000840219297128847,-0.000850941578074059,-0.00105783837244623,-0.000962820701949609,-0.000725029396181828,-0.000544103796759147,-0.000481833125205174,-0.000523552638638677,-0.000252977491170481,-0.00030082482880015,-0.000298037745814988,-0.00019926369969167,-8.29399903511966e-05,5.13754547164318e-05,-0.000204057344024976,-0.000120364064417182,0.000140924030445995,0.0001308571617188,-6.09822136781076e-05,5.88017580066681e-05,-0.000129083442814818,0.000188647774085172,0.000109187858492127,-0.000328324601967592,-5.93371768447089e-05,-0.000106576194920842,-5.54679704491509e-05,0.000147214533091103,-9.84155257369127e-05,-0.000123183086773498,-0.000127643260699582,0.000189117047628998,9.34528839613974e-05
-0.00222498682775402,-0.0023070519239138,-0.00217714966820431,-0.00214457475468962,-0.00244278669080966,-0.00234463062442126,-0.00235918983598332,-0.00265309102521146,-0.0027412201584709,-0.0026180903205202,-0.00293189047644433,-0.00310476295342852,-0.00302342751445838,-0.00324725178249863,-0.00363353231514395,-0.00420226985360284,-0.00425882707804296,-0.00443745515663452,-0.00493275138060345,-0.00515776115486068,-0.00579504615083263,-0.00607014229259872,-0.00701935363271857,-0.00735524898986833,-0.0083010155733366,-0.00877983443809929,-0.00944790980114497,-0.0103019297131152,-0.011015595474748,-0.0118761971275772,-0.0122865035506982,-0.0127960442548812,-0.0132307338674398,-0.0135426922721339,-0.0136247849845606,-0.0133091690114198,-0.013049013534886,-0.0129123921073451,-0.0124568791085608,-0.012008023968963,-0.0115187330320781,-0.0112512864204765,-0.0108355333054182,-0.0110389458096786,-0.0110043802654754,-0.0107934087747446,-0.0111132898579163,-0.0109837360658514,-0.0107510886453728,-0.0105992937749983,-0.0108860662579141,-0.0109638949665318,-0.0109706683173323,-0.0106101299315492,-0.0105235594781009,-0.0104494597960496,-0.0100894437265626,-0.0102101248104626,-0.010287642420172,-0.00990661930784026,-0.00979806768149288,-0.00985084266577007,-0.00962052703395774,-0.00929631449092851,-0.00916387669345463,-0.0086611701559844,-0.00850051306903336,-0.00826558077608472,-0.00776196963171091,-0.00734211759957542,-0.00696808615061678,-0.00628601501506951,-0.00618112698083926,-0.00546379205597696,-0.00499332345071562,-0.0041663258435444,-0.00348060489217729,-0.00313586496769446,-0.00282056550162081,-0.00223920963021666,-0.00167458587111918,-0.00192990460871351,-0.00133859143679827,-0.00115785632127414,-0.000992225686365006,-0.00111218966378565,-0.000949244439695156,-0.000860252524560199,-0.000798891457343485,-0.00100054188759339,-0.00111525541590562,-0.000578029739763302,-0.000592995047121481,-0.000557229413926384,-0.000739387306567974,-0.000341445982423891,-0.000135742740352268,-0.000329037291596624,-0.000307041272354848,-0.000233486509848673,-0.000152349540118068,-3.74765479734405e-05,-8.50335706692194e-05,-0.000215270946983663,2.71805433538895e-05,-0.000102505702871021,-0.000213143623021344,0.000108583572326592,-8.52271477921685e-05,8.6729814966101e-05,7.99718546535762e-05,-4.77244166033669e-05,8.06509541689526e-06,9.4050601605917e-05,6.30211597786205e-05,-0.000252982891847229,8.27116086911358e-05,7.1434472906176e-05,0.000198436366389625,-3.78878201337852e-05,-0.000213559292411926
-0.00218948161495503,-0.0019182855407609,-0.00231049913938191,-0.00208086403719176,-0.00249089261265597,-0.00218783967603206,-0.00241744103852969,-0.00229373805959003,-0.00256498097168972,-0.00285090642854782,-0.00260933519426459,-0.00321400734430969,-0.00303342546493126,-0.00348109475220348,-0.00345045900577339,-0.00361612679746984,-0.00400533419905472,-0.00434068935846234,-0.00460465268216944,-0.0053077899155718,-0.00567936521335021,-0.00629625410464413,-0.00674486497400056,-0.00733854433881514,-0.00774825736004443,-0.00866519084943438,-0.00950719310263129,-0.0101050758320313,-0.0107646660867823,-0.011437329783175,-0.0119603679525962,-0.0123096251471251,-0.0129496592106215,-0.0129321228342441,-0.0131350236442826,-0.013125877284848,-0.0131069841492309,-0.0123153459275329,-0.012200448595298,-0.01193147815675,-0.0113556766541071,-0.0110761685822828,-0.0110530201545375,-0.0108473428911076,-0.0107516908198482,-0.0106104154864702,-0.0103861887491794,-0.0107718216270599,-0.0107195812685133,-0.0106855824178232,-0.0106990860089488,-0.0107478845025314,-0.0104383058534084,-0.0108252154329639,-0.0105206584696292,-0.0103626906797638,-0.010281369550971,-0.0100848126271014,-0.00999389063951908,-0.00985131103551525,-0.00962314763727711,-0.00951649990200022,-0.00936686152878088,-0.00917881764895855,-0.00900664568763487,-0.00872112174073561,-0.0083631648251005,-0.00781337810918504,-0.00759400195762699,-0.00715009738862445,-0.00685156140017158,-0.0060709647368792,-0.00564870537532006,-0.00508313980595675,-0.00478506939197457,-0.00421663598201882,-0.00364491232957943,-0.00305221854998164,-0.00261088826749388,-0.00221044396158152,-0.00189073793592,-0.00165839468084189,-0.00133778248071297,-0.0012048830076024,-0.0011714927923435,-0.00095018302457081,-0.00107922698839106,-0.00104653049815688,-0.000863448958517116,-0.000796353534074697,-0.000752143459492223,-0.000749458508994275,-0.000730924905237136,-0.000274196070546664,-0.00046578987059709,-0.00033512920137838,-0.000484754191940236,-0.000415497224310855,-0.000303905429147545,-0.000229832827902227,7.59672956393433e-05,-0.000209762493626357,2.65826103373048e-05,0.000227009797628326,0.00017514699372858,-2.50031397262247e-05,5.79181459372651e-05,0.000108876504780593,-7.31046912832077e-05,0.000299885246605172,6.34063698889674e-05,-2.3867138098072e-05,-3.89676337403737e-05,9.83052506402017e-05,-0.00014987752054512,-9.26478368254285e-05,-0.00018579892717446,0.000105516702325152,0.000170578605916093,0.000116477611040306,-7.26556350851507e-05
-0.00202553181501473,-0.00207498620684928,-0.00218783913623466,-0.0021832172519997,-0.00249446210412815,-0.00240972476875615,-0.00237114255511132,-0.00259087228596003,-0.00262238985304204,-0.00250407542173421,-0.00267549708317667,-0.00266682501594568,-0.0030643667116412,-0.00333429338746829,-0.00310257190927317,-0.00389131797631149,-0.00416692475240159,-0.00432715773758391,-0.00454665691369189,-0.00506208747560901,-0.00557669821160272,-0.0059938937302742,-0.00662786164844071,-0.00732370823703755,-0.00755772106401666,-0.00832383287944363,-0.00916472126226114,-0.00996787390185552,-0.0105290177030726,-0.0110317303492707,-0.0116107894071245,-0.0122532216189132,-0.0125755259845575,-0.0125731702698876,-0.012889510645608,-0.012707196033717,-0.0125988389881591,-0.012366954821064,-0.012171323189016,-0.0114912345669254,-0.0111067938024829,-0.0110677753974513,-0.0106625156731068,-0.0108016853661775,-0.0106523129487994,-0.0104193472121196,-0.0103966279044044,-0.0104768881151449,-0.010544322073076,-0.0101998404453736,-0.0103586485266911,-0.0103442670929922,-0.0104469684781457,-0.0100964105068849,-0.0101930030444431,-0.00987782617122303,-0.0099656231753881,-0.0100120522581472,-0.00969486709370018,-0.00970274177522789,-0.00979034986561779,-0.00939491793389419,-0.00921092707117137,-0.008828041368675,-0.00882150262541482,-0.00855084012679268,-0.00840782346368657,-0.00781780054302821,-0.00738130529719911,-0.00680550515291735,-0.00638681638176635,-0.00622875375345132,-0.00569786152920772,-0.00510406951301268,-0.00441557789949393,-0.00390809572972919,-0.00366065571929719,-0.00310496187623888,-0.00263853875475017,-0.00220654134941201,-0.0017972338830661,-0.00172021647088349,-0.00159231955432879,-0.00122871477924878,-0.00120171030049276,-0.00105811055100979,-0.00124698808699999,-0.000917114232013641,-0.000858710994747534,-0.0010652086075026,-0.000646374446555576,-0.000959158155957859,-0.000479411274687129,-0.00055056114025424,-0.00061280558452685,-0.000378433014161775,-0.000490279969177238,-0.000381080746271182,-0.000202157413221985,-0.000221200798226105,-0.000355318506896376,-6.01553478640276e-05,6.224657152027e-05,2.09882139241571e-05,0.000106750980636509,0.00016607253664478,-9.39309459960782e-05,-0.00013551261829753,-5.92138309254216e-05,-6.00565887906444e-06,-4.71135091775501e-05,-0.000201353734342045,-6.0762211515516e-05,-7.04510786686757e-05,6.87490894342728e-05,-0.000195260039414537,0.0001453959396022,-6.31209178879237e-05,-0.000166170917956332,-0.000146169657597967,-0.000141104926915954
-0.00191168369264398,-0.00185784475749206,-0.00206032171016504,-0.00221651962299153,-0.00178518656169451,-0.00226614891497089,-0.00226887241940301,-0.00238333709160333,-0.00268130933048476,-0.00279963312347357,-0.00244761709007935,-0.00249909936055779,-0.00307686570760738,-0.00293498922672351,-0.0033516823593832,-0.00362041231066923,-0.00397258583137637,-0.00418602537100746,-0.00443874566540466,-0.00491229785000337,-0.0055988050374736,-0.005676415377847,-0.00647786739797464,-0.00698581291686139,-0.00749552825807166,-0.00837648617210339,-0.0087419762522932,-0.00939203175247287,-0.0100516244464475,-0.0107611633534303,-0.0113904600991994,-0.0118464200021001,-0.0121055568004209,-0.0124791405156882,-0.0122830675019683,-0.0122652518676262,-0.0123689254411962,-0.0118939277660363,-0.0114167299348773,-0.0114123643057034,-0.0108036461378046,-0.0104348787322639,-0.0104510382338596,-0.0102222326114287,-0.0104161994209038,-0.0102388241620392,-0.0100846444040265,-0.0103026617727391,-0.0102545202012102,-0.0102574924387563,-0.0102379422610699,-0.0101617232966209,-0.0100188447159177,-0.010051420389511,-0.0101366990828064,-0.00992812357087994,-0.010062434597589,-0.00983282123953998,-0.00962684893660396,-0.00956294708709102,-0.00945598386416692,-0.00908581061370825,-0.00899724773415951,-0.00861588901165673,-0.00849185489100512,-0.00817630730588113,-0.00791769692772653,-0.00758170218767883,-0.00720994270657088,-0.00666582271073571,-0.00633929917964366,-0.00613404588283151,-0.00552707450261533,-0.00515921606720364,-0.00449314907246708,-0.00386948944080909,-0.00341463980548287,-0.00297157368934829,-0.00259227557849954,-0.00186364774108998,-0.00177924682771726,-0.00174506191181365,-0.00144600869474076,-0.00119864873531434,-0.00109075571563228,-0.000981293151132179,-0.000895674990029338,-0.000667027832262912,-0.000954230150699502,-0.000806163532468582,-0.00092316084443617,-0.000488912694564902,-0.000528952497765895,-0.000578474095307134,-0.000342029483101058,-0.000277092537482084,-0.000139758775845964,-0.000376019152228232,-0.000313396022455282,-0.00024628448337124,-0.000433309024020163,-0.000391278708904586,-3.5500820410149e-05,2.75786033906027e-05,-0.000184492737332981,1.03864944065601e-05,-0.000218681352253479,3.2745097784907e-05,-2.78913167899139e-05,8.78342577047635e-06,-3.69808625993972e-05,4.18109601883919e-05,-0.000221984624390084,1.29484500175144e-05,2.67234110435877e-05,-0.000125121521565575,-0.000218464154036977,-0.000134826496694429,0.000101267286134382,-3.3418584646642e-06,-0.000188922709663338
-0.00165581910880193,-0.00194746017174851,-0.0018561794209475,-0.00187434682005154,-0.00206784679742874,-0.00190087904474258,-0.00203172882618349,-0.00194077095258509,-0.00235318576843049,-0.00235428482599456,-0.00259689083155009,-0.0026198568431154,-0.00287511897746136,-0.00253051506072275,-0.00328787159401457,-0.00348594167410238,-0.00362873920929806,-0.00390770314085306,-0.00454117156227288,-0.00473178764811546,-0.00515229071968308,-0.00554799230185708,-0.00608564687382657,-0.00665458956271767,-0.00721373379766463,-0.00775429611826293,-0.00830697945540403,-0.00898686622516436,-0.0098595132965644,-0.0106838035926749,-0.0109974258657654,-0.0114462658966964,-0.0116721625922543,-0.0122151729648781,-0.012321388543633,-0.0119977920247354,-0.0119057483085945,-0.0116965391771506,-0.0113913662737183,-0.0110470448806063,-0.0107719103827741,-0.0104980401334967,-0.0102565540885047,-0.0102438259295721,-0.0101295695391012,-0.00991297017754173,-0.0102121744532889,-0.0101823405776251,-0.00974401254322966,-0.0100961946122916,-0.0101213224993738,-0.00984362631646246,-0.00976943551986488,-0.00981729435008835,-0.00993434575474747,-0.00981199356703182,-0.00977313329381962,-0.00953876778189381,-0.00958190766073058,-0.00916105985297532,-0.00903050763089847,-0.00886854166566404,-0.00885252165608637,-0.00853122994316228,-0.00828135761471696,-0.0082314543829131,-0.00808957344761887,-0.00750273596079922,-0.00719579942018775,-0.00646788821520546,-0.00624618467657549,-0.00585888806828555,-0.00528835601052917,-0.00479041644679292,-0.00399232509390319,-0.003853670569813,-0.00313776329543865,-0.00283432270828038,-0.0024105323588997,-0.00217643350312813,-0.00169090161396122,-0.00139204044924984,-0.00127071420015485,-0.00106259041731779,-0.00130409345881459,-0.00108264495813089,-0.00102233889696603,-0.000695898272036393,-0.000666333448199792,-0.00065630224225403,-0.000822839551996001,-0.00066702650386612,-0.000713068840698857,-0.00075800756522825,-0.000544196743105866,-0.00027161073540761,-0.000407573990058781,-0.000149839074358108,-0.000251412868633094,-0.000150643778752435,4.99325921521847e-05,-0.000213496911431546,-0.000246747551274748,6.42221810144633e-06,-0.000224363487799099,0.000127850516468884,-1.50488121481591e-05,-1.16683332828101e-05,5.66820937766303e-05,0.000134322077200062,-0.000111553755218928,-5.81419789399014e-05,8.99014536526138e-05,0.000277272993159809,-1.00999733989658e-05,4.78590129077997e-06,-1.32175154798561e-05,0.000166264542213149,-0.000115941143679694,-4.57087584670915e-05,-6.53860517320136e-05
-0.00189998881876936,-0.00174134556570198,-0.00193306520267494,-0.00191135449249601,-0.00195173861471255,-0.00195082760415102,-0.00200039906495963,-0.00231361633870058,-0.00211973852058562,-0.00243229849526849,-0.00219021238931193,-0.00253439305558857,-0.00290455384557668,-0.00296417533393561,-0.00302223613681575,-0.00334526418445419,-0.00373656807096077,-0.00377652466681498,-0.00411156602797151,-0.00448555099193593,-0.00524278369878865,-0.00530248870581513,-0.00586653391629343,-0.0063710509949564,-0.00692803816588114,-0.00765630356392697,-0.00802563944089198,-0.0088246643879044,-0.00939423640150528,-0.0101260172815777,-0.0107578548332184,-0.0112046105260871,-0.0112656267719043,-0.0119608721949561,-0.0119466369465742,-0.0117721688433587,-0.0115874331883225,-0.0113064789822678,-0.0110470904716868,-0.0106344580811739,-0.010595859236863,-0.0100148779460102,-0.00972943347908197,-0.00976886480127626,-0.00974788987627453,-0.00950276541467494,-0.0100287397241008,-0.00976976748757191,-0.00971380070656765,-0.00964882414992791,-0.00972507496214666,-0.00965861861549711,-0.00976067312776643,-0.00954685601433543,-0.00975692234396921,-0.00917811011464793,-0.0093666575585204,-0.00933348973541021,-0.00916197463850338,-0.0088217690219783,-0.00894886245721595,-0.00853477291721618,-0.00835744876225943,-0.0082779964702213,-0.00799697982732949,-0.00780678695502335,-0.00759078093880472,-0.00698322583931791,-0.00698265504952834,-0.00654064533069588,-0.00626195379291519,-0.00586050253871526,-0.00517305058230449,-0.00478125868826522,-0.00432058849254206,-0.00370798545394005,-0.00346461313987469,-0.00295172652533687,-0.002273636432626,-0.00193303592000206,-0.00142312737188703,-0.00160301373548889,-0.00101411678437827,-0.00121084855877433,-0.000910968559641393,-0.000939380488506328,-0.000974768326144396,-0.00102673713275343,-0.000646671763411521,-0.000791530984619089,-0.000709566407055211,-0.000721318989689928,-0.00047651544637635,-0.000538933695972763,-0.000463683510584967,-0.000388252669690398,-0.000458669210087226,-0.000311134070339023,-0.000179715004529402,-1.58520875507781e-05,2.35234344268795e-05,-7.28990749938756e-06,-0.000321426084156449,9.53135964301128e-05,0.000253464782365042,-8.79537920319521e-05,0.000244442021644988,0.000200386544638541,0.000175601028285243,3.11906876368566e-05,0.000174582720748397,-0.000202393141145524,-7.28655353725746e-05,-9.85623692981289e-05,0.000138467358105973,5.50932717372004e-05,-7.50043499998959e-05,-3.47644786536467e-05,6.01720127250169e-05,1.83152658512985e-05,-0.000118408970612242
-0.00170621894337983,-0.00170667410530465,-0.00155671859785967,-0.00177495895994558,-0.00168044101701064,-0.00182036724019636,-0.00201084982145214,-0.00197636755810064,-0.00205403055612339,-0.00191627700277415,-0.00210787098148335,-0.00252187235413987,-0.0027887791449468,-0.00287669947360482,-0.00290340161988971,-0.00305657105063497,-0.00359283831089926,-0.00372166794911191,-0.0040291516614282,-0.00423960739643087,-0.00483693391840178,-0.00513888594251023,-0.00537351349879948,-0.00610932076882019,-0.0068183295801895,-0.00731994497009001,-0.00790127917841225,-0.00865559080555291,-0.00923084738615347,-0.00996482268612239,-0.01021740780157,-0.0110241558837114,-0.0111231323905128,-0.011483403026266,-0.011299581134487,-0.0112341200713649,-0.0109728959000868,-0.0110401718980601,-0.0109978401450373,-0.0103565686418943,-0.0100417025202522,-0.0101362900604184,-0.00971232029338513,-0.0094786536397761,-0.00964082831985644,-0.00954153259850348,-0.00937268868210766,-0.0094991999853648,-0.00933825610297327,-0.0093815856929556,-0.00950836397761788,-0.00943652971113301,-0.00936961309805668,-0.00935494440350898,-0.00932308260419412,-0.00924209455530606,-0.00907483541459321,-0.00899570070822847,-0.00895582701924435,-0.0085491928202116,-0.00861495265010117,-0.00852365917243588,-0.00821716907787149,-0.00827219803478803,-0.00784821230109224,-0.00771511698113338,-0.00719872636889176,-0.00711264529269406,-0.00672418941969724,-0.00634472950528033,-0.0060195216172635,-0.00564485837356487,-0.00501608142206924,-0.00463230378461334,-0.00416596367331445,-0.00389241983174026,-0.00306295865252622,-0.00251686924134619,-0.00219998283322332,-0.00186865689582271,-0.00168837835631795,-0.00121389322188322,-0.00101726157716583,-0.00104328739668822,-0.00104704041195276,-0.000844036767315877,-0.00114861060796731,-0.000675667776303888,-0.000637233836626381,-0.000728862520170085,-0.000669820209301419,-0.000440994708897305,-0.000381631484820601,-0.0002770160341103,-0.000397537229901302,-0.000366592514716704,-0.000303236139207283,-0.000152926412006073,-4.22472055439071e-05,-9.95085321453938e-05,-0.000149016455723754,1.71664000367835e-05,-6.95812826803694e-05,-0.000184161822395861,-1.22966960146925e-05,-0.000260896330602424,-9.71737532250762e-05,4.98366322036048e-05,9.60562692997214e-07,0.000117756158078831,-1.70483838563773e-06,-8.29705539211002e-05,1.49697458798089e-05,0.000204379772572043,1.31866119179525e-06,0.000221693545482651,6.98659061442015e-05,-5.63728719440931e-06,0.000123995473946129,-5.36929512606011e-05,-0.000139915984193992
-0.00164046334612667,-0.0016326790786755,-0.00170664077023719,-0.00161677021648806,-0.0015766723840071,-0.00161122218753322,-0.0020266913735734,-0.00207026237813755,-0.00205057028910532,-0.00206002293117809,-0.00211265966186184,-0.00210500592188845,-0.00268121369934446,-0.00245718566799795,-0.00252591478247015,-0.00297372523643229,-0.0032648057009262,-0.00347864532546786,-0.00396395968186919,-0.004318723751024,-0.00449477772457878,-0.00506263313434142,-0.005466624736687,-0.0056408150364497,-0.00648828704302071,-0.00691701687749972,-0.00785780370838241,-0.0081425086591619,-0.00899684340090535,-0.00929318097222498,-0.00993266487101368,-0.0102653061017002,-0.0106678701129142,-0.0107794717363167,-0.0109684748798841,-0.0111414804888675,-0.0106917514860733,-0.0104379653766276,-0.0103146905318906,-0.00996449123438324,-0.00990678487050483,-0.00964209661569817,-0.00946222422130466,-0.00932590312026464,-0.0091313194060258,-0.00936693152019043,-0.00904122885462906,-0.0089639654174997,-0.00913671422505374,-0.00911402247342493,-0.00915893221090945,-0.00922434855006141,-0.00894550557989803,-0.0090918153093265,-0.00906641473026457,-0.00884334849210292,-0.00914837921114203,-0.00861117488410814,-0.00867961542269769,-0.0084700629032425,-0.0083339384689194,-0.00826896720469033,-0.00802044397436752,-0.0077455614206288,-0.00763751980624147,-0.00743962686918435,-0.00714121037255997,-0.00658394599903371,-0.00674487557966107,-0.00597408771883275,-0.00577467505423623,-0.0052528289682883,-0.00510105586321099,-0.00448650544126652,-0.00391639633882397,-0.00352226808553139,-0.00302531094504731,-0.00236358468125464,-0.00202755538780277,-0.00166018112550089,-0.00156678922606796,-0.00139951877536617,-0.000913946413577749,-0.000844315006494279,-0.000932870059759397,-0.000585655149637064,-0.000715607107338392,-0.000582146239235584,-0.000778865455518183,-0.000804335286029013,-0.00060329600108197,-0.000654282452133479,-0.000304212780331242,-0.000560394940650961,-0.000365093647448711,-0.000575519228310074,-0.000359299909849081,-9.88269514913137e-05,5.54607391911109e-05,0.000124206148166267,-3.1690511052315e-05,0.000156594990402816,-0.000102260341928925,-9.86305309541013e-07,0.000224004495662335,3.27475295314042e-05,-0.000259172472766988,5.85341094364627e-05,0.000152879475936746,6.83366729643961e-05,0.000115610645097219,0.000146175732560826,-0.000144958565107611,0.000192719838171751,-1.10480735884466e-05,5.15379045698237e-05,-0.000236636537433324,0.000105267095630729,-6.48859783427161e-05,-4.93412186682835e-05,-8.2070949549008e-05
-0.00132173082264034,-0.00149062980123531,-0.00169025302172421,-0.00164174722912476,-0.00166907808763021,-0.00169821795871616,-0.00183119025068541,-0.00198717515663406,-0.00191877388258718,-0.00204411211373412,-0.00211301416342167,-0.00202079470005391,-0.00232374351566511,-0.00224518282061396,-0.00284873069110971,-0.00308849021380301,-0.0031645790519317,-0.00351965548323966,-0.0034397108918887,-0.00394447710763083,-0.00416816322355032,-0.0047996779482065,-0.00508949350569202,-0.00569708159669859,-0.00604748799009713,-0.00700389003448585,-0.00712211289500816,-0.00774744340486745,-0.00837279499783618,-0.009285627569898,-0.00978239548335678,-0.010093786412003,-0.0102669410918097,-0.0103544246524033,-0.0105356338605723,-0.010600475884516,-0.0104890202405227,-0.0102561481389417,-0.0101278650021694,-0.00954117237963986,-0.00945640916200851,-0.00918815750873746,-0.00906987849776649,-0.00895580843537975,-0.00872358772084814,-0.00893290780239615,-0.00893324619454158,-0.00880496788323604,-0.00902434111717777,-0.00901024561443485,-0.00872692203579461,-0.00919026376906826,-0.00856171589719585,-0.00864577056323363,-0.00842263388809353,-0.00883730424585684,-0.00830120169711244,-0.00843044228145835,-0.00839315353245896,-0.00821385123033242,-0.00807644515935672,-0.00806794421874933,-0.00787581380488805,-0.00792941709250822,-0.00724396887006129,-0.00702286485970152,-0.00678577734922798,-0.00643914252195499,-0.00593683082252024,-0.00601502705626642,-0.00560041843363925,-0.0052460517948902,-0.004720830646727,-0.0042541453131144,-0.00382940970916344,-0.00332127336385277,-0.00281931408307407,-0.00262737664151185,-0.00227774391568572,-0.00158365452977859,-0.00154426552432548,-0.00114882562429369,-0.00118580191618968,-0.000886385283501367,-0.000677480151416004,-0.000479653017236253,-0.000584254800001398,-0.000679589339634019,-0.000654827332881225,-0.000483259830060564,-0.000467192365420177,-0.000437395785318068,-0.000503765631239121,-0.000181026797771102,-0.000219403034438554,-0.00026549756060959,-0.000212139421150169,-0.000214959579229223,-0.000309170071092977,-6.14693271306421e-05,-5.78934164726825e-05,0.000161901339155365,8.46419140550276e-05,0.000288370583636225,5.12288140906293e-05,-5.04089843292173e-05,-2.05283659359576e-05,-8.53660546661408e-05,-0.000278140868913521,0.000137474088425147,2.00955111220144e-05,-0.000122464229528157,-0.000136440018480833,-1.75279329794324e-05,-3.6767287806249e-05,6.99493489334622e-05,0.00013647408320496,-4.59995899802373e-05,-3.47591947471684e-05,-9.50414449541318e-06,2.18483409823704e-05
-0.00152455464495303,-0.00157991983829687,-0.00142164081164966,-0.00146054036060553,-0.00162464340502852,-0.00194308796782699,-0.00164388361625037,-0.00168161985069443,-0.00178534783655173,-0.00194044200047257,-0.00177605402944817,-0.00194399723885342,-0.00196189777467934,-0.00219943100216108,-0.00239885114307539,-0.00254380872288018,-0.00291915038730505,-0.00320848399086985,-0.00344126342797258,-0.00351944267373452,-0.00430717516070989,-0.00444198323289377,-0.00489385691246945,-0.00524719019910708,-0.00604273892657398,-0.00641606379270043,-0.00709448936488832,-0.00735687851902987,-0.00797120535885123,-0.00855752989243237,-0.00922572471200515,-0.00947762013110718,-0.00991546772811775,-0.00978335638274914,-0.0102336153645969,-0.0101870481552101,-0.0101432901174758,-0.0099602745528129,-0.00969566949955798,-0.00932818379166183,-0.00894853918710248,-0.0089438167389457,-0.00870292378953594,-0.0085702532854016,-0.00890792234236256,-0.00873150205315996,-0.00853142901825697,-0.00858844439219443,-0.00852194417931388,-0.00848823183513765,-0.00849012191820991,-0.00854805104110869,-0.00849055517401188,-0.00826474849683521,-0.00818772479676119,-0.0082559013850824,-0.00827984934955748,-0.00834895477797043,-0.00814548983042027,-0.00797441865740183,-0.00778713810527258,-0.00770949624102687,-0.00766949982176594,-0.0073215851783683,-0.00689375628657768,-0.00681378243300795,-0.00676327759594909,-0.00640791010057392,-0.00585380507504763,-0.00571316259748065,-0.00541860770025746,-0.00524497122257891,-0.00454354939508186,-0.00407562983313194,-0.00360527469236747,-0.00317389228496518,-0.00292975821438679,-0.00231106589277293,-0.00189117742526661,-0.00179839186733977,-0.00124667349536376,-0.000988734455860411,-0.000789477184984189,-0.000963720882917698,-0.000794148764224366,-0.000818847696739167,-0.000515629489550751,-0.000607708728498742,-0.000398941502239045,-0.00053301771019655,-0.00038898879338362,-0.000543821552817645,-0.000135424367809706,-0.000490570276875192,-0.000286461051154597,-0.000157294637732995,-0.000261681341461941,-0.000152642677453823,-0.000392887435703296,-0.000273129119948031,-5.78554571029085e-05,0.000146060483854697,2.33040825195125e-05,0.000132717021470723,-7.16855796802085e-05,-4.66685166142115e-05,0.000204512238732375,-7.78925923097381e-05,0.000176503710416081,-0.000118588729647208,-0.000127583923094721,-6.08905349337776e-05,-0.000103264392898396,-6.08257096323697e-05,-0.000154801538485051,-0.000121283498953634,9.89882416562386e-05,-0.000123266188673257,0.000114829786772367,0.000107295292059133,-0.000225158602059968
-0.0013070261381366,-0.00135480371411346,-0.0013895059204157,-0.00122714640044803,-0.0012984818108829,-0.00147538009438307,-0.00159392513270091,-0.0015853687059686,-0.00158966787047166,-0.00183146007096974,-0.00191378285658034,-0.00196574494575843,-0.00205989589378544,-0.00235787792444346,-0.00211827840808209,-0.00240538852591146,-0.00271647719811219,-0.00321310013109529,-0.00349431386830617,-0.00349276503403175,-0.0041595730333454,-0.00424669031839657,-0.00474064828356583,-0.00531053941661368,-0.00575229381026251,-0.00608682290850235,-0.00677019676586088,-0.00716094798843855,-0.00779357936200382,-0.00803190282677984,-0.00861507951059682,-0.00924730074175593,-0.00939604752347436,-0.00961315503589415,-0.00955888861122327,-0.00976604672275444,-0.00955174975859259,-0.00941614715044463,-0.00939697234859428,-0.00930586682076404,-0.00869921739517702,-0.00848340826616651,-0.00827465489424983,-0.00845677183027324,-0.00815947469171426,-0.00864870513499214,-0.00827669075042034,-0.00807341221315568,-0.00832893609458659,-0.00826545966560729,-0.0083047481941621,-0.00836411071100068,-0.00809825997254395,-0.00815882653950071,-0.00809234004879642,-0.00796593412073819,-0.0080980163102658,-0.00792714484206931,-0.00786486739983318,-0.00797078577780504,-0.00743353112978745,-0.00751293870885607,-0.00742609856735273,-0.0070596914686326,-0.00703427385016262,-0.00687776581739533,-0.00653558628497621,-0.00599922114682812,-0.00588259431884113,-0.00542302590709096,-0.00517221968409986,-0.00459532442113979,-0.0043218984275929,-0.00404265259881667,-0.00336312644026688,-0.00316412951612,-0.00261326181961774,-0.00214540454594232,-0.00171098850949435,-0.00154964372556947,-0.00115762652601024,-0.000805311813360519,-0.000730605232434599,-0.000947831145905293,-0.000876459151281068,-0.000672311487336537,-0.000704666532390028,-0.000331617886464638,-0.00036769836207198,-0.000824408738015165,-0.000268234166963055,-0.000520116679563746,-0.000366774414594673,-0.000616183476410506,-0.000174251666446699,7.44652931850405e-06,-2.7818210957613e-05,-0.000222788841372831,-0.000137440016751298,-8.03710796866764e-05,-8.06974274507285e-05,0.000145636752884972,-0.000105680668971949,8.92679287919743e-05,-0.00027213773723474,-0.000292801132346182,-0.000109499627267852,1.3811788925852e-06,-5.08042692151493e-05,5.5931025351907e-05,-0.000197523119368716,5.93535251832297e-05,-0.000127197215830311,0.000212411211455776,-0.000159315580898053,-4.60340948540967e-05,0.000345262052656119,0.000122776367632231,0.000145879439462867,2.61014490629976e-05,0.00013656909331486
-0.0013341574058832,-0.00114387835666015,-0.00125109104502418,-0.0014337076521825,-0.00143998137820805,-0.00142550672817481,-0.00174583914517635,-0.00182625557440329,-0.00163102130373563,-0.0017086145132352,-0.00164738438630214,-0.00164156489455072,-0.00200675445030205,-0.00205918280907893,-0.00235433527761549,-0.00236235155925356,-0.00264230776004335,-0.002975553635823,-0.00296261539644418,-0.00359619201242313,-0.00358623976927864,-0.00405505245035907,-0.0045764607770791,-0.0048510713639841,-0.00534070827903991,-0.005590453294767,-0.00611104453263703,-0.00680617219508362,-0.007304791547389,-0.00796510879499316,-0.00834888856015381,-0.00875204412200532,-0.0090086259542811,-0.00934198445681777,-0.00951966242378742,-0.00941904440386835,-0.00914421898096504,-0.0091711469395902,-0.00890845050238778,-0.00840053407239194,-0.00864786864521494,-0.00817004450640946,-0.00823309622658671,-0.00793257153209827,-0.0080648491730074,-0.00826629282049338,-0.00815479961566256,-0.00791468185093734,-0.00805045308175222,-0.00793886921182715,-0.00812511782099243,-0.00796693624276157,-0.00817075062288301,-0.00763843555001684,-0.00780665761119,-0.00753511963628747,-0.00794279346286042,-0.00764080786277361,-0.00756841223496714,-0.0075680156175657,-0.00703482053290847,-0.00727994959417132,-0.00700537415141469,-0.00705687878524741,-0.00644601170502375,-0.00633946619982235,-0.00618045887102005,-0.00600471946429843,-0.0057156082134488,-0.00540879955699391,-0.00508019853841603,-0.0045480455277473,-0.00422156205529532,-0.00388112774212303,-0.00309078878782316,-0.00272815116063428,-0.00259151270516934,-0.00205829213387492,-0.00167835996433852,-0.00148322889551731,-0.00112606596573224,-0.000787764752683889,-0.000913681874482471,-0.000785198761620856,-0.000554258314608939,-0.000602492101741636,-0.000614668027170862,-0.000458735225528913,-0.000543028784717944,-0.000473368244535979,-0.000332161930239847,-0.000329846491630146,-0.000330312062628856,-0.000403466330563312,-0.000246272288126346,-0.000280988746558739,-0.000195122848712461,0.000144990371353117,-0.000218606255080458,-7.1849079075355e-05,-0.000135838603499045,-0.00015639858940877,-2.86467502718181e-05,0.000123042803920385,0.000106724671634568,-0.000140969326076259,0.000218581489460756,-0.000223253645526717,0.000129576653603625,7.8272231520819e-06,7.98126853842088e-05,-0.000177365856874497,1.68754307645874e-06,0.000264082797290377,3.78287698178789e-05,0.000129768281567054,1.68725355171864e-05,-0.000377107760644407,-2.85363491931937e-05,1.4353059374992e-05,-0.000208311282880186
-0.00102727968102366,-0.00144774984399569,-0.00136379120617964,-0.00113890105965728,-0.0013611258549078,-0.00154552727125657,-0.0013830012285672,-0.00138665964988538,-0.00154508567398029,-0.0017693159474903,-0.00167181001775739,-0.00178329821142724,-0.00205310237429515,-0.00192097609913396,-0.00219740094076137,-0.00231897947755329,-0.00249301199300645,-0.00262032437829356,-0.00294567100967809,-0.00313375962179379,-0.00335533489540681,-0.00403742162599101,-0.0045443862411724,-0.00452512580013675,-0.00494622618387099,-0.0053849630250028,-0.00586804735063063,-0.00625125463396088,-0.00709417289446739,-0.00755499488812142,-0.00790155966127926,-0.0081259883163387,-0.0082783948184282,-0.00886866716558095,-0.00850659513851274,-0.00892357988004766,-0.00866958365246085,-0.0085876569344973,-0.00856643560240824,-0.0083291503666845,-0.0079859177598264,-0.00801919790508084,-0.00802205921192458,-0.00767571871380414,-0.00754239070908656,-0.00774478789779452,-0.00753141787182738,-0.00775821047090598,-0.00755280520695131,-0.00755818551496746,-0.00766978021015419,-0.00756269345534914,-0.00754785215566652,-0.00745434514918064,-0.00764720126170995,-0.007394685752964,-0.00736132569980236,-0.00721311651875881,-0.00746128123003206,-0.00728480160478048,-0.00707862926019235,-0.00692102800853598,-0.00707598287621279,-0.0065450537740149,-0.00631961413961744,-0.00605840695186905,-0.00561187651873299,-0.00566721797224104,-0.00527796232344582,-0.00490188829093953,-0.00487151697279532,-0.00444324903738981,-0.00405089636675966,-0.00372216907505254,-0.00336604451241917,-0.00293353237927844,-0.00228762830176185,-0.00205762176990646,-0.00139554946560592,-0.00138696068159398,-0.000941503311751457,-0.00112619630201144,-0.00058357884889016,-0.000743119448837225,-0.000666416297463214,-0.000498781256904177,-0.000655358330646488,-0.000451019776256694,-0.000436108832348504,-0.000678231037893244,-0.000147660687345469,-0.000252095295774496,-0.000175448576953858,-0.000403675161016533,-0.000246529471391527,-0.000450155196272057,5.66681971983022e-05,-0.000183097590154763,-0.00016023136893082,-7.87268280081772e-05,-0.000239679401164614,-1.35321952405527e-05,-0.000240133436702997,6.23182308002563e-05,3.6244270560363e-05,-0.000117438158556786,-0.000181906091177104,-0.000132805546946566,-3.9364281395349e-05,-2.07196685388799e-05,6.77013327498911e-05,3.89228719032619e-05,-5.03433705506069e-05,-0.00030028338266871,-7.30384406831939e-05,5.52425034180593e-05,1.44639586726423e-05,-2.14796547941307e-05,-7.75244090667377e-05,-0.000116509826726367,-3.79715245563487e-05
-0.0013475662661485,-0.00133492904965849,-0.0011558518765908,-0.00106883182678924,-0.000831657068503728,-0.00126666493550414,-0.00128933930351448,-0.00126786488105528,-0.00124982937331479,-0.00148544940529741,-0.00166242177378423,-0.00166608493868389,-0.002072139524822,-0.0019908319973096,-0.00192006624890548,-0.00239284552978644,-0.00237609719418809,-0.00258388026677426,-0.00276847129143867,-0.00290156605393214,-0.00296287654178184,-0.00348865716769942,-0.00408777233556071,-0.00435526039121689,-0.00455128656788253,-0.00518199514523568,-0.00564771019827257,-0.00616340721792579,-0.00651511848813813,-0.00688760321890517,-0.00732979971969209,-0.00786250394662978,-0.00810076846737829,-0.00819598849942611,-0.00850622864343783,-0.00849768624976591,-0.00848377717999422,-0.00804485054928051,-0.00800670301159726,-0.00797426893158247,-0.00774035506932351,-0.0075490933639362,-0.00735226835017956,-0.0076012006751556,-0.00746921139124611,-0.00752129965943835,-0.00714166766589368,-0.0075646668145601,-0.00720443488442522,-0.0072631856789008,-0.00724073961713591,-0.00726327671308216,-0.00719684878464196,-0.00712581915748051,-0.0072637517371188,-0.00701686525882685,-0.00717216042144258,-0.00684502162662696,-0.00693906579249852,-0.00673168224048936,-0.00699134222720566,-0.0067744797127486,-0.00650844628262185,-0.00611695783230224,-0.00619430059090056,-0.00591589382036424,-0.00568044447825715,-0.00559051941925585,-0.0050128338163892,-0.00494652027770854,-0.0046456448469519,-0.00416917375502727,-0.00377310233705286,-0.00346333062737774,-0.00287007067951498,-0.00252341563869902,-0.00182444959837747,-0.00181300164400915,-0.00155745557470174,-0.00119993344870406,-0.00088877717284199,-0.000903368630407902,-0.000730367334376007,-0.000410988490541511,-0.000445421360105965,-0.000411769114257317,-0.000451988421856535,-0.000392626911646853,-0.000336589220905012,-0.000502457857931515,-1.25799561832975e-05,-0.000593428185186034,-0.000475025210172098,-0.000176351596972777,-0.000227124416241687,-0.000257546219996121,-0.00014912385352795,-0.000322114392544399,-3.12632332993371e-05,9.79701482932462e-05,-3.90867590107059e-05,0.000206377605157473,-0.000169282394052507,-0.000223690611626594,-0.000170310639580314,-0.000238237521571833,0.000138989088755342,0.000105496107152059,-9.39068267007265e-05,7.13118541277019e-05,4.07580667169295e-05,7.09297336007332e-05,0.000120829963460984,6.89974031518824e-05,-6.36360849751928e-05,0.000264366931065136,0.000226718116161923,5.74448970388107e-05,-3.17936854014656e-05,2.52632176786695e-05,-0.000500584056603805
-0.000874220772195655,-0.0010185909476954,-0.00107866620963166,-0.00119267902311731,-0.000887465036416601,-0.0012211743176188,-0.00111507088300259,-0.00125132164895088,-0.00112919038203326,-0.00125252875769065,-0.00137763512448931,-0.00135261413076871,-0.00165534858877291,-0.00198738637756162,-0.00178408185828944,-0.00204842608628235,-0.00200452072930494,-0.00245880542634795,-0.00280780973254527,-0.00278091265152936,-0.00293259519964532,-0.00343349734095109,-0.00394952241696868,-0.00411636342233912,-0.0044853206035381,-0.00485334083135939,-0.00545496328565463,-0.00578236458800967,-0.00618639497388496,-0.00656807878227507,-0.00714543565840105,-0.00732011832003375,-0.00773357761163761,-0.00796343059052335,-0.00797500760800165,-0.00809820795459632,-0.00797167349821134,-0.00773651361066934,-0.00774153313501569,-0.00744923344544573,-0.00756416635085855,-0.00722794136089838,-0.00727067883560393,-0.00723865460691536,-0.00704810211278121,-0.00723164880290429,-0.00703672647522185,-0.00726280158121291,-0.00712927239853666,-0.00725105589406949,-0.00696170574893729,-0.00685318359428791,-0.00667379720992403,-0.00690985286495721,-0.0068447281178466,-0.00671784266146224,-0.00663475027459111,-0.00687366629632657,-0.00659906957085794,-0.00641840062552522,-0.00638479175494069,-0.00616476899894725,-0.00625071918861112,-0.00588323404029578,-0.00573978287502113,-0.00556735488860618,-0.00558137229882916,-0.0049492732962308,-0.00494705797130786,-0.0044840650157418,-0.0041688252706208,-0.00350698460650411,-0.00344050646160777,-0.00336517856360562,-0.00299397546161332,-0.00254805081768499,-0.00215597765758626,-0.00174087495851327,-0.00145793536480289,-0.000673732239510733,-0.00103202462941687,-0.00103631113501416,-0.000326813791714406,-0.000643750690537278,-0.000522857378431741,-0.000575407719887544,-0.000210397156300563,-0.000219205833370476,-0.000355686004711434,-0.000452236635585813,-0.000323594388486918,-0.00014145877170228,-0.000319090796108506,-0.000216562254888724,-2.63497824111446e-05,-0.000274059123299352,-0.000195404508976681,-4.94456015871615e-05,3.55874273473379e-05,0.000234437759838374,-0.000194730186400791,-2.02431824933266e-05,-0.000105208770055812,4.44323664834896e-05,0.000150971599235684,0.000101326843547873,7.7248329119688e-05,-0.000242168394152793,3.80347664884381e-05,2.07534756314477e-05,-9.19759855433698e-05,-6.74398930680866e-05,8.43158376949564e-07,-5.09803719316362e-05,-1.96011082139997e-05,-9.69097168331726e-06,7.7022963506419e-06,-0.000145852803951922,0.000114850942221919,0.000139304592060508,8.72030855837392e-05
-0.00112643853089842,-0.00114522495391675,-0.000828863786852138,-0.00113668838050823,-0.00122661096174684,-0.00130500157787763,-0.00109038566196197,-0.00102641964251416,-0.00131088821617792,-0.00122445277902043,-0.00139990064795406,-0.00136386451142724,-0.00158170142405416,-0.00202576938337613,-0.00159729997347824,-0.00202405638056144,-0.00197109364541913,-0.00240560758684803,-0.0023691414365175,-0.00277882496184541,-0.00310081272041426,-0.00295580057722882,-0.00349783085110837,-0.00377638907594983,-0.0041289781143487,-0.00464271895231406,-0.00485777767160954,-0.00525050096787844,-0.00587268170117413,-0.00627848028328984,-0.00634519410818886,-0.00679215387990847,-0.0073551076502554,-0.0074373969719479,-0.00749602674013356,-0.00761129988743468,-0.0076083059924667,-0.00771134598748304,-0.00742022390695716,-0.00702331230477426,-0.00686624743097485,-0.00690055637056851,-0.00694435742950027,-0.00671378689465155,-0.00674962225948443,-0.00660693210956031,-0.00668467615928877,-0.00657140245467583,-0.00656619021324607,-0.0066479488167086,-0.00662125224639281,-0.00689765921402653,-0.00656364169978919,-0.00663998127792756,-0.00656739495045116,-0.00625598637817309,-0.00626028362699921,-0.00609430670803311,-0.00614929696710686,-0.00630824036675407,-0.00619677337023123,-0.00595400782646349,-0.00576028571262366,-0.0059040664466531,-0.00535981552481035,-0.00527473724175561,-0.0050381078329614,-0.00484384165800585,-0.00451297923942898,-0.00449680496152573,-0.0041553274498794,-0.00359346325855005,-0.00356686363341317,-0.00306812928922963,-0.00283641731046062,-0.00209654737435418,-0.0019532687109338,-0.00153689955967704,-0.00131961341835167,-0.000985468796090693,-0.000883361702398324,-0.000626617083068561,-0.000383797264557552,-0.0005487237139321,-0.000433872104264587,-0.000417817700905744,-0.000453827735948331,-0.000227669092366563,-0.00013698506000055,-0.00034535774707791,-0.00014355114086377,-0.000200380835692068,-0.000213107009565608,-6.70621344823499e-05,-0.000106397723445233,-0.000169873986954346,-0.000299970375860594,-0.000222607371583681,-0.000215714674751197,-0.000190276247908798,-0.000132748819853779,-0.000139587401700278,3.01966452029953e-05,-7.78830364606287e-05,0.000159544050278794,-6.9354480105787e-05,-5.86381714107182e-05,0.000221117694070381,2.81303454292685e-07,0.000144260435497369,0.000213096267661438,-9.69291434763229e-05,2.56586312184796e-05,-1.19673441601941e-05,-5.23491389700851e-05,0.000102631409466552,5.49171505332838e-05,2.55828889853347e-05,0.000149472239665222,9.48574189687732e-05,0.000362287638738279
-0.00103285990173175,-0.000614092945059871,-0.000765176338679471,-0.000967591013691042,-0.00068215795429945,-0.00113375892858832,-0.000904778925431777,-0.000943219363493791,-0.00108582698725419,-0.00120052638235006,-0.00125049094297057,-0.00138053653441063,-0.00154696335692295,-0.00134196353976102,-0.00160937477078788,-0.00160523877372622,-0.00154877036513091,-0.00206221672243548,-0.00202118889597431,-0.0024207436187972,-0.00249979022753354,-0.00302394373324399,-0.00327318660933386,-0.00364322926692555,-0.00411520647075856,-0.00421554947993519,-0.00456054116435526,-0.00486526660836055,-0.00553835580466549,-0.00592819897923357,-0.00619150012298336,-0.00643492090434245,-0.00681728263261716,-0.00696514080267381,-0.00688737328669284,-0.00684604757921683,-0.00722757551859606,-0.00695066251221357,-0.00711010943502104,-0.00691099166136711,-0.00666098379556355,-0.00656563940624111,-0.00640788309576102,-0.00640438045928541,-0.00638944974251833,-0.00656075775985293,-0.0064646635819138,-0.00664504100172049,-0.00612311961192352,-0.00623155123327747,-0.00658549056308873,-0.00641233680650855,-0.0062295540584721,-0.00638344342644145,-0.00618757784464179,-0.0061765592356568,-0.00588958018061212,-0.00618422035118837,-0.00598140192577348,-0.00580714950719368,-0.00581938318653849,-0.00568032810775394,-0.00565762088146907,-0.0052929189945385,-0.00533776347975147,-0.0050396242229395,-0.00484708594071487,-0.00485849833812068,-0.00446832951407578,-0.00417243020584904,-0.00380954891324481,-0.00363073392435101,-0.00314173036612435,-0.00293862253905148,-0.00247477651361096,-0.00192150366801243,-0.00205149928363198,-0.00155914043696203,-0.00124432527027933,-0.000852014624281199,-0.000923716444225857,-0.000640899398862543,-0.000322772782052419,-0.000405852835244462,-0.000267202219332261,-0.000404246610083111,-0.000333963631552407,-0.000213194948946193,-0.000416357931374242,-0.00011123285736572,-2.00614850799644e-05,-0.000189670966232482,-0.000210287593781189,-0.000353355459748458,-0.000148091207592353,-3.1451125399877e-05,-0.00022828746503481,-0.000181368837171912,-2.41682568765861e-05,0.000149903107074668,0.000125396377579001,0.000145216077210842,9.26083994839991e-05,2.71531485682236e-06,0.000104515229818911,0.000145520592034166,-0.000194980373742857,3.58067283622816e-05,3.21627167879144e-05,0.000112624250431531,-0.000192094393736407,0.000147195264589339,-0.000308589100693676,0.000138611742700417,5.86302069779782e-06,-6.56885034743136e-05,0.000257719193250252,-8.46776092390633e-05,2.27392062162323e-05,0.000161644941912642,-0.000142337320179766
-0.000600880085896138,-0.000853098714828514,-0.00106019058915429,-0.000919001455695794,-0.000775367743439923,-0.000913162996844748,-0.000971105296177202,-0.00114150981224394,-0.00110078943607243,-0.000973620211788468,-0.00120612053402158,-0.00144366715038467,-0.00147629058053066,-0.00163774209859489,-0.00178333373505042,-0.00177883208902814,-0.00177979793773631,-0.0019026324905032,-0.00167647083782622,-0.00244335606811953,-0.00257932033068033,-0.00292559337744279,-0.00296204986540236,-0.00311146932608032,-0.00371266091976188,-0.00425487241131673,-0.00399926806560438,-0.00466161158530679,-0.00493641449018717,-0.0053667291893125,-0.00561858924966557,-0.0060995626723637,-0.00623564044744025,-0.00659096082723135,-0.00664079095551923,-0.00690177651297999,-0.00666938905004026,-0.00680833721657834,-0.00659566786637479,-0.00646219660737098,-0.00610414590756948,-0.00636852524733724,-0.00627092043468399,-0.00630707188339948,-0.00595864672326543,-0.00630587455550013,-0.00626679495103205,-0.00596301215156663,-0.00586473452878522,-0.00591809604745691,-0.00609389102836479,-0.00580005422721589,-0.0058933067550773,-0.00591939338425769,-0.00580430038726351,-0.00586433132245823,-0.00577351581657614,-0.00559699989249217,-0.0057288827981744,-0.00577632141076538,-0.00552932588996414,-0.00533809881841382,-0.00534023190980927,-0.00524202321840396,-0.00497438094994517,-0.00502863728164285,-0.00468048933243176,-0.00438102165667095,-0.00429532724660188,-0.00393776276922599,-0.00346035433823929,-0.00329781042924869,-0.00291005404471788,-0.00272554380973481,-0.00251832552316515,-0.00196853621599396,-0.00158344291860595,-0.00129016653912198,-0.00110414749160224,-0.000980240686864748,-0.000560745813702068,-0.000351531723789145,-0.000815470979235244,-6.03174965034844e-05,-0.000270423904918356,-0.000342091888029183,-0.000317555397545086,-0.000344876772458929,-0.000387624188664428,1.57478872683765e-05,-0.000157670199534961,-8.17416757564137e-05,-6.73471892876559e-05,-8.62168153076388e-06,-0.000114368374530069,-5.5046425585041e-05,-0.000201030875945092,-5.935743113202e-05,0.000114215523221761,8.1567005037972e-05,-3.08127879247505e-05,-0.000147724150390228,0.000119390024035929,0.000124166402063553,0.000322033289911359,0.000111879211287216,-0.000277824835567249,7.48606815912428e-05,-8.76662464287709e-05,-0.000379595727297605,-0.000151894385319423,-0.000160942043620518,-0.000233198203719485,-0.000166746540226878,-0.000240053780539272,-0.000108410559957142,-8.00986694867012e-05,-4.39265798687574e-05,-0.000113526677568435,0.00021843725060973,2.73526150434267e-05
-0.00106705542464861,-0.000847053001016599,-0.0010085993532881,-0.000572153042963478,-0.000937156581437481,-0.00112951055768934,-0.000848719676766949,-0.00119818760526331,-0.00075936415120145,-0.000997890640843182,-0.00114858030110864,-0.00107723338738649,-0.00127715053746178,-0.00129102530143265,-0.00139253310736679,-0.00149822501742036,-0.00149709887032676,-0.00190457997062621,-0.00194345535623292,-0.00191482821189374,-0.0024046476720844,-0.00258943512472721,-0.00281581958160636,-0.00293902297323691,-0.0032434921308232,-0.00370633612239362,-0.00403139160923705,-0.00429479841717528,-0.00471489375814765,-0.00493049996882455,-0.00510330620392789,-0.00544784394771733,-0.00619459356258707,-0.00594901438800176,-0.00602458716330639,-0.00635723484117275,-0.00608923745248431,-0.00628178822012897,-0.0060601641210734,-0.00611555155705393,-0.00594380686491026,-0.00598399516888659,-0.00598439733611443,-0.00581538243394389,-0.00569384495074533,-0.00578177528710738,-0.00570637212106991,-0.00584089379745675,-0.00560961828795267,-0.0056554903430617,-0.00577706175526445,-0.00541439791159538,-0.00555247529554286,-0.00544391451126224,-0.00549039621096553,-0.00539561960077426,-0.005203865132287,-0.00538492372679553,-0.00547679143407005,-0.00515042708626465,-0.00507360633248804,-0.00515688239302528,-0.00491511577945621,-0.00476735366944722,-0.00462726321079633,-0.0043377246437179,-0.00467986468753134,-0.00406851976058574,-0.00389999950042301,-0.00368071061411287,-0.00328277931586001,-0.00288012002263932,-0.0029171814477395,-0.00235920492945512,-0.00218507225973783,-0.00171069771633896,-0.00162315712570397,-0.00125553383239653,-0.00106350161146211,-0.000700368290339073,-0.000410043799483369,-0.000341022935620763,-0.000523281832828493,-0.000324410610681487,-0.000350509254330172,-0.000263817939933837,-0.000168277792809225,8.54979954865871e-05,-7.74505446419797e-05,-0.000149476396502399,-0.000317818925081105,-0.000203666172850591,-2.77155076942008e-06,-0.000274810761417771,-6.12313238695956e-05,0.000179515869448762,0.000131163635078174,-0.000144986797902049,5.0720194702098e-06,-2.9297187231938e-05,2.20330883505998e-05,-0.000269352161412108,-8.82280529585793e-05,3.23755571509748e-05,-0.000340975204714909,0.000250148088225393,2.26069011445955e-05,8.1890802151314e-05,0.000153703678847658,0.000118992498236214,0.000203138090330978,2.58927199447953e-05,6.92552058371622e-05,-0.000177575828391895,-2.62510319701808e-05,-0.000158304680403429,0.000139464072178977,4.92364082027615e-05,6.06932621244221e-05,-0.000137978237867172,4.87814448524445e-05
-0.000762419697403645,-0.00110269994096414,-0.00086520707694728,-0.000731047924567303,-0.000758675200467428,-0.000671164116197975,-0.000950953903793584,-0.0011698238143599,-0.000935958362792501,-0.00110238327393764,-0.00110928553359258,-0.00108565934741616,-0.00106433260385852,-0.00114605081009296,-0.00119774513850595,-0.00165247105050737,-0.00184292142911598,-0.00146663884953008,-0.00177073949907795,-0.00185771529619228,-0.00206083074514194,-0.00212386993057546,-0.00260194516128681,-0.00270935898975033,-0.00325811934305254,-0.00350701726116211,-0.00394068747000903,-0.00394596900017816,-0.00417576959125204,-0.00480996865828183,-0.00494242835519246,-0.00502858385605629,-0.00517470729446803,-0.00559616533891204,-0.00585474185398104,-0.00580482831978492,-0.00571667515155926,-0.00568959313606866,-0.00568835684645807,-0.00537362634067489,-0.0056676615744578,-0.00537622718148908,-0.00558551361295805,-0.00537401058272036,-0.00552415788212779,-0.00548256893578027,-0.00539889681927583,-0.00534489471412785,-0.00548790928664822,-0.00547666609383809,-0.00509517596551378,-0.00512785665899974,-0.00537674430130333,-0.00529693004117836,-0.00542691345043109,-0.00543453984916068,-0.00511203240720646,-0.00522728089732062,-0.00490568214660225,-0.00505309837721292,-0.00454907447231164,-0.00473428760308,-0.00463590691760035,-0.00440552926243438,-0.00434080250283576,-0.00426388565180895,-0.00412217516277232,-0.0036579861825656,-0.00370732180592586,-0.00358791226712509,-0.00293533134949861,-0.00321298620453208,-0.00253552347770734,-0.00219667061348335,-0.00215831498768855,-0.00155053843151987,-0.00146502486377687,-0.00123118932749358,-0.00108732063092225,-0.000785378718079772,-0.000652751283202709,-0.000500152258086074,-0.000107857781038217,-0.000239882519346962,-0.000428997470559439,-0.000352363140211575,-0.000119874992591509,-0.000278914376400179,-0.000261347487289453,-0.000304403382467386,-3.38058066643458e-06,0.000250880846663253,6.97841930972469e-05,-4.04013772159109e-05,-0.000171814680761824,-0.000197455888297329,0.000231662536528927,-8.51733077152137e-05,3.01029815664297e-05,-5.54537800788931e-05,-0.000169319160074149,-0.000310785971943935,0.000219578802321583,-6.50254901239833e-05,0.000203370891775607,2.81265298944952e-05,-0.000241455749682288,-6.5014478088886e-05,-2.58768491866961e-05,5.43147952290685e-05,-0.000258771943153454,-6.963070863633e-05,-9.75289154735992e-05,-7.78795319936638e-05,0.000210251594641018,-0.000109362969574176,0.000148130949275443,0.00012028494784083,-3.70726867058025e-05,-0.000152570568266413,-4.46337199884087e-05
-0.000718307936122265,-0.00045240360818811,-0.000796974863526922,-0.000507478486672187,-0.000707160601996548,-0.000663987167237791,-0.000971943813091928,-0.000658519089150201,-0.000710988263107899,-0.000562466042229064,-0.000986211619013392,-0.00088061858110713,-0.00103080277660266,-0.00131534979905661,-0.0012472638679667,-0.00121944529317144,-0.00135923207008552,-0.00160001876801385,-0.00148124250866356,-0.00187032772903676,-0.00176795264471216,-0.00217731063631571,-0.00253843991807984,-0.00253742286271026,-0.00282858845445247,-0.00323076233371151,-0.0035975892032698,-0.00366900257077043,-0.00404134986806273,-0.00432978329635699,-0.00452065775900167,-0.00494821239645552,-0.00510164380841788,-0.00506664061907607,-0.00558065753292358,-0.00542202135042771,-0.00534444853357633,-0.00538249508266428,-0.00530286029448314,-0.00517195794383324,-0.00528223236770387,-0.00504825531312669,-0.00507661521368273,-0.00517222442894871,-0.00525531386655413,-0.00496885345785594,-0.00504248352541834,-0.005249091986415,-0.00503708939205054,-0.00527487561881056,-0.00505067871754858,-0.00496218940840534,-0.00508827476323238,-0.0050709210305251,-0.00501584729242012,-0.00494783682846164,-0.00465857918723395,-0.00475381539150465,-0.00455861236963096,-0.00476248426887736,-0.0045080073182252,-0.00457828779872115,-0.00440250935779826,-0.00419257192652023,-0.00409634198500676,-0.00401262502436529,-0.00402225070899519,-0.00346790308078067,-0.00371015600193557,-0.00330151918623911,-0.0028661825289322,-0.00304124934735528,-0.0026559059421054,-0.00216096813792644,-0.00225898708791872,-0.00148758608223756,-0.0013103353761269,-0.000980007786516938,-0.00105820320026695,-0.000713391530607112,-0.000662564933549006,-0.000261423447688743,-0.000208304245891454,-0.00017113318668959,-0.000426563372800348,-0.000107782202882418,3.8165160461379e-06,9.96706805542793e-05,-0.000117039926140141,-9.83014209629729e-05,0.000258594715711679,-0.000197503157411968,-0.000106175223994978,-2.36234294521958e-05,-9.44363729218339e-05,1.8570065173658e-05,-0.000367109903503307,-8.41922623818423e-05,-9.9416340388558e-05,-0.000266773336728778,7.22258037011062e-05,-0.000107278743464631,0.00011253200112935,-0.000297775148602673,-4.13147384220539e-05,0.000118682293758485,-5.09110172850642e-05,7.84291530061012e-05,-0.000154599970050915,1.32196886258229e-05,-6.38360054880637e-05,-1.319831761462e-05,-6.75564341441043e-05,0.000100169447955329,-9.08165955100834e-05,0.000105929522076302,2.15531889135896e-06,-5.34932626373831e-06,0.00018260860986341,-5.67917374391325e-05,-8.29334303516274e-05
-0.000478663791042595,-0.000746434906247136,-0.000587631378077928,-0.000840002254636729,-0.000902861374700897,-0.000619802145920111,-0.000726052125395746,-0.000837633943446172,-0.000852119851317801,-0.000811638781336044,-0.000735047290550132,-0.00107032554015073,-0.00109695754168879,-0.00093999747064653,-0.00102397818085981,-0.00129114930287247,-0.00129852117484889,-0.00153681726920188,-0.00150188856335456,-0.00166251658081919,-0.00154181344169104,-0.00191101408262578,-0.00237925072808414,-0.00239003783386413,-0.00240948399441445,-0.00292363968338187,-0.00282526467881084,-0.00361323932279776,-0.0034007973033749,-0.00401927588755923,-0.00439222188127237,-0.00413173256624775,-0.00470427512748662,-0.00478740768835117,-0.00487443388001401,-0.00497453593555338,-0.00496469256222575,-0.00474495411285931,-0.00503165660505542,-0.00477296075964175,-0.00479888049259776,-0.00500832214393912,-0.00494938767061148,-0.00493138753393321,-0.00473516013529019,-0.00462391521756449,-0.00482759736989454,-0.0048235122222475,-0.00481702753012357,-0.00483153042723343,-0.00474540964148551,-0.00460112839072617,-0.00462942192015461,-0.0045994384132786,-0.00458418639495861,-0.00475154709076471,-0.00453780423351564,-0.00457174594873234,-0.0043809982693383,-0.00435860673362925,-0.0042727395397086,-0.00414529799116367,-0.00396882257352224,-0.00400923454777902,-0.00394153888670877,-0.00371782750121112,-0.00355669643819144,-0.00375116156338171,-0.00321100934189523,-0.00308580333782145,-0.0030197776439113,-0.00259415627442398,-0.00226065745354781,-0.00225271084396589,-0.0018423548009758,-0.00156793343519434,-0.0011917009765755,-0.0010670315744269,-0.000911502422185453,-0.000640870213450439,-0.000378283592476034,-0.000359038964705142,-0.000232666405908487,-0.000396156306499856,-0.000419100380041437,-8.53592571888955e-05,0.000273264198648906,-8.25648333098961e-05,0.000201826641287898,7.27246708159069e-05,-0.000175723114194546,-7.75435430007215e-05,-0.000200055681042346,-7.30477337632596e-05,4.08317121512072e-05,-4.56279463246298e-05,-0.000121310340435831,-0.000363629714235915,-0.000139366613201531,5.24517786478615e-05,-0.000161942020234376,-0.000151676196932547,0.000172261201572058,-9.34041878374928e-07,-2.03473479357517e-05,0.000137334305932651,-0.000151659132528347,0.000192339109710478,-7.07291189361469e-05,-0.000231414394743066,3.69890958039558e-05,0.000131071943105871,6.92537934863528e-05,-6.20133558374967e-05,0.000130413602319943,-2.61602809488309e-05,0.000118557733704045,0.000146408672648254,-6.76715495950789e-05,-2.54744529604153e-05,-4.78665440679655e-05
-0.000393002512596058,-0.000712556997683979,-0.000667503047714965,-0.000476533788447683,-0.000675090130013849,-0.000761342419132174,-0.000737283977787175,-0.00090645621767646,-0.000941762789280958,-0.000797291432167147,-0.000893366174727037,-0.000698008327184914,-0.00106936007313284,-0.00093556206960823,-0.00125517388767474,-0.0012818942100607,-0.00118487933804397,-0.0012082838474063,-0.00157422843338665,-0.00154982016359356,-0.00181240783190674,-0.00160552625348331,-0.00186796410714321,-0.00210158596185749,-0.00230947058000568,-0.00269490659695032,-0.00276253299232961,-0.00300189071188436,-0.00357005331047259,-0.00359409556600008,-0.00377928251223831,-0.00388003121684892,-0.00429097382240925,-0.00450782661325094,-0.00455964526702453,-0.00477477864535991,-0.00455339425842599,-0.00440154364520718,-0.00455124542096996,-0.0043983620138788,-0.0044139866622493,-0.00468879440675002,-0.00456144820129138,-0.00446667105134018,-0.0044422622319188,-0.00424902004998807,-0.00445272352367595,-0.00446717697607044,-0.00432914906966043,-0.0044746706017367,-0.00440741729452995,-0.00423708634154445,-0.00431505560726026,-0.00444307164011561,-0.00411732540451744,-0.00416782413880381,-0.004164257652752,-0.00407315093968268,-0.00424827045805509,-0.00418900757780127,-0.00374594856749111,-0.00373614381901738,-0.00384054286720956,-0.0036447807753961,-0.00360741205257176,-0.0034660358389143,-0.00329685579481633,-0.00304659912816207,-0.00296023040825537,-0.00273927907438726,-0.00272995624590029,-0.00224821187828933,-0.00223154106083605,-0.00180301274863013,-0.00165665009955553,-0.0013541903344569,-0.000911050112558892,-0.00100820132864948,-0.000998277952642634,-0.000606281106104555,-0.000599193640848724,-0.000263828098209605,-0.000120433997254322,-2.07583347394489e-05,-7.99340124956675e-06,-9.83436182771715e-05,-3.03824134438726e-05,-0.000160901076489629,2.01216521323869e-05,8.37440069600265e-05,0.000117349000517991,7.05411072437097e-05,0.000143674215167683,-0.000146564285558612,0.000110856411276773,9.42376163865415e-05,-0.000119245974054837,0.000168184180645985,7.74980244049952e-05,0.000190748760775707,0.000103997588043909,-3.68701236921906e-05,-1.32249263509863e-05,-4.23345405255211e-05,7.30987230979216e-05,-1.58008114197339e-05,-0.000196483726528036,2.21305827556173e-05,-0.000238799666629383,-5.12557293417734e-05,-0.000133443733227267,0.000149445847213951,-9.40663667999288e-05,0.000145991095611426,0.000187094417729744,-7.02340047782044e-05,-2.93307567524674e-05,0.000122738078844396,5.05984316589002e-06,4.94940001970781e-05,-9.15309812582266e-05
-0.000687185482941528,-0.000610988795544893,-0.000542845023764668,-0.000756347624302575,-0.00046581614637312,-0.000732896515492525,-0.000706766365459164,-0.000679031171787728,-0.000431257386388744,-0.000789724829183958,-0.000985745313054595,-0.00083099085789799,-0.000508513164076424,-0.00079287782069255,-0.000919421006983109,-0.00104408917457548,-0.00109963571405462,-0.00107650731299173,-0.00135815080477243,-0.00120407062422283,-0.0013832293655435,-0.00138950291301819,-0.00181855053304059,-0.00223779681398608,-0.00212662147350776,-0.00257112484565826,-0.00245304585455588,-0.00283213331001814,-0.00301190915222627,-0.00329717840208908,-0.00324559272396531,-0.00362760363333134,-0.00369571215403625,-0.00400976217535927,-0.00417305934756315,-0.00424558204629603,-0.00440371910665477,-0.00415717714732471,-0.00411414615491013,-0.00424863161492374,-0.004166429228121,-0.00411948199786023,-0.00405780958726997,-0.00377598138587135,-0.00410737575733498,-0.00399382206055027,-0.00398560311606887,-0.00389572111307432,-0.00393582810068792,-0.00368954388797187,-0.00411932704362452,-0.00411486126937718,-0.00387357356588384,-0.00419537118727963,-0.00391736572095171,-0.00408870943870174,-0.00383382421520473,-0.00389621854161196,-0.00396128664177456,-0.00369948215316018,-0.00372276455029169,-0.00362906052248319,-0.00350775863487344,-0.00352853830153166,-0.00332639751511655,-0.00322876991281651,-0.00320959332035916,-0.00281076351270243,-0.00272047127217843,-0.00261578220115429,-0.00227591445379099,-0.00223466598309802,-0.00212804847220897,-0.00179203514937138,-0.00147827716318312,-0.00129013987123631,-0.00113094334564057,-0.000710854221636947,-0.000596773469821253,-0.000324436491051373,-0.00023825996223588,-0.00027066551064682,-1.54007730259681e-05,-5.43717002561129e-05,-0.000164066452306894,8.74230780812938e-05,-1.19034896032506e-05,-9.5628605932486e-06,-9.5297160044999e-06,-0.000125506511227054,1.89688031547374e-05,0.000114818552671464,-0.000221302515385911,-0.000116099652407551,9.10961989270194e-05,0.000152442267057644,7.50836439086403e-05,2.4204493304095e-05,-0.000101773039495522,-0.000259367496624192,-0.000129085354283057,1.52217584226467e-05,1.53594767636134e-05,-0.000103708375267706,4.66062286939154e-05,-0.000125366592656753,7.95790034188438e-05,-0.000271891938930689,-0.000114245879219155,4.32424438580531e-06,1.07484172279764e-05,-8.08807123632341e-05,3.28567897439475e-05,-0.000234856963756262,7.40052920717277e-05,-0.000163935353274177,4.13737443017203e-05,0.000277383670982356,-0.000122043337405184,0.000135443997989302,-4.13697518920591e-05
